ISO-10303-21;
HEADER;
/* Generated by software containing ST-Developer
 * from STEP Tools, Inc. (www.steptools.com) 
 */

FILE_DESCRIPTION(
/* description */ (''),
/* implementation_level */ '2;1');

FILE_NAME(
/* name */ 'CABIN.step',
/* time_stamp */ '2026-08-16T23:42:09+03:00',
/* author */ (''),
/* organization */ (''),
/* preprocessor_version */ 'ST-DEVELOPER v20.1',
/* originating_system */ 'Autodesk Translation Framework v15.8.0.0',
/* authorisation */ '');

FILE_SCHEMA (('AUTOMOTIVE_DESIGN { 1 0 10303 214 3 1 1 }'));
ENDSEC;

DATA;
#10=MECHANICAL_DESIGN_GEOMETRIC_PRESENTATION_REPRESENTATION('',(#349,#350,
#351,#352,#353,#354,#355,#356,#357,#358,#359,#360,#361,#362,#363,#364,#365,
#366,#367,#368,#369,#370,#371,#372,#373,#374,#375,#376,#377,#378,#379,#380,
#381,#382,#383,#384,#385,#386,#387,#388,#389),#11159);
#11=ITEM_DEFINED_TRANSFORMATION($,$,#6914,#7092);
#12=ITEM_DEFINED_TRANSFORMATION($,$,#6891,#7093);
#13=ITEM_DEFINED_TRANSFORMATION($,$,#6860,#7094);
#14=ITEM_DEFINED_TRANSFORMATION($,$,#6891,#7095);
#15=ITEM_DEFINED_TRANSFORMATION($,$,#6914,#7096);
#16=ITEM_DEFINED_TRANSFORMATION($,$,#6944,#7097);
#17=ITEM_DEFINED_TRANSFORMATION($,$,#6944,#7098);
#18=ITEM_DEFINED_TRANSFORMATION($,$,#6976,#7099);
#19=ITEM_DEFINED_TRANSFORMATION($,$,#6976,#7100);
#20=ITEM_DEFINED_TRANSFORMATION($,$,#6999,#7101);
#21=ITEM_DEFINED_TRANSFORMATION($,$,#7030,#7102);
#22=ITEM_DEFINED_TRANSFORMATION($,$,#7061,#7103);
#23=ITEM_DEFINED_TRANSFORMATION($,$,#7105,#7127);
#24=ITEM_DEFINED_TRANSFORMATION($,$,#7116,#7128);
#25=ITEM_DEFINED_TRANSFORMATION($,$,#7137,#7165);
#26=ITEM_DEFINED_TRANSFORMATION($,$,#7130,#7166);
#27=ITEM_DEFINED_TRANSFORMATION($,$,#7137,#7167);
#28=ITEM_DEFINED_TRANSFORMATION($,$,#7144,#7168);
#29=ITEM_DEFINED_TRANSFORMATION($,$,#7151,#7169);
#30=ITEM_DEFINED_TRANSFORMATION($,$,#7158,#7170);
#31=ITEM_DEFINED_TRANSFORMATION($,$,#7172,#7186);
#32=ITEM_DEFINED_TRANSFORMATION($,$,#7179,#7187);
#33=ITEM_DEFINED_TRANSFORMATION($,$,#7189,#7211);
#34=ITEM_DEFINED_TRANSFORMATION($,$,#7200,#7212);
#35=ITEM_DEFINED_TRANSFORMATION($,$,#7214,#7242);
#36=ITEM_DEFINED_TRANSFORMATION($,$,#7221,#7243);
#37=ITEM_DEFINED_TRANSFORMATION($,$,#7228,#7244);
#38=ITEM_DEFINED_TRANSFORMATION($,$,#7235,#7245);
#39=ITEM_DEFINED_TRANSFORMATION($,$,#7247,#7275);
#40=ITEM_DEFINED_TRANSFORMATION($,$,#7254,#7276);
#41=ITEM_DEFINED_TRANSFORMATION($,$,#7261,#7277);
#42=ITEM_DEFINED_TRANSFORMATION($,$,#7268,#7278);
#43=ITEM_DEFINED_TRANSFORMATION($,$,#7280,#7322);
#44=ITEM_DEFINED_TRANSFORMATION($,$,#7287,#7323);
#45=ITEM_DEFINED_TRANSFORMATION($,$,#7294,#7324);
#46=ITEM_DEFINED_TRANSFORMATION($,$,#7301,#7325);
#47=ITEM_DEFINED_TRANSFORMATION($,$,#7308,#7326);
#48=ITEM_DEFINED_TRANSFORMATION($,$,#7315,#7327);
#49=ITEM_DEFINED_TRANSFORMATION($,$,#7329,#7357);
#50=ITEM_DEFINED_TRANSFORMATION($,$,#7336,#7358);
#51=ITEM_DEFINED_TRANSFORMATION($,$,#7343,#7359);
#52=ITEM_DEFINED_TRANSFORMATION($,$,#7350,#7360);
#53=ITEM_DEFINED_TRANSFORMATION($,$,#7362,#7390);
#54=ITEM_DEFINED_TRANSFORMATION($,$,#7369,#7391);
#55=ITEM_DEFINED_TRANSFORMATION($,$,#7376,#7392);
#56=ITEM_DEFINED_TRANSFORMATION($,$,#7383,#7393);
#57=ITEM_DEFINED_TRANSFORMATION($,$,#6859,#7394);
#58=ITEM_DEFINED_TRANSFORMATION($,$,#7104,#7395);
#59=ITEM_DEFINED_TRANSFORMATION($,$,#7129,#7396);
#60=ITEM_DEFINED_TRANSFORMATION($,$,#7171,#7397);
#61=ITEM_DEFINED_TRANSFORMATION($,$,#7188,#7398);
#62=ITEM_DEFINED_TRANSFORMATION($,$,#7213,#7399);
#63=ITEM_DEFINED_TRANSFORMATION($,$,#7246,#7400);
#64=ITEM_DEFINED_TRANSFORMATION($,$,#7279,#7401);
#65=ITEM_DEFINED_TRANSFORMATION($,$,#7328,#7402);
#66=ITEM_DEFINED_TRANSFORMATION($,$,#7361,#7403);
#67=(
REPRESENTATION_RELATIONSHIP($,$,#11328,#11325)
REPRESENTATION_RELATIONSHIP_WITH_TRANSFORMATION(#11)
SHAPE_REPRESENTATION_RELATIONSHIP()
);
#68=(
REPRESENTATION_RELATIONSHIP($,$,#11327,#11325)
REPRESENTATION_RELATIONSHIP_WITH_TRANSFORMATION(#12)
SHAPE_REPRESENTATION_RELATIONSHIP()
);
#69=(
REPRESENTATION_RELATIONSHIP($,$,#11326,#11325)
REPRESENTATION_RELATIONSHIP_WITH_TRANSFORMATION(#13)
SHAPE_REPRESENTATION_RELATIONSHIP()
);
#70=(
REPRESENTATION_RELATIONSHIP($,$,#11327,#11325)
REPRESENTATION_RELATIONSHIP_WITH_TRANSFORMATION(#14)
SHAPE_REPRESENTATION_RELATIONSHIP()
);
#71=(
REPRESENTATION_RELATIONSHIP($,$,#11328,#11325)
REPRESENTATION_RELATIONSHIP_WITH_TRANSFORMATION(#15)
SHAPE_REPRESENTATION_RELATIONSHIP()
);
#72=(
REPRESENTATION_RELATIONSHIP($,$,#11329,#11325)
REPRESENTATION_RELATIONSHIP_WITH_TRANSFORMATION(#16)
SHAPE_REPRESENTATION_RELATIONSHIP()
);
#73=(
REPRESENTATION_RELATIONSHIP($,$,#11329,#11325)
REPRESENTATION_RELATIONSHIP_WITH_TRANSFORMATION(#17)
SHAPE_REPRESENTATION_RELATIONSHIP()
);
#74=(
REPRESENTATION_RELATIONSHIP($,$,#11330,#11325)
REPRESENTATION_RELATIONSHIP_WITH_TRANSFORMATION(#18)
SHAPE_REPRESENTATION_RELATIONSHIP()
);
#75=(
REPRESENTATION_RELATIONSHIP($,$,#11330,#11325)
REPRESENTATION_RELATIONSHIP_WITH_TRANSFORMATION(#19)
SHAPE_REPRESENTATION_RELATIONSHIP()
);
#76=(
REPRESENTATION_RELATIONSHIP($,$,#11331,#11325)
REPRESENTATION_RELATIONSHIP_WITH_TRANSFORMATION(#20)
SHAPE_REPRESENTATION_RELATIONSHIP()
);
#77=(
REPRESENTATION_RELATIONSHIP($,$,#11332,#11325)
REPRESENTATION_RELATIONSHIP_WITH_TRANSFORMATION(#21)
SHAPE_REPRESENTATION_RELATIONSHIP()
);
#78=(
REPRESENTATION_RELATIONSHIP($,$,#11333,#11325)
REPRESENTATION_RELATIONSHIP_WITH_TRANSFORMATION(#22)
SHAPE_REPRESENTATION_RELATIONSHIP()
);
#79=(
REPRESENTATION_RELATIONSHIP($,$,#11335,#11334)
REPRESENTATION_RELATIONSHIP_WITH_TRANSFORMATION(#23)
SHAPE_REPRESENTATION_RELATIONSHIP()
);
#80=(
REPRESENTATION_RELATIONSHIP($,$,#11336,#11334)
REPRESENTATION_RELATIONSHIP_WITH_TRANSFORMATION(#24)
SHAPE_REPRESENTATION_RELATIONSHIP()
);
#81=(
REPRESENTATION_RELATIONSHIP($,$,#11339,#11337)
REPRESENTATION_RELATIONSHIP_WITH_TRANSFORMATION(#25)
SHAPE_REPRESENTATION_RELATIONSHIP()
);
#82=(
REPRESENTATION_RELATIONSHIP($,$,#11338,#11337)
REPRESENTATION_RELATIONSHIP_WITH_TRANSFORMATION(#26)
SHAPE_REPRESENTATION_RELATIONSHIP()
);
#83=(
REPRESENTATION_RELATIONSHIP($,$,#11339,#11337)
REPRESENTATION_RELATIONSHIP_WITH_TRANSFORMATION(#27)
SHAPE_REPRESENTATION_RELATIONSHIP()
);
#84=(
REPRESENTATION_RELATIONSHIP($,$,#11340,#11337)
REPRESENTATION_RELATIONSHIP_WITH_TRANSFORMATION(#28)
SHAPE_REPRESENTATION_RELATIONSHIP()
);
#85=(
REPRESENTATION_RELATIONSHIP($,$,#11341,#11337)
REPRESENTATION_RELATIONSHIP_WITH_TRANSFORMATION(#29)
SHAPE_REPRESENTATION_RELATIONSHIP()
);
#86=(
REPRESENTATION_RELATIONSHIP($,$,#11342,#11337)
REPRESENTATION_RELATIONSHIP_WITH_TRANSFORMATION(#30)
SHAPE_REPRESENTATION_RELATIONSHIP()
);
#87=(
REPRESENTATION_RELATIONSHIP($,$,#11344,#11343)
REPRESENTATION_RELATIONSHIP_WITH_TRANSFORMATION(#31)
SHAPE_REPRESENTATION_RELATIONSHIP()
);
#88=(
REPRESENTATION_RELATIONSHIP($,$,#11345,#11343)
REPRESENTATION_RELATIONSHIP_WITH_TRANSFORMATION(#32)
SHAPE_REPRESENTATION_RELATIONSHIP()
);
#89=(
REPRESENTATION_RELATIONSHIP($,$,#11347,#11346)
REPRESENTATION_RELATIONSHIP_WITH_TRANSFORMATION(#33)
SHAPE_REPRESENTATION_RELATIONSHIP()
);
#90=(
REPRESENTATION_RELATIONSHIP($,$,#11348,#11346)
REPRESENTATION_RELATIONSHIP_WITH_TRANSFORMATION(#34)
SHAPE_REPRESENTATION_RELATIONSHIP()
);
#91=(
REPRESENTATION_RELATIONSHIP($,$,#11350,#11349)
REPRESENTATION_RELATIONSHIP_WITH_TRANSFORMATION(#35)
SHAPE_REPRESENTATION_RELATIONSHIP()
);
#92=(
REPRESENTATION_RELATIONSHIP($,$,#11351,#11349)
REPRESENTATION_RELATIONSHIP_WITH_TRANSFORMATION(#36)
SHAPE_REPRESENTATION_RELATIONSHIP()
);
#93=(
REPRESENTATION_RELATIONSHIP($,$,#11352,#11349)
REPRESENTATION_RELATIONSHIP_WITH_TRANSFORMATION(#37)
SHAPE_REPRESENTATION_RELATIONSHIP()
);
#94=(
REPRESENTATION_RELATIONSHIP($,$,#11353,#11349)
REPRESENTATION_RELATIONSHIP_WITH_TRANSFORMATION(#38)
SHAPE_REPRESENTATION_RELATIONSHIP()
);
#95=(
REPRESENTATION_RELATIONSHIP($,$,#11355,#11354)
REPRESENTATION_RELATIONSHIP_WITH_TRANSFORMATION(#39)
SHAPE_REPRESENTATION_RELATIONSHIP()
);
#96=(
REPRESENTATION_RELATIONSHIP($,$,#11356,#11354)
REPRESENTATION_RELATIONSHIP_WITH_TRANSFORMATION(#40)
SHAPE_REPRESENTATION_RELATIONSHIP()
);
#97=(
REPRESENTATION_RELATIONSHIP($,$,#11357,#11354)
REPRESENTATION_RELATIONSHIP_WITH_TRANSFORMATION(#41)
SHAPE_REPRESENTATION_RELATIONSHIP()
);
#98=(
REPRESENTATION_RELATIONSHIP($,$,#11358,#11354)
REPRESENTATION_RELATIONSHIP_WITH_TRANSFORMATION(#42)
SHAPE_REPRESENTATION_RELATIONSHIP()
);
#99=(
REPRESENTATION_RELATIONSHIP($,$,#11360,#11359)
REPRESENTATION_RELATIONSHIP_WITH_TRANSFORMATION(#43)
SHAPE_REPRESENTATION_RELATIONSHIP()
);
#100=(
REPRESENTATION_RELATIONSHIP($,$,#11361,#11359)
REPRESENTATION_RELATIONSHIP_WITH_TRANSFORMATION(#44)
SHAPE_REPRESENTATION_RELATIONSHIP()
);
#101=(
REPRESENTATION_RELATIONSHIP($,$,#11362,#11359)
REPRESENTATION_RELATIONSHIP_WITH_TRANSFORMATION(#45)
SHAPE_REPRESENTATION_RELATIONSHIP()
);
#102=(
REPRESENTATION_RELATIONSHIP($,$,#11363,#11359)
REPRESENTATION_RELATIONSHIP_WITH_TRANSFORMATION(#46)
SHAPE_REPRESENTATION_RELATIONSHIP()
);
#103=(
REPRESENTATION_RELATIONSHIP($,$,#11364,#11359)
REPRESENTATION_RELATIONSHIP_WITH_TRANSFORMATION(#47)
SHAPE_REPRESENTATION_RELATIONSHIP()
);
#104=(
REPRESENTATION_RELATIONSHIP($,$,#11365,#11359)
REPRESENTATION_RELATIONSHIP_WITH_TRANSFORMATION(#48)
SHAPE_REPRESENTATION_RELATIONSHIP()
);
#105=(
REPRESENTATION_RELATIONSHIP($,$,#11367,#11366)
REPRESENTATION_RELATIONSHIP_WITH_TRANSFORMATION(#49)
SHAPE_REPRESENTATION_RELATIONSHIP()
);
#106=(
REPRESENTATION_RELATIONSHIP($,$,#11368,#11366)
REPRESENTATION_RELATIONSHIP_WITH_TRANSFORMATION(#50)
SHAPE_REPRESENTATION_RELATIONSHIP()
);
#107=(
REPRESENTATION_RELATIONSHIP($,$,#11369,#11366)
REPRESENTATION_RELATIONSHIP_WITH_TRANSFORMATION(#51)
SHAPE_REPRESENTATION_RELATIONSHIP()
);
#108=(
REPRESENTATION_RELATIONSHIP($,$,#11370,#11366)
REPRESENTATION_RELATIONSHIP_WITH_TRANSFORMATION(#52)
SHAPE_REPRESENTATION_RELATIONSHIP()
);
#109=(
REPRESENTATION_RELATIONSHIP($,$,#11372,#11371)
REPRESENTATION_RELATIONSHIP_WITH_TRANSFORMATION(#53)
SHAPE_REPRESENTATION_RELATIONSHIP()
);
#110=(
REPRESENTATION_RELATIONSHIP($,$,#11373,#11371)
REPRESENTATION_RELATIONSHIP_WITH_TRANSFORMATION(#54)
SHAPE_REPRESENTATION_RELATIONSHIP()
);
#111=(
REPRESENTATION_RELATIONSHIP($,$,#11374,#11371)
REPRESENTATION_RELATIONSHIP_WITH_TRANSFORMATION(#55)
SHAPE_REPRESENTATION_RELATIONSHIP()
);
#112=(
REPRESENTATION_RELATIONSHIP($,$,#11375,#11371)
REPRESENTATION_RELATIONSHIP_WITH_TRANSFORMATION(#56)
SHAPE_REPRESENTATION_RELATIONSHIP()
);
#113=(
REPRESENTATION_RELATIONSHIP($,$,#11325,#11324)
REPRESENTATION_RELATIONSHIP_WITH_TRANSFORMATION(#57)
SHAPE_REPRESENTATION_RELATIONSHIP()
);
#114=(
REPRESENTATION_RELATIONSHIP($,$,#11334,#11324)
REPRESENTATION_RELATIONSHIP_WITH_TRANSFORMATION(#58)
SHAPE_REPRESENTATION_RELATIONSHIP()
);
#115=(
REPRESENTATION_RELATIONSHIP($,$,#11337,#11324)
REPRESENTATION_RELATIONSHIP_WITH_TRANSFORMATION(#59)
SHAPE_REPRESENTATION_RELATIONSHIP()
);
#116=(
REPRESENTATION_RELATIONSHIP($,$,#11343,#11324)
REPRESENTATION_RELATIONSHIP_WITH_TRANSFORMATION(#60)
SHAPE_REPRESENTATION_RELATIONSHIP()
);
#117=(
REPRESENTATION_RELATIONSHIP($,$,#11346,#11324)
REPRESENTATION_RELATIONSHIP_WITH_TRANSFORMATION(#61)
SHAPE_REPRESENTATION_RELATIONSHIP()
);
#118=(
REPRESENTATION_RELATIONSHIP($,$,#11349,#11324)
REPRESENTATION_RELATIONSHIP_WITH_TRANSFORMATION(#62)
SHAPE_REPRESENTATION_RELATIONSHIP()
);
#119=(
REPRESENTATION_RELATIONSHIP($,$,#11354,#11324)
REPRESENTATION_RELATIONSHIP_WITH_TRANSFORMATION(#63)
SHAPE_REPRESENTATION_RELATIONSHIP()
);
#120=(
REPRESENTATION_RELATIONSHIP($,$,#11359,#11324)
REPRESENTATION_RELATIONSHIP_WITH_TRANSFORMATION(#64)
SHAPE_REPRESENTATION_RELATIONSHIP()
);
#121=(
REPRESENTATION_RELATIONSHIP($,$,#11366,#11324)
REPRESENTATION_RELATIONSHIP_WITH_TRANSFORMATION(#65)
SHAPE_REPRESENTATION_RELATIONSHIP()
);
#122=(
REPRESENTATION_RELATIONSHIP($,$,#11371,#11324)
REPRESENTATION_RELATIONSHIP_WITH_TRANSFORMATION(#66)
SHAPE_REPRESENTATION_RELATIONSHIP()
);
#123=CONTEXT_DEPENDENT_SHAPE_REPRESENTATION(#67,#11226);
#124=CONTEXT_DEPENDENT_SHAPE_REPRESENTATION(#68,#11227);
#125=CONTEXT_DEPENDENT_SHAPE_REPRESENTATION(#69,#11228);
#126=CONTEXT_DEPENDENT_SHAPE_REPRESENTATION(#70,#11229);
#127=CONTEXT_DEPENDENT_SHAPE_REPRESENTATION(#71,#11230);
#128=CONTEXT_DEPENDENT_SHAPE_REPRESENTATION(#72,#11231);
#129=CONTEXT_DEPENDENT_SHAPE_REPRESENTATION(#73,#11232);
#130=CONTEXT_DEPENDENT_SHAPE_REPRESENTATION(#74,#11233);
#131=CONTEXT_DEPENDENT_SHAPE_REPRESENTATION(#75,#11234);
#132=CONTEXT_DEPENDENT_SHAPE_REPRESENTATION(#76,#11235);
#133=CONTEXT_DEPENDENT_SHAPE_REPRESENTATION(#77,#11236);
#134=CONTEXT_DEPENDENT_SHAPE_REPRESENTATION(#78,#11237);
#135=CONTEXT_DEPENDENT_SHAPE_REPRESENTATION(#79,#11241);
#136=CONTEXT_DEPENDENT_SHAPE_REPRESENTATION(#80,#11242);
#137=CONTEXT_DEPENDENT_SHAPE_REPRESENTATION(#81,#11249);
#138=CONTEXT_DEPENDENT_SHAPE_REPRESENTATION(#82,#11250);
#139=CONTEXT_DEPENDENT_SHAPE_REPRESENTATION(#83,#11251);
#140=CONTEXT_DEPENDENT_SHAPE_REPRESENTATION(#84,#11252);
#141=CONTEXT_DEPENDENT_SHAPE_REPRESENTATION(#85,#11253);
#142=CONTEXT_DEPENDENT_SHAPE_REPRESENTATION(#86,#11254);
#143=CONTEXT_DEPENDENT_SHAPE_REPRESENTATION(#87,#11258);
#144=CONTEXT_DEPENDENT_SHAPE_REPRESENTATION(#88,#11259);
#145=CONTEXT_DEPENDENT_SHAPE_REPRESENTATION(#89,#11263);
#146=CONTEXT_DEPENDENT_SHAPE_REPRESENTATION(#90,#11264);
#147=CONTEXT_DEPENDENT_SHAPE_REPRESENTATION(#91,#11270);
#148=CONTEXT_DEPENDENT_SHAPE_REPRESENTATION(#92,#11271);
#149=CONTEXT_DEPENDENT_SHAPE_REPRESENTATION(#93,#11272);
#150=CONTEXT_DEPENDENT_SHAPE_REPRESENTATION(#94,#11273);
#151=CONTEXT_DEPENDENT_SHAPE_REPRESENTATION(#95,#11279);
#152=CONTEXT_DEPENDENT_SHAPE_REPRESENTATION(#96,#11280);
#153=CONTEXT_DEPENDENT_SHAPE_REPRESENTATION(#97,#11281);
#154=CONTEXT_DEPENDENT_SHAPE_REPRESENTATION(#98,#11282);
#155=CONTEXT_DEPENDENT_SHAPE_REPRESENTATION(#99,#11290);
#156=CONTEXT_DEPENDENT_SHAPE_REPRESENTATION(#100,#11291);
#157=CONTEXT_DEPENDENT_SHAPE_REPRESENTATION(#101,#11292);
#158=CONTEXT_DEPENDENT_SHAPE_REPRESENTATION(#102,#11293);
#159=CONTEXT_DEPENDENT_SHAPE_REPRESENTATION(#103,#11294);
#160=CONTEXT_DEPENDENT_SHAPE_REPRESENTATION(#104,#11295);
#161=CONTEXT_DEPENDENT_SHAPE_REPRESENTATION(#105,#11301);
#162=CONTEXT_DEPENDENT_SHAPE_REPRESENTATION(#106,#11302);
#163=CONTEXT_DEPENDENT_SHAPE_REPRESENTATION(#107,#11303);
#164=CONTEXT_DEPENDENT_SHAPE_REPRESENTATION(#108,#11304);
#165=CONTEXT_DEPENDENT_SHAPE_REPRESENTATION(#109,#11310);
#166=CONTEXT_DEPENDENT_SHAPE_REPRESENTATION(#110,#11311);
#167=CONTEXT_DEPENDENT_SHAPE_REPRESENTATION(#111,#11312);
#168=CONTEXT_DEPENDENT_SHAPE_REPRESENTATION(#112,#11313);
#169=CONTEXT_DEPENDENT_SHAPE_REPRESENTATION(#113,#11314);
#170=CONTEXT_DEPENDENT_SHAPE_REPRESENTATION(#114,#11315);
#171=CONTEXT_DEPENDENT_SHAPE_REPRESENTATION(#115,#11316);
#172=CONTEXT_DEPENDENT_SHAPE_REPRESENTATION(#116,#11317);
#173=CONTEXT_DEPENDENT_SHAPE_REPRESENTATION(#117,#11318);
#174=CONTEXT_DEPENDENT_SHAPE_REPRESENTATION(#118,#11319);
#175=CONTEXT_DEPENDENT_SHAPE_REPRESENTATION(#119,#11320);
#176=CONTEXT_DEPENDENT_SHAPE_REPRESENTATION(#120,#11321);
#177=CONTEXT_DEPENDENT_SHAPE_REPRESENTATION(#121,#11322);
#178=CONTEXT_DEPENDENT_SHAPE_REPRESENTATION(#122,#11323);
#179=NEXT_ASSEMBLY_USAGE_OCCURRENCE('\X2\042804320435043B043B04350440\X0\ 
6000:1','\X2\042804320435043B043B04350440\X0\ 6000:1',
'\X2\042804320435043B043B04350440\X0\ 6000:1',#11378,#11381,
'\X2\042804320435043B043B04350440\X0\ 6000:1');
#180=NEXT_ASSEMBLY_USAGE_OCCURRENCE('\X2\042804320435043B043B04350440\X0\ 
2400:1','\X2\042804320435043B043B04350440\X0\ 2400:1',
'\X2\042804320435043B043B04350440\X0\ 2400:1',#11378,#11380,
'\X2\042804320435043B043B04350440\X0\ 2400:1');
#181=NEXT_ASSEMBLY_USAGE_OCCURRENCE('\X2\04230433043E043B043E043A\X0\ 
20\X2\0445\X0\90\X2\0445\X0\90\X2\0445\X0\20\X2\0445\X0\3:1',
'\X2\04230433043E043B043E043A\X0\ 20\X2\0445\X0\90\X2\0445\X0\90\X2\0445\X0\2
0\X2\0445\X0\3:1','\X2\04230433043E043B043E043A\X0\ 20\X2\0445\X0\90\X2\0445\X0\9
0\X2\0445\X0\20\X2\0445\X0\3:1',#11378,#11379,
'\X2\04230433043E043B043E043A\X0\ 20\X2\0445\X0\90\X2\0445\X0\90\X2\0445\X0\2
0\X2\0445\X0\3:1');
#182=NEXT_ASSEMBLY_USAGE_OCCURRENCE('\X2\042804320435043B043B04350440\X0\ 
2400:2','\X2\042804320435043B043B04350440\X0\ 2400:2',
'\X2\042804320435043B043B04350440\X0\ 2400:2',#11378,#11380,
'\X2\042804320435043B043B04350440\X0\ 2400:2');
#183=NEXT_ASSEMBLY_USAGE_OCCURRENCE('\X2\042804320435043B043B04350440\X0\ 
6000:2','\X2\042804320435043B043B04350440\X0\ 6000:2',
'\X2\042804320435043B043B04350440\X0\ 6000:2',#11378,#11381,
'\X2\042804320435043B043B04350440\X0\ 6000:2');
#184=NEXT_ASSEMBLY_USAGE_OCCURRENCE('\X2\042804320435043B043B04350440\X0\ 
6000(Mirror):1','\X2\042804320435043B043B04350440\X0\ 6000(Mirror):1',
'\X2\042804320435043B043B04350440\X0\ 6000(Mirror):1',#11378,#11382,
'\X2\042804320435043B043B04350440\X0\ 6000(Mirror):1');
#185=NEXT_ASSEMBLY_USAGE_OCCURRENCE('\X2\042804320435043B043B04350440\X0\ 
6000(Mirror):2','\X2\042804320435043B043B04350440\X0\ 6000(Mirror):2',
'\X2\042804320435043B043B04350440\X0\ 6000(Mirror):2',#11378,#11382,
'\X2\042804320435043B043B04350440\X0\ 6000(Mirror):2');
#186=NEXT_ASSEMBLY_USAGE_OCCURRENCE('\X2\042804320435043B043B04350440\X0\ 
2400(Mirror):1','\X2\042804320435043B043B04350440\X0\ 2400(Mirror):1',
'\X2\042804320435043B043B04350440\X0\ 2400(Mirror):1',#11378,#11383,
'\X2\042804320435043B043B04350440\X0\ 2400(Mirror):1');
#187=NEXT_ASSEMBLY_USAGE_OCCURRENCE('\X2\042804320435043B043B04350440\X0\ 
2400(Mirror):2','\X2\042804320435043B043B04350440\X0\ 2400(Mirror):2',
'\X2\042804320435043B043B04350440\X0\ 2400(Mirror):2',#11378,#11383,
'\X2\042804320435043B043B04350440\X0\ 2400(Mirror):2');
#188=NEXT_ASSEMBLY_USAGE_OCCURRENCE(
'\X2\04230433043E043B043E043A\X0\ 20\X2\0445\X0\90\X2\0445\X0\90\X2\0445\X0\2
0\X2\0445\X0\3(Mirror):1','\X2\04230433043E043B043E043A\X0\ 20\X2\0445\X0\9
0\X2\0445\X0\90\X2\0445\X0\20\X2\0445\X0\3(Mirror):1',
'\X2\04230433043E043B043E043A\X0\ 20\X2\0445\X0\90\X2\0445\X0\90\X2\0445\X0\2
0\X2\0445\X0\3(Mirror):1',#11378,#11384,
'\X2\04230433043E043B043E043A\X0\ 20\X2\0445\X0\90\X2\0445\X0\90\X2\0445\X0\2
0\X2\0445\X0\3(Mirror):1');
#189=NEXT_ASSEMBLY_USAGE_OCCURRENCE(
'\X2\04230433043E043B043E043A\X0\ 20\X2\0445\X0\90\X2\0445\X0\90\X2\0445\X0\2
0\X2\0445\X0\3(Mirror) (1):1',
'\X2\04230433043E043B043E043A\X0\ 20\X2\0445\X0\90\X2\0445\X0\90\X2\0445\X0\2
0\X2\0445\X0\3(Mirror) (1):1',
'\X2\04230433043E043B043E043A\X0\ 20\X2\0445\X0\90\X2\0445\X0\90\X2\0445\X0\2
0\X2\0445\X0\3(Mirror) (1):1',#11378,#11385,
'\X2\04230433043E043B043E043A\X0\ 20\X2\0445\X0\90\X2\0445\X0\90\X2\0445\X0\2
0\X2\0445\X0\3(Mirror) (1):1');
#190=NEXT_ASSEMBLY_USAGE_OCCURRENCE(
'\X2\04230433043E043B043E043A\X0\ 20\X2\0445\X0\90\X2\0445\X0\90\X2\0445\X0\2
0\X2\0445\X0\3(Mirror)(Mirror):1',
'\X2\04230433043E043B043E043A\X0\ 20\X2\0445\X0\90\X2\0445\X0\90\X2\0445\X0\2
0\X2\0445\X0\3(Mirror)(Mirror):1',
'\X2\04230433043E043B043E043A\X0\ 20\X2\0445\X0\90\X2\0445\X0\90\X2\0445\X0\2
0\X2\0445\X0\3(Mirror)(Mirror):1',#11378,#11386,
'\X2\04230433043E043B043E043A\X0\ 20\X2\0445\X0\90\X2\0445\X0\90\X2\0445\X0\2
0\X2\0445\X0\3(Mirror)(Mirror):1');
#191=NEXT_ASSEMBLY_USAGE_OCCURRENCE('\X2\0414043E0441043A0430\X0\ 50\X2\0445\X0\1
00\X2\0445\X0\2390:1','\X2\0414043E0441043A0430\X0\ 50\X2\0445\X0\100\X2\0445\X0\2
390:1','\X2\0414043E0441043A0430\X0\ 50\X2\0445\X0\100\X2\0445\X0\2390
:1',#11387,#11388,'\X2\0414043E0441043A0430\X0\ 50\X2\0445\X0\100\X2\0445\X0\2
390:1');
#192=NEXT_ASSEMBLY_USAGE_OCCURRENCE(
'\X2\0414043E0441043A0430\X0\ 50\X2\0445\X0\100\X2\0445\X0\2390(Mirror
) (2):1','\X2\0414043E0441043A0430\X0\ 50\X2\0445\X0\100\X2\0445\X0\23
90(Mirror) (2):1','\X2\0414043E0441043A0430\X0\ 50\X2\0445\X0\100\X2\0445\X0\2
390(Mirror) (2):1',#11387,#11389,
'\X2\0414043E0441043A0430\X0\ 50\X2\0445\X0\100\X2\0445\X0\2390(Mirror
) (2):1');
#193=NEXT_ASSEMBLY_USAGE_OCCURRENCE('\X2\0414043E0441043A0430\X0\ 25\X2\0445\X0\1
00\X2\0445\X0\5930:1','\X2\0414043E0441043A0430\X0\ 25\X2\0445\X0\100\X2\0445\X0\5
930:1','\X2\0414043E0441043A0430\X0\ 25\X2\0445\X0\100\X2\0445\X0\5930
:1',#11390,#11392,'\X2\0414043E0441043A0430\X0\ 25\X2\0445\X0\100\X2\0445\X0\5
930:1');
#194=NEXT_ASSEMBLY_USAGE_OCCURRENCE(
'\X2\0414043E0441043A0430\X0\ 25\X2\0445\X0\100\X2\0445\X0\5930(Mirror
) (2):1','\X2\0414043E0441043A0430\X0\ 25\X2\0445\X0\100\X2\0445\X0\59
30(Mirror) (2):1','\X2\0414043E0441043A0430\X0\ 25\X2\0445\X0\100\X2\0445\X0\5
930(Mirror) (2):1',#11390,#11391,
'\X2\0414043E0441043A0430\X0\ 25\X2\0445\X0\100\X2\0445\X0\5930(Mirror
) (2):1');
#195=NEXT_ASSEMBLY_USAGE_OCCURRENCE('\X2\0414043E0441043A0430\X0\ 25\X2\0445\X0\1
00\X2\0445\X0\5930:11','\X2\0414043E0441043A0430\X0\ 25\X2\0445\X0\100
\X2\0445\X0\5930:11','\X2\0414043E0441043A0430\X0\ 25\X2\0445\X0\100\X2\0445\X0\5
930:11',#11390,#11392,'\X2\0414043E0441043A0430\X0\ 25\X2\0445\X0\100\X2\0445\X0\5
930:11');
#196=NEXT_ASSEMBLY_USAGE_OCCURRENCE(
'\X2\0414043E0441043A0430\X0\ 25\X2\0445\X0\100\X2\0445\X0\5930(Mirror
) (3):1','\X2\0414043E0441043A0430\X0\ 25\X2\0445\X0\100\X2\0445\X0\59
30(Mirror) (3):1','\X2\0414043E0441043A0430\X0\ 25\X2\0445\X0\100\X2\0445\X0\5
930(Mirror) (3):1',#11390,#11393,
'\X2\0414043E0441043A0430\X0\ 25\X2\0445\X0\100\X2\0445\X0\5930(Mirror
) (3):1');
#197=NEXT_ASSEMBLY_USAGE_OCCURRENCE(
'\X2\0414043E0441043A0430\X0\ 25\X2\0445\X0\100\X2\0445\X0\5930(Mirror
) (4):1','\X2\0414043E0441043A0430\X0\ 25\X2\0445\X0\100\X2\0445\X0\59
30(Mirror) (4):1','\X2\0414043E0441043A0430\X0\ 25\X2\0445\X0\100\X2\0445\X0\5
930(Mirror) (4):1',#11390,#11394,
'\X2\0414043E0441043A0430\X0\ 25\X2\0445\X0\100\X2\0445\X0\5930(Mirror
) (4):1');
#198=NEXT_ASSEMBLY_USAGE_OCCURRENCE(
'\X2\0414043E0441043A0430\X0\ 25\X2\0445\X0\100\X2\0445\X0\5930(Mirror
) (3)(Mirror):1','\X2\0414043E0441043A0430\X0\ 25\X2\0445\X0\100\X2\0445\X0\5
930(Mirror) (3)(Mirror):1',
'\X2\0414043E0441043A0430\X0\ 25\X2\0445\X0\100\X2\0445\X0\5930(Mirror
) (3)(Mirror):1',#11390,#11395,
'\X2\0414043E0441043A0430\X0\ 25\X2\0445\X0\100\X2\0445\X0\5930(Mirror
) (3)(Mirror):1');
#199=NEXT_ASSEMBLY_USAGE_OCCURRENCE(
'\X2\0414043E0441043A0430\X0\ 25\X2\0445\X0\100\X2\0445\X0\5930(Mirror
) (1):1','\X2\0414043E0441043A0430\X0\ 25\X2\0445\X0\100\X2\0445\X0\59
30(Mirror) (1):1','\X2\0414043E0441043A0430\X0\ 25\X2\0445\X0\100\X2\0445\X0\5
930(Mirror) (1):1',#11396,#11397,
'\X2\0414043E0441043A0430\X0\ 25\X2\0445\X0\100\X2\0445\X0\5930(Mirror
) (1):1');
#200=NEXT_ASSEMBLY_USAGE_OCCURRENCE(
'\X2\0414043E0441043A0430\X0\ 25\X2\0445\X0\100\X2\0445\X0\5930(Mirror
) (1)(Mirror):1','\X2\0414043E0441043A0430\X0\ 25\X2\0445\X0\100\X2\0445\X0\5
930(Mirror) (1)(Mirror):1',
'\X2\0414043E0441043A0430\X0\ 25\X2\0445\X0\100\X2\0445\X0\5930(Mirror
) (1)(Mirror):1',#11396,#11398,
'\X2\0414043E0441043A0430\X0\ 25\X2\0445\X0\100\X2\0445\X0\5930(Mirror
) (1)(Mirror):1');
#201=NEXT_ASSEMBLY_USAGE_OCCURRENCE(
'\X2\0414043E0441043A0430\X0\ 50\X2\0445\X0\100\X2\0445\X0\2390(Mirror
) (3):1','\X2\0414043E0441043A0430\X0\ 50\X2\0445\X0\100\X2\0445\X0\23
90(Mirror) (3):1','\X2\0414043E0441043A0430\X0\ 50\X2\0445\X0\100\X2\0445\X0\2
390(Mirror) (3):1',#11399,#11400,
'\X2\0414043E0441043A0430\X0\ 50\X2\0445\X0\100\X2\0445\X0\2390(Mirror
) (3):1');
#202=NEXT_ASSEMBLY_USAGE_OCCURRENCE(
'\X2\0414043E0441043A0430\X0\ 50\X2\0445\X0\100\X2\0445\X0\2390(Mirror
) (2)(Mirror):1','\X2\0414043E0441043A0430\X0\ 50\X2\0445\X0\100\X2\0445\X0\2
390(Mirror) (2)(Mirror):1',
'\X2\0414043E0441043A0430\X0\ 50\X2\0445\X0\100\X2\0445\X0\2390(Mirror
) (2)(Mirror):1',#11399,#11401,
'\X2\0414043E0441043A0430\X0\ 50\X2\0445\X0\100\X2\0445\X0\2390(Mirror
) (2)(Mirror):1');
#203=NEXT_ASSEMBLY_USAGE_OCCURRENCE('\X2\0414043E0441043A0430\X0\ 25\X2\0445\X0\1
00\X2\0445\X0\2300:1','\X2\0414043E0441043A0430\X0\ 25\X2\0445\X0\100\X2\0445\X0\2
300:1','\X2\0414043E0441043A0430\X0\ 25\X2\0445\X0\100\X2\0445\X0\2300
:1',#11402,#11403,'\X2\0414043E0441043A0430\X0\ 25\X2\0445\X0\100\X2\0445\X0\2
300:1');
#204=NEXT_ASSEMBLY_USAGE_OCCURRENCE(
'\X2\0414043E0441043A0430\X0\ \X2\04320435044004420438043A0430043B044C043D0430044F\X0\ 
40\X2\0445\X0\100\X2\0445\X0\2090:1',
'\X2\0414043E0441043A0430\X0\ \X2\04320435044004420438043A0430043B044C043D0430044F\X0\ 
40\X2\0445\X0\100\X2\0445\X0\2090:1',
'\X2\0414043E0441043A0430\X0\ \X2\04320435044004420438043A0430043B044C043D0430044F\X0\ 
40\X2\0445\X0\100\X2\0445\X0\2090:1',#11402,#11404,
'\X2\0414043E0441043A0430\X0\ \X2\04320435044004420438043A0430043B044C043D0430044F\X0\ 
40\X2\0445\X0\100\X2\0445\X0\2090:1');
#205=NEXT_ASSEMBLY_USAGE_OCCURRENCE(
'\X2\0414043E0441043A0430\X0\ 25\X2\0445\X0\100\X2\0445\X0\2300(Mirror
):1','\X2\0414043E0441043A0430\X0\ 25\X2\0445\X0\100\X2\0445\X0\2300(M
irror):1','\X2\0414043E0441043A0430\X0\ 25\X2\0445\X0\100\X2\0445\X0\2
300(Mirror):1',#11402,#11405,'\X2\0414043E0441043A0430\X0\ 25\X2\0445\X0\1
00\X2\0445\X0\2300(Mirror):1');
#206=NEXT_ASSEMBLY_USAGE_OCCURRENCE(
'\X2\0414043E0441043A0430\X0\ \X2\04320435044004420438043A0430043B044C043D0430044F\X0\ 
40\X2\0445\X0\100\X2\0445\X0\2090(Mirror):1',
'\X2\0414043E0441043A0430\X0\ \X2\04320435044004420438043A0430043B044C043D0430044F\X0\ 
40\X2\0445\X0\100\X2\0445\X0\2090(Mirror):1',
'\X2\0414043E0441043A0430\X0\ \X2\04320435044004420438043A0430043B044C043D0430044F\X0\ 
40\X2\0445\X0\100\X2\0445\X0\2090(Mirror):1',#11402,#11406,
'\X2\0414043E0441043A0430\X0\ \X2\04320435044004420438043A0430043B044C043D0430044F\X0\ 
40\X2\0445\X0\100\X2\0445\X0\2090(Mirror):1');
#207=NEXT_ASSEMBLY_USAGE_OCCURRENCE(
'\X2\0411043E043A043E04320430044F\X0\ \X2\0432043504420440043804420438043A0430043B044C043D0430044F\X0\ 
\X2\0434043E0441043A0430\X0\:1',
'\X2\0411043E043A043E04320430044F\X0\ \X2\0432043504420440043804420438043A0430043B044C043D0430044F\X0\ 
\X2\0434043E0441043A0430\X0\:1',
'\X2\0411043E043A043E04320430044F\X0\ \X2\0432043504420440043804420438043A0430043B044C043D0430044F\X0\ 
\X2\0434043E0441043A0430\X0\:1',#11407,#11408,
'\X2\0411043E043A043E04320430044F\X0\ \X2\0432043504420440043804420438043A0430043B044C043D0430044F\X0\ 
\X2\0434043E0441043A0430\X0\:1');
#208=NEXT_ASSEMBLY_USAGE_OCCURRENCE(
'\X2\0431043E043A043E04320430044F\X0\ \X2\0433043E044004380437043E043D04420430043B044C043D0430044F\X0\ 
\X2\0434043E0441043A0430\X0\:1',
'\X2\0431043E043A043E04320430044F\X0\ \X2\0433043E044004380437043E043D04420430043B044C043D0430044F\X0\ 
\X2\0434043E0441043A0430\X0\:1',
'\X2\0431043E043A043E04320430044F\X0\ \X2\0433043E044004380437043E043D04420430043B044C043D0430044F\X0\ 
\X2\0434043E0441043A0430\X0\:1',#11407,#11409,
'\X2\0431043E043A043E04320430044F\X0\ \X2\0433043E044004380437043E043D04420430043B044C043D0430044F\X0\ 
\X2\0434043E0441043A0430\X0\:1');
#209=NEXT_ASSEMBLY_USAGE_OCCURRENCE(
'\X2\0431043E043A043E04320430044F\X0\ \X2\0433043E044004380437043E043D04420430043B044C043D0430044F\X0\ 
\X2\0434043E0441043A0430\X0\(Mirror):1',
'\X2\0431043E043A043E04320430044F\X0\ \X2\0433043E044004380437043E043D04420430043B044C043D0430044F\X0\ 
\X2\0434043E0441043A0430\X0\(Mirror):1',
'\X2\0431043E043A043E04320430044F\X0\ \X2\0433043E044004380437043E043D04420430043B044C043D0430044F\X0\ 
\X2\0434043E0441043A0430\X0\(Mirror):1',#11407,#11410,
'\X2\0431043E043A043E04320430044F\X0\ \X2\0433043E044004380437043E043D04420430043B044C043D0430044F\X0\ 
\X2\0434043E0441043A0430\X0\(Mirror):1');
#210=NEXT_ASSEMBLY_USAGE_OCCURRENCE(
'\X2\0411043E043A043E04320430044F\X0\ \X2\0432043504420440043804420438043A0430043B044C043D0430044F\X0\ 
\X2\0434043E0441043A0430\X0\(Mirror):1',
'\X2\0411043E043A043E04320430044F\X0\ \X2\0432043504420440043804420438043A0430043B044C043D0430044F\X0\ 
\X2\0434043E0441043A0430\X0\(Mirror):1',
'\X2\0411043E043A043E04320430044F\X0\ \X2\0432043504420440043804420438043A0430043B044C043D0430044F\X0\ 
\X2\0434043E0441043A0430\X0\(Mirror):1',#11407,#11411,
'\X2\0411043E043A043E04320430044F\X0\ \X2\0432043504420440043804420438043A0430043B044C043D0430044F\X0\ 
\X2\0434043E0441043A0430\X0\(Mirror):1');
#211=NEXT_ASSEMBLY_USAGE_OCCURRENCE('\X2\0417043E043D0430\X0\ \X2\043F043E043B0430\X0\:
1','\X2\0417043E043D0430\X0\ \X2\043F043E043B0430\X0\:1',
'\X2\0417043E043D0430\X0\ \X2\043F043E043B0430\X0\:1',#11412,#11413,
'\X2\0417043E043D0430\X0\ \X2\043F043E043B0430\X0\:1');
#212=NEXT_ASSEMBLY_USAGE_OCCURRENCE(
'\X2\0417043E043D0430\X0\ \X2\0431043E043A043E0432043E0439\X0\ \X2\044104420435043D044B\X0\ 
1:1','\X2\0417043E043D0430\X0\ \X2\0431043E043A043E0432043E0439\X0\ \X2\044104420435043D044B\X0\ 
1:1','\X2\0417043E043D0430\X0\ \X2\0431043E043A043E0432043E0439\X0\ \X2\044104420435043D044B\X0\ 
1:1',#11412,#11414,'\X2\0417043E043D0430\X0\ \X2\0431043E043A043E0432043E0439\X0\ 
\X2\044104420435043D044B\X0\ 1:1');
#213=NEXT_ASSEMBLY_USAGE_OCCURRENCE(
'\X2\0417043E043D0430\X0\ \X2\0442043E0440044604350432043E0439\X0\ \X2\044104420435043D044B\X0\ 
1:1','\X2\0417043E043D0430\X0\ \X2\0442043E0440044604350432043E0439\X0\ 
\X2\044104420435043D044B\X0\ 1:1',
'\X2\0417043E043D0430\X0\ \X2\0442043E0440044604350432043E0439\X0\ \X2\044104420435043D044B\X0\ 
1:1',#11412,#11415,'\X2\0417043E043D0430\X0\ \X2\0442043E0440044604350432043E0439\X0\ 
\X2\044104420435043D044B\X0\ 1:1');
#214=NEXT_ASSEMBLY_USAGE_OCCURRENCE('\X2\0417043E043D0430\X0\ \X2\043F043E0442043E043B043A0430\X0\:
1','\X2\0417043E043D0430\X0\ \X2\043F043E0442043E043B043A0430\X0\:1',
'\X2\0417043E043D0430\X0\ \X2\043F043E0442043E043B043A0430\X0\:1',#11412,
#11416,'\X2\0417043E043D0430\X0\ \X2\043F043E0442043E043B043A0430\X0\:
1');
#215=NEXT_ASSEMBLY_USAGE_OCCURRENCE(
'\X2\0417043E043D0430\X0\ \X2\0431043E043A043E0432043E0439\X0\ \X2\044104420435043D044B\X0\ 
2:1','\X2\0417043E043D0430\X0\ \X2\0431043E043A043E0432043E0439\X0\ \X2\044104420435043D044B\X0\ 
2:1','\X2\0417043E043D0430\X0\ \X2\0431043E043A043E0432043E0439\X0\ \X2\044104420435043D044B\X0\ 
2:1',#11412,#11417,'\X2\0417043E043D0430\X0\ \X2\0431043E043A043E0432043E0439\X0\ 
\X2\044104420435043D044B\X0\ 2:1');
#216=NEXT_ASSEMBLY_USAGE_OCCURRENCE(
'\X2\0417043E043D0430\X0\ \X2\0442043E0440044604350432043E0439\X0\ \X2\044104420435043D044B\X0\ 
2:1','\X2\0417043E043D0430\X0\ \X2\0442043E0440044604350432043E0439\X0\ 
\X2\044104420435043D044B\X0\ 2:1',
'\X2\0417043E043D0430\X0\ \X2\0442043E0440044604350432043E0439\X0\ \X2\044104420435043D044B\X0\ 
2:1',#11412,#11418,'\X2\0417043E043D0430\X0\ \X2\0442043E0440044604350432043E0439\X0\ 
\X2\044104420435043D044B\X0\ 2:1');
#217=NEXT_ASSEMBLY_USAGE_OCCURRENCE(
'\X2\0411043E043A043E04320430044F\X0\ \X2\0432043504420440043804420438043A0430043B044C043D0430044F\X0\ 
\X2\0434043E0441043A0430\X0\(Mirror) (1):1',
'\X2\0411043E043A043E04320430044F\X0\ \X2\0432043504420440043804420438043A0430043B044C043D0430044F\X0\ 
\X2\0434043E0441043A0430\X0\(Mirror) (1):1',
'\X2\0411043E043A043E04320430044F\X0\ \X2\0432043504420440043804420438043A0430043B044C043D0430044F\X0\ 
\X2\0434043E0441043A0430\X0\(Mirror) (1):1',#11419,#11420,
'\X2\0411043E043A043E04320430044F\X0\ \X2\0432043504420440043804420438043A0430043B044C043D0430044F\X0\ 
\X2\0434043E0441043A0430\X0\(Mirror) (1):1');
#218=NEXT_ASSEMBLY_USAGE_OCCURRENCE(
'\X2\0431043E043A043E04320430044F\X0\ \X2\0433043E044004380437043E043D04420430043B044C043D0430044F\X0\ 
\X2\0434043E0441043A0430\X0\(Mirror) (1):1',
'\X2\0431043E043A043E04320430044F\X0\ \X2\0433043E044004380437043E043D04420430043B044C043D0430044F\X0\ 
\X2\0434043E0441043A0430\X0\(Mirror) (1):1',
'\X2\0431043E043A043E04320430044F\X0\ \X2\0433043E044004380437043E043D04420430043B044C043D0430044F\X0\ 
\X2\0434043E0441043A0430\X0\(Mirror) (1):1',#11419,#11421,
'\X2\0431043E043A043E04320430044F\X0\ \X2\0433043E044004380437043E043D04420430043B044C043D0430044F\X0\ 
\X2\0434043E0441043A0430\X0\(Mirror) (1):1');
#219=NEXT_ASSEMBLY_USAGE_OCCURRENCE(
'\X2\0431043E043A043E04320430044F\X0\ \X2\0433043E044004380437043E043D04420430043B044C043D0430044F\X0\ 
\X2\0434043E0441043A0430\X0\(Mirror)(Mirror):1',
'\X2\0431043E043A043E04320430044F\X0\ \X2\0433043E044004380437043E043D04420430043B044C043D0430044F\X0\ 
\X2\0434043E0441043A0430\X0\(Mirror)(Mirror):1',
'\X2\0431043E043A043E04320430044F\X0\ \X2\0433043E044004380437043E043D04420430043B044C043D0430044F\X0\ 
\X2\0434043E0441043A0430\X0\(Mirror)(Mirror):1',#11419,#11422,
'\X2\0431043E043A043E04320430044F\X0\ \X2\0433043E044004380437043E043D04420430043B044C043D0430044F\X0\ 
\X2\0434043E0441043A0430\X0\(Mirror)(Mirror):1');
#220=NEXT_ASSEMBLY_USAGE_OCCURRENCE(
'\X2\0411043E043A043E04320430044F\X0\ \X2\0432043504420440043804420438043A0430043B044C043D0430044F\X0\ 
\X2\0434043E0441043A0430\X0\(Mirror)(Mirror):1',
'\X2\0411043E043A043E04320430044F\X0\ \X2\0432043504420440043804420438043A0430043B044C043D0430044F\X0\ 
\X2\0434043E0441043A0430\X0\(Mirror)(Mirror):1',
'\X2\0411043E043A043E04320430044F\X0\ \X2\0432043504420440043804420438043A0430043B044C043D0430044F\X0\ 
\X2\0434043E0441043A0430\X0\(Mirror)(Mirror):1',#11419,#11423,
'\X2\0411043E043A043E04320430044F\X0\ \X2\0432043504420440043804420438043A0430043B044C043D0430044F\X0\ 
\X2\0434043E0441043A0430\X0\(Mirror)(Mirror):1');
#221=NEXT_ASSEMBLY_USAGE_OCCURRENCE(
'\X2\0414043E0441043A0430\X0\ 25\X2\0445\X0\100\X2\0445\X0\2300(Mirror
) (2):1','\X2\0414043E0441043A0430\X0\ 25\X2\0445\X0\100\X2\0445\X0\23
00(Mirror) (2):1','\X2\0414043E0441043A0430\X0\ 25\X2\0445\X0\100\X2\0445\X0\2
300(Mirror) (2):1',#11424,#11425,
'\X2\0414043E0441043A0430\X0\ 25\X2\0445\X0\100\X2\0445\X0\2300(Mirror
) (2):1');
#222=NEXT_ASSEMBLY_USAGE_OCCURRENCE(
'\X2\0414043E0441043A0430\X0\ 25\X2\0445\X0\100\X2\0445\X0\2300(Mirror
)(Mirror) (1):1','\X2\0414043E0441043A0430\X0\ 25\X2\0445\X0\100\X2\0445\X0\2
300(Mirror)(Mirror) (1):1',
'\X2\0414043E0441043A0430\X0\ 25\X2\0445\X0\100\X2\0445\X0\2300(Mirror
)(Mirror) (1):1',#11424,#11426,
'\X2\0414043E0441043A0430\X0\ 25\X2\0445\X0\100\X2\0445\X0\2300(Mirror
)(Mirror) (1):1');
#223=NEXT_ASSEMBLY_USAGE_OCCURRENCE(
'\X2\0414043E0441043A0430\X0\ \X2\04320435044004420438043A0430043B044C043D0430044F\X0\ 
40\X2\0445\X0\100\X2\0445\X0\2090(Mirror) (1):1',
'\X2\0414043E0441043A0430\X0\ \X2\04320435044004420438043A0430043B044C043D0430044F\X0\ 
40\X2\0445\X0\100\X2\0445\X0\2090(Mirror) (1):1',
'\X2\0414043E0441043A0430\X0\ \X2\04320435044004420438043A0430043B044C043D0430044F\X0\ 
40\X2\0445\X0\100\X2\0445\X0\2090(Mirror) (1):1',#11424,#11427,
'\X2\0414043E0441043A0430\X0\ \X2\04320435044004420438043A0430043B044C043D0430044F\X0\ 
40\X2\0445\X0\100\X2\0445\X0\2090(Mirror) (1):1');
#224=NEXT_ASSEMBLY_USAGE_OCCURRENCE(
'\X2\0414043E0441043A0430\X0\ \X2\04320435044004420438043A0430043B044C043D0430044F\X0\ 
40\X2\0445\X0\100\X2\0445\X0\2090(Mirror)(Mirror):1',
'\X2\0414043E0441043A0430\X0\ \X2\04320435044004420438043A0430043B044C043D0430044F\X0\ 
40\X2\0445\X0\100\X2\0445\X0\2090(Mirror)(Mirror):1',
'\X2\0414043E0441043A0430\X0\ \X2\04320435044004420438043A0430043B044C043D0430044F\X0\ 
40\X2\0445\X0\100\X2\0445\X0\2090(Mirror)(Mirror):1',#11424,#11428,
'\X2\0414043E0441043A0430\X0\ \X2\04320435044004420438043A0430043B044C043D0430044F\X0\ 
40\X2\0445\X0\100\X2\0445\X0\2090(Mirror)(Mirror):1');
#225=NEXT_ASSEMBLY_USAGE_OCCURRENCE('\X2\041A04300440043A04300441\X0\:
1','\X2\041A04300440043A04300441\X0\:1','\X2\041A04300440043A04300441\X0\:
1',#11377,#11378,'\X2\041A04300440043A04300441\X0\:1');
#226=NEXT_ASSEMBLY_USAGE_OCCURRENCE('\X2\041E043104400435044804350442043A0430\X0\ 
\X2\0434043D0430\X0\:1','\X2\041E043104400435044804350442043A0430\X0\ 
\X2\0434043D0430\X0\:1','\X2\041E043104400435044804350442043A0430\X0\ 
\X2\0434043D0430\X0\:1',#11377,#11387,'\X2\041E043104400435044804350442043A0430\X0\ 
\X2\0434043D0430\X0\:1');
#227=NEXT_ASSEMBLY_USAGE_OCCURRENCE('\X2\042704350440043D044B0439\X0\ 
\X2\043F043E043B\X0\:1','\X2\042704350440043D044B0439\X0\ \X2\043F043E043B\X0\:
1','\X2\042704350440043D044B0439\X0\ \X2\043F043E043B\X0\:1',#11377,#11390,
'\X2\042704350440043D044B0439\X0\ \X2\043F043E043B\X0\:1');
#228=NEXT_ASSEMBLY_USAGE_OCCURRENCE('\X2\042704350440043D044B0439\X0\ 
\X2\043F043E0442043E043B043E043A\X0\:1','\X2\042704350440043D044B0439\X0\ 
\X2\043F043E0442043E043B043E043A\X0\:1','\X2\042704350440043D044B0439\X0\ 
\X2\043F043E0442043E043B043E043A\X0\:1',#11377,#11396,
'\X2\042704350440043D044B0439\X0\ \X2\043F043E0442043E043B043E043A\X0\:
1');
#229=NEXT_ASSEMBLY_USAGE_OCCURRENCE(
'\X2\041E043104400435044804350442043A0430\X0\ \X2\043F043E0442043E043B043E043A\X0\:
1','\X2\041E043104400435044804350442043A0430\X0\ \X2\043F043E0442043E043B043E043A\X0\:
1','\X2\041E043104400435044804350442043A0430\X0\ \X2\043F043E0442043E043B043E043A\X0\:
1',#11377,#11399,'\X2\041E043104400435044804350442043A0430\X0\ \X2\043F043E0442043E043B043E043A\X0\:
1');
#230=NEXT_ASSEMBLY_USAGE_OCCURRENCE(
'\X2\0422043E04400446043504320430044F\X0\ \X2\043E0431044004350448043E0442043A0430\X0\:
1','\X2\0422043E04400446043504320430044F\X0\ \X2\043E0431044004350448043E0442043A0430\X0\:
1','\X2\0422043E04400446043504320430044F\X0\ \X2\043E0431044004350448043E0442043A0430\X0\:
1',#11377,#11402,'\X2\0422043E04400446043504320430044F\X0\ \X2\043E0431044004350448043E0442043A0430\X0\:
1');
#231=NEXT_ASSEMBLY_USAGE_OCCURRENCE(
'\X2\0411043E043A043E04320430044F\X0\ \X2\043E0431044004350448043E0442043A0430\X0\:
1','\X2\0411043E043A043E04320430044F\X0\ \X2\043E0431044004350448043E0442043A0430\X0\:
1','\X2\0411043E043A043E04320430044F\X0\ \X2\043E0431044004350448043E0442043A0430\X0\:
1',#11377,#11407,'\X2\0411043E043A043E04320430044F\X0\ \X2\043E0431044004350448043E0442043A0430\X0\:
1');
#232=NEXT_ASSEMBLY_USAGE_OCCURRENCE('\X2\0417043E043D044B\X0\ \X2\043C043004420435044004380430043B043E0432\X0\:
1','\X2\0417043E043D044B\X0\ \X2\043C043004420435044004380430043B043E0432\X0\:
1','\X2\0417043E043D044B\X0\ \X2\043C043004420435044004380430043B043E0432\X0\:
1',#11377,#11412,'\X2\0417043E043D044B\X0\ \X2\043C043004420435044004380430043B043E0432\X0\:
1');
#233=NEXT_ASSEMBLY_USAGE_OCCURRENCE(
'\X2\0411043E043A043E04320430044F\X0\ \X2\043E0431044004350448043E0442043A0430\X0\(
Mirror):1','\X2\0411043E043A043E04320430044F\X0\ \X2\043E0431044004350448043E0442043A0430\X0\(
Mirror):1','\X2\0411043E043A043E04320430044F\X0\ \X2\043E0431044004350448043E0442043A0430\X0\(
Mirror):1',#11377,#11419,'\X2\0411043E043A043E04320430044F\X0\ \X2\043E0431044004350448043E0442043A0430\X0\(
Mirror):1');
#234=NEXT_ASSEMBLY_USAGE_OCCURRENCE(
'\X2\0422043E04400446043504320430044F\X0\ \X2\043E0431044004350448043E0442043A0430\X0\(
Mirror) (1):1','\X2\0422043E04400446043504320430044F\X0\ \X2\043E0431044004350448043E0442043A0430\X0\(
Mirror) (1):1','\X2\0422043E04400446043504320430044F\X0\ \X2\043E0431044004350448043E0442043A0430\X0\(
Mirror) (1):1',#11377,#11424,
'\X2\0422043E04400446043504320430044F\X0\ \X2\043E0431044004350448043E0442043A0430\X0\(
Mirror) (1):1');
#235=ELLIPSE('',#6893,7.0710678118655,5.00000000000002);
#236=ELLIPSE('',#6894,7.07106781186548,5.);
#237=ELLIPSE('',#6895,14.1421356237309,9.99999999999999);
#238=ELLIPSE('',#6896,14.142135623731,10.);
#239=ELLIPSE('',#6898,7.0710678118655,5.00000000000002);
#240=ELLIPSE('',#6904,14.142135623731,10.);
#241=ELLIPSE('',#6906,14.1421356237309,9.99999999999999);
#242=ELLIPSE('',#6911,7.07106781186548,5.);
#243=ELLIPSE('',#6923,14.1421356237309,9.99999999999998);
#244=ELLIPSE('',#6924,14.1421356237309,9.99999999999998);
#245=ELLIPSE('',#6926,14.1421356237309,9.99999999999999);
#246=ELLIPSE('',#6927,7.07106781186548,5.);
#247=ELLIPSE('',#6928,7.0710678118655,5.00000000000002);
#248=ELLIPSE('',#6931,7.07106781186548,5.);
#249=ELLIPSE('',#6936,14.1421356237309,9.99999999999999);
#250=ELLIPSE('',#6942,7.0710678118655,5.00000000000002);
#251=ELLIPSE('',#6956,14.1421356237309,9.99999999999998);
#252=ELLIPSE('',#6957,14.1421356237309,9.99999999999998);
#253=ELLIPSE('',#6961,7.0710678118655,5.00000000000002);
#254=ELLIPSE('',#6962,7.07106781186548,5.);
#255=ELLIPSE('',#6963,14.1421356237309,9.99999999999999);
#256=ELLIPSE('',#6966,7.07106781186548,5.);
#257=ELLIPSE('',#6971,14.1421356237309,9.99999999999999);
#258=ELLIPSE('',#6974,7.0710678118655,5.00000000000002);
#259=ELLIPSE('',#6978,14.142135623731,10.);
#260=ELLIPSE('',#6979,14.1421356237309,9.99999999999999);
#261=ELLIPSE('',#6980,7.07106781186548,5.);
#262=ELLIPSE('',#6981,7.0710678118655,5.00000000000002);
#263=ELLIPSE('',#6983,7.0710678118655,5.00000000000002);
#264=ELLIPSE('',#6989,14.142135623731,10.);
#265=ELLIPSE('',#6991,14.1421356237309,9.99999999999999);
#266=ELLIPSE('',#6996,7.07106781186548,5.);
#267=SHAPE_REPRESENTATION_RELATIONSHIP('SRR','None',#11326,#308);
#268=SHAPE_REPRESENTATION_RELATIONSHIP('SRR','None',#11327,#309);
#269=SHAPE_REPRESENTATION_RELATIONSHIP('SRR','None',#11328,#310);
#270=SHAPE_REPRESENTATION_RELATIONSHIP('SRR','None',#11329,#311);
#271=SHAPE_REPRESENTATION_RELATIONSHIP('SRR','None',#11330,#312);
#272=SHAPE_REPRESENTATION_RELATIONSHIP('SRR','None',#11331,#313);
#273=SHAPE_REPRESENTATION_RELATIONSHIP('SRR','None',#11332,#314);
#274=SHAPE_REPRESENTATION_RELATIONSHIP('SRR','None',#11333,#315);
#275=SHAPE_REPRESENTATION_RELATIONSHIP('SRR','None',#11335,#316);
#276=SHAPE_REPRESENTATION_RELATIONSHIP('SRR','None',#11336,#317);
#277=SHAPE_REPRESENTATION_RELATIONSHIP('SRR','None',#11338,#318);
#278=SHAPE_REPRESENTATION_RELATIONSHIP('SRR','None',#11339,#319);
#279=SHAPE_REPRESENTATION_RELATIONSHIP('SRR','None',#11340,#320);
#280=SHAPE_REPRESENTATION_RELATIONSHIP('SRR','None',#11341,#321);
#281=SHAPE_REPRESENTATION_RELATIONSHIP('SRR','None',#11342,#322);
#282=SHAPE_REPRESENTATION_RELATIONSHIP('SRR','None',#11344,#323);
#283=SHAPE_REPRESENTATION_RELATIONSHIP('SRR','None',#11345,#324);
#284=SHAPE_REPRESENTATION_RELATIONSHIP('SRR','None',#11347,#325);
#285=SHAPE_REPRESENTATION_RELATIONSHIP('SRR','None',#11348,#326);
#286=SHAPE_REPRESENTATION_RELATIONSHIP('SRR','None',#11350,#327);
#287=SHAPE_REPRESENTATION_RELATIONSHIP('SRR','None',#11351,#328);
#288=SHAPE_REPRESENTATION_RELATIONSHIP('SRR','None',#11352,#329);
#289=SHAPE_REPRESENTATION_RELATIONSHIP('SRR','None',#11353,#330);
#290=SHAPE_REPRESENTATION_RELATIONSHIP('SRR','None',#11355,#331);
#291=SHAPE_REPRESENTATION_RELATIONSHIP('SRR','None',#11356,#332);
#292=SHAPE_REPRESENTATION_RELATIONSHIP('SRR','None',#11357,#333);
#293=SHAPE_REPRESENTATION_RELATIONSHIP('SRR','None',#11358,#334);
#294=SHAPE_REPRESENTATION_RELATIONSHIP('SRR','None',#11360,#335);
#295=SHAPE_REPRESENTATION_RELATIONSHIP('SRR','None',#11361,#336);
#296=SHAPE_REPRESENTATION_RELATIONSHIP('SRR','None',#11362,#337);
#297=SHAPE_REPRESENTATION_RELATIONSHIP('SRR','None',#11363,#338);
#298=SHAPE_REPRESENTATION_RELATIONSHIP('SRR','None',#11364,#339);
#299=SHAPE_REPRESENTATION_RELATIONSHIP('SRR','None',#11365,#340);
#300=SHAPE_REPRESENTATION_RELATIONSHIP('SRR','None',#11367,#341);
#301=SHAPE_REPRESENTATION_RELATIONSHIP('SRR','None',#11368,#342);
#302=SHAPE_REPRESENTATION_RELATIONSHIP('SRR','None',#11369,#343);
#303=SHAPE_REPRESENTATION_RELATIONSHIP('SRR','None',#11370,#344);
#304=SHAPE_REPRESENTATION_RELATIONSHIP('SRR','None',#11372,#345);
#305=SHAPE_REPRESENTATION_RELATIONSHIP('SRR','None',#11373,#346);
#306=SHAPE_REPRESENTATION_RELATIONSHIP('SRR','None',#11374,#347);
#307=SHAPE_REPRESENTATION_RELATIONSHIP('SRR','None',#11375,#348);
#308=ADVANCED_BREP_SHAPE_REPRESENTATION('',(#390),#11109);
#309=ADVANCED_BREP_SHAPE_REPRESENTATION('',(#391),#11110);
#310=ADVANCED_BREP_SHAPE_REPRESENTATION('',(#392),#11111);
#311=ADVANCED_BREP_SHAPE_REPRESENTATION('',(#393),#11112);
#312=ADVANCED_BREP_SHAPE_REPRESENTATION('',(#394),#11113);
#313=ADVANCED_BREP_SHAPE_REPRESENTATION('',(#395),#11114);
#314=ADVANCED_BREP_SHAPE_REPRESENTATION('',(#396),#11115);
#315=ADVANCED_BREP_SHAPE_REPRESENTATION('',(#397),#11116);
#316=ADVANCED_BREP_SHAPE_REPRESENTATION('',(#398),#11118);
#317=ADVANCED_BREP_SHAPE_REPRESENTATION('',(#399),#11119);
#318=ADVANCED_BREP_SHAPE_REPRESENTATION('',(#400),#11121);
#319=ADVANCED_BREP_SHAPE_REPRESENTATION('',(#401),#11122);
#320=ADVANCED_BREP_SHAPE_REPRESENTATION('',(#402),#11123);
#321=ADVANCED_BREP_SHAPE_REPRESENTATION('',(#403),#11124);
#322=ADVANCED_BREP_SHAPE_REPRESENTATION('',(#404),#11125);
#323=ADVANCED_BREP_SHAPE_REPRESENTATION('',(#405),#11127);
#324=ADVANCED_BREP_SHAPE_REPRESENTATION('',(#406),#11128);
#325=ADVANCED_BREP_SHAPE_REPRESENTATION('',(#407),#11130);
#326=ADVANCED_BREP_SHAPE_REPRESENTATION('',(#408),#11131);
#327=ADVANCED_BREP_SHAPE_REPRESENTATION('',(#409),#11133);
#328=ADVANCED_BREP_SHAPE_REPRESENTATION('',(#410),#11134);
#329=ADVANCED_BREP_SHAPE_REPRESENTATION('',(#411),#11135);
#330=ADVANCED_BREP_SHAPE_REPRESENTATION('',(#412),#11136);
#331=ADVANCED_BREP_SHAPE_REPRESENTATION('',(#413),#11138);
#332=ADVANCED_BREP_SHAPE_REPRESENTATION('',(#414),#11139);
#333=ADVANCED_BREP_SHAPE_REPRESENTATION('',(#415),#11140);
#334=ADVANCED_BREP_SHAPE_REPRESENTATION('',(#416),#11141);
#335=ADVANCED_BREP_SHAPE_REPRESENTATION('',(#417),#11143);
#336=ADVANCED_BREP_SHAPE_REPRESENTATION('',(#418),#11144);
#337=ADVANCED_BREP_SHAPE_REPRESENTATION('',(#419),#11145);
#338=ADVANCED_BREP_SHAPE_REPRESENTATION('',(#420),#11146);
#339=ADVANCED_BREP_SHAPE_REPRESENTATION('',(#421),#11147);
#340=ADVANCED_BREP_SHAPE_REPRESENTATION('',(#422),#11148);
#341=ADVANCED_BREP_SHAPE_REPRESENTATION('',(#423),#11150);
#342=ADVANCED_BREP_SHAPE_REPRESENTATION('',(#424),#11151);
#343=ADVANCED_BREP_SHAPE_REPRESENTATION('',(#425),#11152);
#344=ADVANCED_BREP_SHAPE_REPRESENTATION('',(#426),#11153);
#345=ADVANCED_BREP_SHAPE_REPRESENTATION('',(#427),#11155);
#346=ADVANCED_BREP_SHAPE_REPRESENTATION('',(#428),#11156);
#347=ADVANCED_BREP_SHAPE_REPRESENTATION('',(#429),#11157);
#348=ADVANCED_BREP_SHAPE_REPRESENTATION('',(#430),#11158);
#349=STYLED_ITEM('',(#11588),#390);
#350=STYLED_ITEM('',(#11588),#391);
#351=STYLED_ITEM('',(#11588),#392);
#352=STYLED_ITEM('',(#11588),#393);
#353=STYLED_ITEM('',(#11588),#394);
#354=STYLED_ITEM('',(#11588),#395);
#355=STYLED_ITEM('',(#11588),#396);
#356=STYLED_ITEM('',(#11588),#397);
#357=STYLED_ITEM('',(#11589),#398);
#358=STYLED_ITEM('',(#11589),#399);
#359=STYLED_ITEM('',(#11589),#400);
#360=STYLED_ITEM('',(#11589),#401);
#361=STYLED_ITEM('',(#11589),#402);
#362=STYLED_ITEM('',(#11589),#403);
#363=STYLED_ITEM('',(#11589),#404);
#364=STYLED_ITEM('',(#11589),#405);
#365=STYLED_ITEM('',(#11589),#406);
#366=STYLED_ITEM('',(#11589),#407);
#367=STYLED_ITEM('',(#11589),#408);
#368=STYLED_ITEM('',(#11588),#409);
#369=STYLED_ITEM('',(#11588),#410);
#370=STYLED_ITEM('',(#11588),#411);
#371=STYLED_ITEM('',(#11588),#412);
#372=STYLED_ITEM('',(#11588),#413);
#373=STYLED_ITEM('',(#11588),#414);
#374=STYLED_ITEM('',(#11588),#415);
#375=STYLED_ITEM('',(#11588),#416);
#376=STYLED_ITEM('',(#11588),#417);
#377=STYLED_ITEM('',(#11588),#418);
#378=STYLED_ITEM('',(#11588),#419);
#379=STYLED_ITEM('',(#11588),#420);
#380=STYLED_ITEM('',(#11588),#421);
#381=STYLED_ITEM('',(#11588),#422);
#382=STYLED_ITEM('',(#11588),#423);
#383=STYLED_ITEM('',(#11588),#424);
#384=STYLED_ITEM('',(#11588),#425);
#385=STYLED_ITEM('',(#11588),#426);
#386=STYLED_ITEM('',(#11588),#427);
#387=STYLED_ITEM('',(#11588),#428);
#388=STYLED_ITEM('',(#11588),#429);
#389=STYLED_ITEM('',(#11588),#430);
#390=MANIFOLD_SOLID_BREP('Body1',#6365);
#391=MANIFOLD_SOLID_BREP('Body1',#6366);
#392=MANIFOLD_SOLID_BREP('Body3',#6367);
#393=MANIFOLD_SOLID_BREP('Body1',#6368);
#394=MANIFOLD_SOLID_BREP('Body1',#6369);
#395=MANIFOLD_SOLID_BREP('Body1',#6370);
#396=MANIFOLD_SOLID_BREP('Body1',#6371);
#397=MANIFOLD_SOLID_BREP('Body1',#6372);
#398=MANIFOLD_SOLID_BREP('Body1',#6373);
#399=MANIFOLD_SOLID_BREP('Body1',#6374);
#400=MANIFOLD_SOLID_BREP('Body1',#6375);
#401=MANIFOLD_SOLID_BREP('Body1',#6376);
#402=MANIFOLD_SOLID_BREP('Body1',#6377);
#403=MANIFOLD_SOLID_BREP('Body1',#6378);
#404=MANIFOLD_SOLID_BREP('Body1',#6379);
#405=MANIFOLD_SOLID_BREP('Body1',#6380);
#406=MANIFOLD_SOLID_BREP('Body1',#6381);
#407=MANIFOLD_SOLID_BREP('Body1',#6382);
#408=MANIFOLD_SOLID_BREP('Body1',#6383);
#409=MANIFOLD_SOLID_BREP('Body1',#6384);
#410=MANIFOLD_SOLID_BREP('Body1',#6385);
#411=MANIFOLD_SOLID_BREP('Body1',#6386);
#412=MANIFOLD_SOLID_BREP('Body1',#6387);
#413=MANIFOLD_SOLID_BREP('Body1',#6388);
#414=MANIFOLD_SOLID_BREP('Body1',#6389);
#415=MANIFOLD_SOLID_BREP('Body1',#6390);
#416=MANIFOLD_SOLID_BREP('Body1',#6391);
#417=MANIFOLD_SOLID_BREP('Body1',#6392);
#418=MANIFOLD_SOLID_BREP('Body1',#6393);
#419=MANIFOLD_SOLID_BREP('Body1',#6394);
#420=MANIFOLD_SOLID_BREP('Body1',#6395);
#421=MANIFOLD_SOLID_BREP('Body1',#6396);
#422=MANIFOLD_SOLID_BREP('Body1',#6397);
#423=MANIFOLD_SOLID_BREP('Body1',#6398);
#424=MANIFOLD_SOLID_BREP('Body1',#6399);
#425=MANIFOLD_SOLID_BREP('Body1',#6400);
#426=MANIFOLD_SOLID_BREP('Body1',#6401);
#427=MANIFOLD_SOLID_BREP('Body1',#6402);
#428=MANIFOLD_SOLID_BREP('Body1',#6403);
#429=MANIFOLD_SOLID_BREP('Body1',#6404);
#430=MANIFOLD_SOLID_BREP('Body1',#6405);
#431=CIRCLE('',#6865,4.00000000000002);
#432=CIRCLE('',#6866,4.00000000000002);
#433=CIRCLE('',#6869,4.);
#434=CIRCLE('',#6870,4.);
#435=CIRCLE('',#6873,4.00000000000003);
#436=CIRCLE('',#6874,4.00000000000003);
#437=CIRCLE('',#6879,5.00000000000001);
#438=CIRCLE('',#6880,5.00000000000001);
#439=CIRCLE('',#6883,4.99999999999999);
#440=CIRCLE('',#6884,4.99999999999999);
#441=CIRCLE('',#6887,5.00000000000002);
#442=CIRCLE('',#6888,5.00000000000002);
#443=CIRCLE('',#6917,9.99999999999998);
#444=CIRCLE('',#6921,9.99999999999998);
#445=CIRCLE('',#6946,9.99999999999998);
#446=CIRCLE('',#6949,9.99999999999998);
#447=CIRCLE('',#7004,4.00000000000002);
#448=CIRCLE('',#7005,4.00000000000002);
#449=CIRCLE('',#7008,4.);
#450=CIRCLE('',#7009,4.);
#451=CIRCLE('',#7012,4.00000000000003);
#452=CIRCLE('',#7013,4.00000000000003);
#453=CIRCLE('',#7018,5.00000000000001);
#454=CIRCLE('',#7019,5.00000000000001);
#455=CIRCLE('',#7022,4.99999999999999);
#456=CIRCLE('',#7023,4.99999999999999);
#457=CIRCLE('',#7026,5.00000000000002);
#458=CIRCLE('',#7027,5.00000000000002);
#459=CIRCLE('',#7035,4.00000000000002);
#460=CIRCLE('',#7036,4.00000000000002);
#461=CIRCLE('',#7039,4.);
#462=CIRCLE('',#7040,4.);
#463=CIRCLE('',#7043,4.00000000000003);
#464=CIRCLE('',#7044,4.00000000000003);
#465=CIRCLE('',#7049,5.00000000000001);
#466=CIRCLE('',#7050,5.00000000000001);
#467=CIRCLE('',#7053,4.99999999999999);
#468=CIRCLE('',#7054,4.99999999999999);
#469=CIRCLE('',#7057,5.00000000000002);
#470=CIRCLE('',#7058,5.00000000000002);
#471=CIRCLE('',#7066,4.00000000000002);
#472=CIRCLE('',#7067,4.00000000000002);
#473=CIRCLE('',#7070,4.);
#474=CIRCLE('',#7071,4.);
#475=CIRCLE('',#7074,4.00000000000003);
#476=CIRCLE('',#7075,4.00000000000003);
#477=CIRCLE('',#7080,5.00000000000001);
#478=CIRCLE('',#7081,5.00000000000001);
#479=CIRCLE('',#7084,4.99999999999999);
#480=CIRCLE('',#7085,4.99999999999999);
#481=CIRCLE('',#7088,5.00000000000002);
#482=CIRCLE('',#7089,5.00000000000002);
#483=CYLINDRICAL_SURFACE('',#6864,4.00000000000002);
#484=CYLINDRICAL_SURFACE('',#6868,4.);
#485=CYLINDRICAL_SURFACE('',#6872,4.00000000000003);
#486=CYLINDRICAL_SURFACE('',#6878,5.00000000000001);
#487=CYLINDRICAL_SURFACE('',#6882,4.99999999999999);
#488=CYLINDRICAL_SURFACE('',#6886,5.00000000000002);
#489=CYLINDRICAL_SURFACE('',#6897,5.00000000000002);
#490=CYLINDRICAL_SURFACE('',#6903,10.);
#491=CYLINDRICAL_SURFACE('',#6905,9.99999999999999);
#492=CYLINDRICAL_SURFACE('',#6910,5.);
#493=CYLINDRICAL_SURFACE('',#6922,9.99999999999998);
#494=CYLINDRICAL_SURFACE('',#6930,5.);
#495=CYLINDRICAL_SURFACE('',#6935,9.99999999999999);
#496=CYLINDRICAL_SURFACE('',#6941,5.00000000000002);
#497=CYLINDRICAL_SURFACE('',#6955,9.99999999999998);
#498=CYLINDRICAL_SURFACE('',#6965,5.);
#499=CYLINDRICAL_SURFACE('',#6970,9.99999999999999);
#500=CYLINDRICAL_SURFACE('',#6973,5.00000000000002);
#501=CYLINDRICAL_SURFACE('',#6982,5.00000000000002);
#502=CYLINDRICAL_SURFACE('',#6988,10.);
#503=CYLINDRICAL_SURFACE('',#6990,9.99999999999999);
#504=CYLINDRICAL_SURFACE('',#6995,5.);
#505=CYLINDRICAL_SURFACE('',#7003,4.00000000000002);
#506=CYLINDRICAL_SURFACE('',#7007,4.);
#507=CYLINDRICAL_SURFACE('',#7011,4.00000000000003);
#508=CYLINDRICAL_SURFACE('',#7017,5.00000000000001);
#509=CYLINDRICAL_SURFACE('',#7021,4.99999999999999);
#510=CYLINDRICAL_SURFACE('',#7025,5.00000000000002);
#511=CYLINDRICAL_SURFACE('',#7034,4.00000000000002);
#512=CYLINDRICAL_SURFACE('',#7038,4.);
#513=CYLINDRICAL_SURFACE('',#7042,4.00000000000003);
#514=CYLINDRICAL_SURFACE('',#7048,5.00000000000001);
#515=CYLINDRICAL_SURFACE('',#7052,4.99999999999999);
#516=CYLINDRICAL_SURFACE('',#7056,5.00000000000002);
#517=CYLINDRICAL_SURFACE('',#7065,4.00000000000002);
#518=CYLINDRICAL_SURFACE('',#7069,4.);
#519=CYLINDRICAL_SURFACE('',#7073,4.00000000000003);
#520=CYLINDRICAL_SURFACE('',#7079,5.00000000000001);
#521=CYLINDRICAL_SURFACE('',#7083,4.99999999999999);
#522=CYLINDRICAL_SURFACE('',#7087,5.00000000000002);
#523=FACE_OUTER_BOUND('',#877,.T.);
#524=FACE_OUTER_BOUND('',#878,.T.);
#525=FACE_OUTER_BOUND('',#879,.T.);
#526=FACE_OUTER_BOUND('',#880,.T.);
#527=FACE_OUTER_BOUND('',#881,.T.);
#528=FACE_OUTER_BOUND('',#882,.T.);
#529=FACE_OUTER_BOUND('',#883,.T.);
#530=FACE_OUTER_BOUND('',#884,.T.);
#531=FACE_OUTER_BOUND('',#885,.T.);
#532=FACE_OUTER_BOUND('',#886,.T.);
#533=FACE_OUTER_BOUND('',#887,.T.);
#534=FACE_OUTER_BOUND('',#888,.T.);
#535=FACE_OUTER_BOUND('',#889,.T.);
#536=FACE_OUTER_BOUND('',#890,.T.);
#537=FACE_OUTER_BOUND('',#891,.T.);
#538=FACE_OUTER_BOUND('',#892,.T.);
#539=FACE_OUTER_BOUND('',#893,.T.);
#540=FACE_OUTER_BOUND('',#894,.T.);
#541=FACE_OUTER_BOUND('',#895,.T.);
#542=FACE_OUTER_BOUND('',#896,.T.);
#543=FACE_OUTER_BOUND('',#897,.T.);
#544=FACE_OUTER_BOUND('',#898,.T.);
#545=FACE_OUTER_BOUND('',#899,.T.);
#546=FACE_OUTER_BOUND('',#900,.T.);
#547=FACE_OUTER_BOUND('',#901,.T.);
#548=FACE_OUTER_BOUND('',#902,.T.);
#549=FACE_OUTER_BOUND('',#903,.T.);
#550=FACE_OUTER_BOUND('',#904,.T.);
#551=FACE_OUTER_BOUND('',#905,.T.);
#552=FACE_OUTER_BOUND('',#906,.T.);
#553=FACE_OUTER_BOUND('',#907,.T.);
#554=FACE_OUTER_BOUND('',#908,.T.);
#555=FACE_OUTER_BOUND('',#909,.T.);
#556=FACE_OUTER_BOUND('',#910,.T.);
#557=FACE_OUTER_BOUND('',#911,.T.);
#558=FACE_OUTER_BOUND('',#912,.T.);
#559=FACE_OUTER_BOUND('',#913,.T.);
#560=FACE_OUTER_BOUND('',#914,.T.);
#561=FACE_OUTER_BOUND('',#915,.T.);
#562=FACE_OUTER_BOUND('',#916,.T.);
#563=FACE_OUTER_BOUND('',#917,.T.);
#564=FACE_OUTER_BOUND('',#918,.T.);
#565=FACE_OUTER_BOUND('',#919,.T.);
#566=FACE_OUTER_BOUND('',#920,.T.);
#567=FACE_OUTER_BOUND('',#921,.T.);
#568=FACE_OUTER_BOUND('',#922,.T.);
#569=FACE_OUTER_BOUND('',#923,.T.);
#570=FACE_OUTER_BOUND('',#924,.T.);
#571=FACE_OUTER_BOUND('',#925,.T.);
#572=FACE_OUTER_BOUND('',#926,.T.);
#573=FACE_OUTER_BOUND('',#927,.T.);
#574=FACE_OUTER_BOUND('',#928,.T.);
#575=FACE_OUTER_BOUND('',#929,.T.);
#576=FACE_OUTER_BOUND('',#930,.T.);
#577=FACE_OUTER_BOUND('',#931,.T.);
#578=FACE_OUTER_BOUND('',#932,.T.);
#579=FACE_OUTER_BOUND('',#933,.T.);
#580=FACE_OUTER_BOUND('',#934,.T.);
#581=FACE_OUTER_BOUND('',#935,.T.);
#582=FACE_OUTER_BOUND('',#936,.T.);
#583=FACE_OUTER_BOUND('',#937,.T.);
#584=FACE_OUTER_BOUND('',#938,.T.);
#585=FACE_OUTER_BOUND('',#939,.T.);
#586=FACE_OUTER_BOUND('',#940,.T.);
#587=FACE_OUTER_BOUND('',#941,.T.);
#588=FACE_OUTER_BOUND('',#942,.T.);
#589=FACE_OUTER_BOUND('',#943,.T.);
#590=FACE_OUTER_BOUND('',#944,.T.);
#591=FACE_OUTER_BOUND('',#945,.T.);
#592=FACE_OUTER_BOUND('',#946,.T.);
#593=FACE_OUTER_BOUND('',#947,.T.);
#594=FACE_OUTER_BOUND('',#948,.T.);
#595=FACE_OUTER_BOUND('',#949,.T.);
#596=FACE_OUTER_BOUND('',#950,.T.);
#597=FACE_OUTER_BOUND('',#951,.T.);
#598=FACE_OUTER_BOUND('',#952,.T.);
#599=FACE_OUTER_BOUND('',#953,.T.);
#600=FACE_OUTER_BOUND('',#954,.T.);
#601=FACE_OUTER_BOUND('',#955,.T.);
#602=FACE_OUTER_BOUND('',#956,.T.);
#603=FACE_OUTER_BOUND('',#957,.T.);
#604=FACE_OUTER_BOUND('',#958,.T.);
#605=FACE_OUTER_BOUND('',#959,.T.);
#606=FACE_OUTER_BOUND('',#960,.T.);
#607=FACE_OUTER_BOUND('',#961,.T.);
#608=FACE_OUTER_BOUND('',#962,.T.);
#609=FACE_OUTER_BOUND('',#963,.T.);
#610=FACE_OUTER_BOUND('',#964,.T.);
#611=FACE_OUTER_BOUND('',#965,.T.);
#612=FACE_OUTER_BOUND('',#966,.T.);
#613=FACE_OUTER_BOUND('',#967,.T.);
#614=FACE_OUTER_BOUND('',#968,.T.);
#615=FACE_OUTER_BOUND('',#969,.T.);
#616=FACE_OUTER_BOUND('',#970,.T.);
#617=FACE_OUTER_BOUND('',#971,.T.);
#618=FACE_OUTER_BOUND('',#972,.T.);
#619=FACE_OUTER_BOUND('',#973,.T.);
#620=FACE_OUTER_BOUND('',#974,.T.);
#621=FACE_OUTER_BOUND('',#975,.T.);
#622=FACE_OUTER_BOUND('',#976,.T.);
#623=FACE_OUTER_BOUND('',#977,.T.);
#624=FACE_OUTER_BOUND('',#978,.T.);
#625=FACE_OUTER_BOUND('',#979,.T.);
#626=FACE_OUTER_BOUND('',#980,.T.);
#627=FACE_OUTER_BOUND('',#981,.T.);
#628=FACE_OUTER_BOUND('',#982,.T.);
#629=FACE_OUTER_BOUND('',#983,.T.);
#630=FACE_OUTER_BOUND('',#984,.T.);
#631=FACE_OUTER_BOUND('',#985,.T.);
#632=FACE_OUTER_BOUND('',#986,.T.);
#633=FACE_OUTER_BOUND('',#987,.T.);
#634=FACE_OUTER_BOUND('',#988,.T.);
#635=FACE_OUTER_BOUND('',#989,.T.);
#636=FACE_OUTER_BOUND('',#990,.T.);
#637=FACE_OUTER_BOUND('',#991,.T.);
#638=FACE_OUTER_BOUND('',#992,.T.);
#639=FACE_OUTER_BOUND('',#993,.T.);
#640=FACE_OUTER_BOUND('',#994,.T.);
#641=FACE_OUTER_BOUND('',#995,.T.);
#642=FACE_OUTER_BOUND('',#996,.T.);
#643=FACE_OUTER_BOUND('',#997,.T.);
#644=FACE_OUTER_BOUND('',#998,.T.);
#645=FACE_OUTER_BOUND('',#999,.T.);
#646=FACE_OUTER_BOUND('',#1000,.T.);
#647=FACE_OUTER_BOUND('',#1001,.T.);
#648=FACE_OUTER_BOUND('',#1002,.T.);
#649=FACE_OUTER_BOUND('',#1003,.T.);
#650=FACE_OUTER_BOUND('',#1004,.T.);
#651=FACE_OUTER_BOUND('',#1005,.T.);
#652=FACE_OUTER_BOUND('',#1006,.T.);
#653=FACE_OUTER_BOUND('',#1007,.T.);
#654=FACE_OUTER_BOUND('',#1008,.T.);
#655=FACE_OUTER_BOUND('',#1009,.T.);
#656=FACE_OUTER_BOUND('',#1010,.T.);
#657=FACE_OUTER_BOUND('',#1011,.T.);
#658=FACE_OUTER_BOUND('',#1012,.T.);
#659=FACE_OUTER_BOUND('',#1013,.T.);
#660=FACE_OUTER_BOUND('',#1014,.T.);
#661=FACE_OUTER_BOUND('',#1015,.T.);
#662=FACE_OUTER_BOUND('',#1016,.T.);
#663=FACE_OUTER_BOUND('',#1017,.T.);
#664=FACE_OUTER_BOUND('',#1018,.T.);
#665=FACE_OUTER_BOUND('',#1019,.T.);
#666=FACE_OUTER_BOUND('',#1020,.T.);
#667=FACE_OUTER_BOUND('',#1021,.T.);
#668=FACE_OUTER_BOUND('',#1022,.T.);
#669=FACE_OUTER_BOUND('',#1023,.T.);
#670=FACE_OUTER_BOUND('',#1024,.T.);
#671=FACE_OUTER_BOUND('',#1025,.T.);
#672=FACE_OUTER_BOUND('',#1026,.T.);
#673=FACE_OUTER_BOUND('',#1027,.T.);
#674=FACE_OUTER_BOUND('',#1028,.T.);
#675=FACE_OUTER_BOUND('',#1029,.T.);
#676=FACE_OUTER_BOUND('',#1030,.T.);
#677=FACE_OUTER_BOUND('',#1031,.T.);
#678=FACE_OUTER_BOUND('',#1032,.T.);
#679=FACE_OUTER_BOUND('',#1033,.T.);
#680=FACE_OUTER_BOUND('',#1034,.T.);
#681=FACE_OUTER_BOUND('',#1035,.T.);
#682=FACE_OUTER_BOUND('',#1036,.T.);
#683=FACE_OUTER_BOUND('',#1037,.T.);
#684=FACE_OUTER_BOUND('',#1038,.T.);
#685=FACE_OUTER_BOUND('',#1039,.T.);
#686=FACE_OUTER_BOUND('',#1040,.T.);
#687=FACE_OUTER_BOUND('',#1041,.T.);
#688=FACE_OUTER_BOUND('',#1042,.T.);
#689=FACE_OUTER_BOUND('',#1043,.T.);
#690=FACE_OUTER_BOUND('',#1044,.T.);
#691=FACE_OUTER_BOUND('',#1045,.T.);
#692=FACE_OUTER_BOUND('',#1046,.T.);
#693=FACE_OUTER_BOUND('',#1047,.T.);
#694=FACE_OUTER_BOUND('',#1048,.T.);
#695=FACE_OUTER_BOUND('',#1049,.T.);
#696=FACE_OUTER_BOUND('',#1050,.T.);
#697=FACE_OUTER_BOUND('',#1051,.T.);
#698=FACE_OUTER_BOUND('',#1052,.T.);
#699=FACE_OUTER_BOUND('',#1053,.T.);
#700=FACE_OUTER_BOUND('',#1054,.T.);
#701=FACE_OUTER_BOUND('',#1055,.T.);
#702=FACE_OUTER_BOUND('',#1056,.T.);
#703=FACE_OUTER_BOUND('',#1057,.T.);
#704=FACE_OUTER_BOUND('',#1058,.T.);
#705=FACE_OUTER_BOUND('',#1059,.T.);
#706=FACE_OUTER_BOUND('',#1060,.T.);
#707=FACE_OUTER_BOUND('',#1061,.T.);
#708=FACE_OUTER_BOUND('',#1062,.T.);
#709=FACE_OUTER_BOUND('',#1063,.T.);
#710=FACE_OUTER_BOUND('',#1064,.T.);
#711=FACE_OUTER_BOUND('',#1065,.T.);
#712=FACE_OUTER_BOUND('',#1066,.T.);
#713=FACE_OUTER_BOUND('',#1067,.T.);
#714=FACE_OUTER_BOUND('',#1068,.T.);
#715=FACE_OUTER_BOUND('',#1069,.T.);
#716=FACE_OUTER_BOUND('',#1070,.T.);
#717=FACE_OUTER_BOUND('',#1071,.T.);
#718=FACE_OUTER_BOUND('',#1072,.T.);
#719=FACE_OUTER_BOUND('',#1073,.T.);
#720=FACE_OUTER_BOUND('',#1074,.T.);
#721=FACE_OUTER_BOUND('',#1075,.T.);
#722=FACE_OUTER_BOUND('',#1076,.T.);
#723=FACE_OUTER_BOUND('',#1077,.T.);
#724=FACE_OUTER_BOUND('',#1078,.T.);
#725=FACE_OUTER_BOUND('',#1079,.T.);
#726=FACE_OUTER_BOUND('',#1080,.T.);
#727=FACE_OUTER_BOUND('',#1081,.T.);
#728=FACE_OUTER_BOUND('',#1082,.T.);
#729=FACE_OUTER_BOUND('',#1083,.T.);
#730=FACE_OUTER_BOUND('',#1084,.T.);
#731=FACE_OUTER_BOUND('',#1085,.T.);
#732=FACE_OUTER_BOUND('',#1086,.T.);
#733=FACE_OUTER_BOUND('',#1087,.T.);
#734=FACE_OUTER_BOUND('',#1088,.T.);
#735=FACE_OUTER_BOUND('',#1089,.T.);
#736=FACE_OUTER_BOUND('',#1090,.T.);
#737=FACE_OUTER_BOUND('',#1091,.T.);
#738=FACE_OUTER_BOUND('',#1092,.T.);
#739=FACE_OUTER_BOUND('',#1093,.T.);
#740=FACE_OUTER_BOUND('',#1094,.T.);
#741=FACE_OUTER_BOUND('',#1095,.T.);
#742=FACE_OUTER_BOUND('',#1096,.T.);
#743=FACE_OUTER_BOUND('',#1097,.T.);
#744=FACE_OUTER_BOUND('',#1098,.T.);
#745=FACE_OUTER_BOUND('',#1099,.T.);
#746=FACE_OUTER_BOUND('',#1100,.T.);
#747=FACE_OUTER_BOUND('',#1101,.T.);
#748=FACE_OUTER_BOUND('',#1102,.T.);
#749=FACE_OUTER_BOUND('',#1103,.T.);
#750=FACE_OUTER_BOUND('',#1104,.T.);
#751=FACE_OUTER_BOUND('',#1105,.T.);
#752=FACE_OUTER_BOUND('',#1106,.T.);
#753=FACE_OUTER_BOUND('',#1107,.T.);
#754=FACE_OUTER_BOUND('',#1108,.T.);
#755=FACE_OUTER_BOUND('',#1109,.T.);
#756=FACE_OUTER_BOUND('',#1110,.T.);
#757=FACE_OUTER_BOUND('',#1111,.T.);
#758=FACE_OUTER_BOUND('',#1112,.T.);
#759=FACE_OUTER_BOUND('',#1113,.T.);
#760=FACE_OUTER_BOUND('',#1114,.T.);
#761=FACE_OUTER_BOUND('',#1115,.T.);
#762=FACE_OUTER_BOUND('',#1116,.T.);
#763=FACE_OUTER_BOUND('',#1117,.T.);
#764=FACE_OUTER_BOUND('',#1118,.T.);
#765=FACE_OUTER_BOUND('',#1119,.T.);
#766=FACE_OUTER_BOUND('',#1120,.T.);
#767=FACE_OUTER_BOUND('',#1121,.T.);
#768=FACE_OUTER_BOUND('',#1122,.T.);
#769=FACE_OUTER_BOUND('',#1123,.T.);
#770=FACE_OUTER_BOUND('',#1124,.T.);
#771=FACE_OUTER_BOUND('',#1125,.T.);
#772=FACE_OUTER_BOUND('',#1126,.T.);
#773=FACE_OUTER_BOUND('',#1127,.T.);
#774=FACE_OUTER_BOUND('',#1128,.T.);
#775=FACE_OUTER_BOUND('',#1129,.T.);
#776=FACE_OUTER_BOUND('',#1130,.T.);
#777=FACE_OUTER_BOUND('',#1131,.T.);
#778=FACE_OUTER_BOUND('',#1132,.T.);
#779=FACE_OUTER_BOUND('',#1133,.T.);
#780=FACE_OUTER_BOUND('',#1134,.T.);
#781=FACE_OUTER_BOUND('',#1135,.T.);
#782=FACE_OUTER_BOUND('',#1136,.T.);
#783=FACE_OUTER_BOUND('',#1137,.T.);
#784=FACE_OUTER_BOUND('',#1138,.T.);
#785=FACE_OUTER_BOUND('',#1139,.T.);
#786=FACE_OUTER_BOUND('',#1140,.T.);
#787=FACE_OUTER_BOUND('',#1141,.T.);
#788=FACE_OUTER_BOUND('',#1142,.T.);
#789=FACE_OUTER_BOUND('',#1143,.T.);
#790=FACE_OUTER_BOUND('',#1144,.T.);
#791=FACE_OUTER_BOUND('',#1145,.T.);
#792=FACE_OUTER_BOUND('',#1146,.T.);
#793=FACE_OUTER_BOUND('',#1147,.T.);
#794=FACE_OUTER_BOUND('',#1148,.T.);
#795=FACE_OUTER_BOUND('',#1149,.T.);
#796=FACE_OUTER_BOUND('',#1150,.T.);
#797=FACE_OUTER_BOUND('',#1151,.T.);
#798=FACE_OUTER_BOUND('',#1152,.T.);
#799=FACE_OUTER_BOUND('',#1153,.T.);
#800=FACE_OUTER_BOUND('',#1154,.T.);
#801=FACE_OUTER_BOUND('',#1155,.T.);
#802=FACE_OUTER_BOUND('',#1156,.T.);
#803=FACE_OUTER_BOUND('',#1157,.T.);
#804=FACE_OUTER_BOUND('',#1158,.T.);
#805=FACE_OUTER_BOUND('',#1159,.T.);
#806=FACE_OUTER_BOUND('',#1160,.T.);
#807=FACE_OUTER_BOUND('',#1161,.T.);
#808=FACE_OUTER_BOUND('',#1162,.T.);
#809=FACE_OUTER_BOUND('',#1163,.T.);
#810=FACE_OUTER_BOUND('',#1164,.T.);
#811=FACE_OUTER_BOUND('',#1165,.T.);
#812=FACE_OUTER_BOUND('',#1166,.T.);
#813=FACE_OUTER_BOUND('',#1167,.T.);
#814=FACE_OUTER_BOUND('',#1168,.T.);
#815=FACE_OUTER_BOUND('',#1169,.T.);
#816=FACE_OUTER_BOUND('',#1170,.T.);
#817=FACE_OUTER_BOUND('',#1171,.T.);
#818=FACE_OUTER_BOUND('',#1172,.T.);
#819=FACE_OUTER_BOUND('',#1173,.T.);
#820=FACE_OUTER_BOUND('',#1174,.T.);
#821=FACE_OUTER_BOUND('',#1175,.T.);
#822=FACE_OUTER_BOUND('',#1176,.T.);
#823=FACE_OUTER_BOUND('',#1177,.T.);
#824=FACE_OUTER_BOUND('',#1178,.T.);
#825=FACE_OUTER_BOUND('',#1179,.T.);
#826=FACE_OUTER_BOUND('',#1180,.T.);
#827=FACE_OUTER_BOUND('',#1181,.T.);
#828=FACE_OUTER_BOUND('',#1182,.T.);
#829=FACE_OUTER_BOUND('',#1183,.T.);
#830=FACE_OUTER_BOUND('',#1184,.T.);
#831=FACE_OUTER_BOUND('',#1185,.T.);
#832=FACE_OUTER_BOUND('',#1186,.T.);
#833=FACE_OUTER_BOUND('',#1187,.T.);
#834=FACE_OUTER_BOUND('',#1188,.T.);
#835=FACE_OUTER_BOUND('',#1189,.T.);
#836=FACE_OUTER_BOUND('',#1190,.T.);
#837=FACE_OUTER_BOUND('',#1191,.T.);
#838=FACE_OUTER_BOUND('',#1192,.T.);
#839=FACE_OUTER_BOUND('',#1193,.T.);
#840=FACE_OUTER_BOUND('',#1194,.T.);
#841=FACE_OUTER_BOUND('',#1195,.T.);
#842=FACE_OUTER_BOUND('',#1196,.T.);
#843=FACE_OUTER_BOUND('',#1197,.T.);
#844=FACE_OUTER_BOUND('',#1198,.T.);
#845=FACE_OUTER_BOUND('',#1199,.T.);
#846=FACE_OUTER_BOUND('',#1200,.T.);
#847=FACE_OUTER_BOUND('',#1201,.T.);
#848=FACE_OUTER_BOUND('',#1202,.T.);
#849=FACE_OUTER_BOUND('',#1203,.T.);
#850=FACE_OUTER_BOUND('',#1204,.T.);
#851=FACE_OUTER_BOUND('',#1205,.T.);
#852=FACE_OUTER_BOUND('',#1206,.T.);
#853=FACE_OUTER_BOUND('',#1207,.T.);
#854=FACE_OUTER_BOUND('',#1208,.T.);
#855=FACE_OUTER_BOUND('',#1209,.T.);
#856=FACE_OUTER_BOUND('',#1210,.T.);
#857=FACE_OUTER_BOUND('',#1211,.T.);
#858=FACE_OUTER_BOUND('',#1212,.T.);
#859=FACE_OUTER_BOUND('',#1213,.T.);
#860=FACE_OUTER_BOUND('',#1214,.T.);
#861=FACE_OUTER_BOUND('',#1215,.T.);
#862=FACE_OUTER_BOUND('',#1216,.T.);
#863=FACE_OUTER_BOUND('',#1217,.T.);
#864=FACE_OUTER_BOUND('',#1218,.T.);
#865=FACE_OUTER_BOUND('',#1219,.T.);
#866=FACE_OUTER_BOUND('',#1220,.T.);
#867=FACE_OUTER_BOUND('',#1221,.T.);
#868=FACE_OUTER_BOUND('',#1222,.T.);
#869=FACE_OUTER_BOUND('',#1223,.T.);
#870=FACE_OUTER_BOUND('',#1224,.T.);
#871=FACE_OUTER_BOUND('',#1225,.T.);
#872=FACE_OUTER_BOUND('',#1226,.T.);
#873=FACE_OUTER_BOUND('',#1227,.T.);
#874=FACE_OUTER_BOUND('',#1228,.T.);
#875=FACE_OUTER_BOUND('',#1229,.T.);
#876=FACE_OUTER_BOUND('',#1230,.T.);
#877=EDGE_LOOP('',(#4061,#4062,#4063,#4064));
#878=EDGE_LOOP('',(#4065,#4066,#4067,#4068));
#879=EDGE_LOOP('',(#4069,#4070,#4071,#4072));
#880=EDGE_LOOP('',(#4073,#4074,#4075,#4076));
#881=EDGE_LOOP('',(#4077,#4078,#4079,#4080));
#882=EDGE_LOOP('',(#4081,#4082,#4083,#4084));
#883=EDGE_LOOP('',(#4085,#4086,#4087,#4088));
#884=EDGE_LOOP('',(#4089,#4090,#4091,#4092));
#885=EDGE_LOOP('',(#4093,#4094,#4095,#4096));
#886=EDGE_LOOP('',(#4097,#4098,#4099,#4100));
#887=EDGE_LOOP('',(#4101,#4102,#4103,#4104));
#888=EDGE_LOOP('',(#4105,#4106,#4107,#4108));
#889=EDGE_LOOP('',(#4109,#4110,#4111,#4112));
#890=EDGE_LOOP('',(#4113,#4114,#4115,#4116));
#891=EDGE_LOOP('',(#4117,#4118,#4119,#4120));
#892=EDGE_LOOP('',(#4121,#4122,#4123,#4124));
#893=EDGE_LOOP('',(#4125,#4126,#4127,#4128,#4129,#4130,#4131,#4132,#4133,
#4134,#4135,#4136,#4137,#4138,#4139,#4140));
#894=EDGE_LOOP('',(#4141,#4142,#4143,#4144,#4145,#4146,#4147,#4148,#4149,
#4150,#4151,#4152,#4153,#4154,#4155,#4156));
#895=EDGE_LOOP('',(#4157,#4158,#4159,#4160,#4161,#4162,#4163,#4164,#4165,
#4166,#4167,#4168));
#896=EDGE_LOOP('',(#4169,#4170,#4171,#4172));
#897=EDGE_LOOP('',(#4173,#4174,#4175,#4176));
#898=EDGE_LOOP('',(#4177,#4178,#4179,#4180));
#899=EDGE_LOOP('',(#4181,#4182,#4183,#4184));
#900=EDGE_LOOP('',(#4185,#4186,#4187,#4188));
#901=EDGE_LOOP('',(#4189,#4190,#4191,#4192));
#902=EDGE_LOOP('',(#4193,#4194,#4195,#4196));
#903=EDGE_LOOP('',(#4197,#4198,#4199,#4200));
#904=EDGE_LOOP('',(#4201,#4202,#4203,#4204));
#905=EDGE_LOOP('',(#4205,#4206,#4207,#4208));
#906=EDGE_LOOP('',(#4209,#4210,#4211,#4212));
#907=EDGE_LOOP('',(#4213,#4214,#4215,#4216));
#908=EDGE_LOOP('',(#4217,#4218,#4219,#4220,#4221,#4222,#4223,#4224,#4225,
#4226,#4227,#4228));
#909=EDGE_LOOP('',(#4229,#4230,#4231,#4232));
#910=EDGE_LOOP('',(#4233,#4234,#4235,#4236,#4237,#4238));
#911=EDGE_LOOP('',(#4239,#4240,#4241,#4242));
#912=EDGE_LOOP('',(#4243,#4244,#4245,#4246));
#913=EDGE_LOOP('',(#4247,#4248,#4249,#4250,#4251,#4252));
#914=EDGE_LOOP('',(#4253,#4254,#4255,#4256,#4257,#4258,#4259,#4260));
#915=EDGE_LOOP('',(#4261,#4262,#4263,#4264,#4265,#4266,#4267,#4268,#4269,
#4270,#4271,#4272));
#916=EDGE_LOOP('',(#4273,#4274,#4275,#4276));
#917=EDGE_LOOP('',(#4277,#4278,#4279,#4280));
#918=EDGE_LOOP('',(#4281,#4282,#4283,#4284));
#919=EDGE_LOOP('',(#4285,#4286,#4287,#4288));
#920=EDGE_LOOP('',(#4289,#4290,#4291,#4292));
#921=EDGE_LOOP('',(#4293,#4294,#4295,#4296));
#922=EDGE_LOOP('',(#4297,#4298,#4299,#4300));
#923=EDGE_LOOP('',(#4301,#4302,#4303,#4304,#4305,#4306,#4307,#4308));
#924=EDGE_LOOP('',(#4309,#4310,#4311,#4312));
#925=EDGE_LOOP('',(#4313,#4314,#4315,#4316,#4317,#4318,#4319,#4320));
#926=EDGE_LOOP('',(#4321,#4322,#4323,#4324,#4325,#4326));
#927=EDGE_LOOP('',(#4327,#4328,#4329,#4330,#4331,#4332,#4333,#4334,#4335,
#4336,#4337,#4338));
#928=EDGE_LOOP('',(#4339,#4340,#4341,#4342,#4343,#4344));
#929=EDGE_LOOP('',(#4345,#4346,#4347,#4348));
#930=EDGE_LOOP('',(#4349,#4350,#4351,#4352,#4353,#4354));
#931=EDGE_LOOP('',(#4355,#4356,#4357,#4358));
#932=EDGE_LOOP('',(#4359,#4360,#4361,#4362));
#933=EDGE_LOOP('',(#4363,#4364,#4365,#4366));
#934=EDGE_LOOP('',(#4367,#4368,#4369,#4370));
#935=EDGE_LOOP('',(#4371,#4372,#4373,#4374));
#936=EDGE_LOOP('',(#4375,#4376,#4377,#4378,#4379,#4380,#4381,#4382));
#937=EDGE_LOOP('',(#4383,#4384,#4385,#4386));
#938=EDGE_LOOP('',(#4387,#4388,#4389,#4390));
#939=EDGE_LOOP('',(#4391,#4392,#4393,#4394,#4395,#4396,#4397,#4398,#4399,
#4400,#4401,#4402));
#940=EDGE_LOOP('',(#4403,#4404,#4405,#4406));
#941=EDGE_LOOP('',(#4407,#4408,#4409,#4410));
#942=EDGE_LOOP('',(#4411,#4412,#4413,#4414));
#943=EDGE_LOOP('',(#4415,#4416,#4417,#4418));
#944=EDGE_LOOP('',(#4419,#4420,#4421,#4422));
#945=EDGE_LOOP('',(#4423,#4424,#4425,#4426));
#946=EDGE_LOOP('',(#4427,#4428,#4429,#4430));
#947=EDGE_LOOP('',(#4431,#4432,#4433,#4434,#4435,#4436));
#948=EDGE_LOOP('',(#4437,#4438,#4439,#4440,#4441,#4442,#4443,#4444,#4445,
#4446,#4447,#4448));
#949=EDGE_LOOP('',(#4449,#4450,#4451,#4452,#4453,#4454,#4455,#4456,#4457,
#4458,#4459,#4460));
#950=EDGE_LOOP('',(#4461,#4462,#4463,#4464));
#951=EDGE_LOOP('',(#4465,#4466,#4467,#4468));
#952=EDGE_LOOP('',(#4469,#4470,#4471,#4472));
#953=EDGE_LOOP('',(#4473,#4474,#4475,#4476));
#954=EDGE_LOOP('',(#4477,#4478,#4479,#4480));
#955=EDGE_LOOP('',(#4481,#4482,#4483,#4484));
#956=EDGE_LOOP('',(#4485,#4486,#4487,#4488));
#957=EDGE_LOOP('',(#4489,#4490,#4491,#4492));
#958=EDGE_LOOP('',(#4493,#4494,#4495,#4496));
#959=EDGE_LOOP('',(#4497,#4498,#4499,#4500));
#960=EDGE_LOOP('',(#4501,#4502,#4503,#4504));
#961=EDGE_LOOP('',(#4505,#4506,#4507,#4508));
#962=EDGE_LOOP('',(#4509,#4510,#4511,#4512,#4513,#4514,#4515,#4516,#4517,
#4518,#4519,#4520));
#963=EDGE_LOOP('',(#4521,#4522,#4523,#4524));
#964=EDGE_LOOP('',(#4525,#4526,#4527,#4528));
#965=EDGE_LOOP('',(#4529,#4530,#4531,#4532));
#966=EDGE_LOOP('',(#4533,#4534,#4535,#4536));
#967=EDGE_LOOP('',(#4537,#4538,#4539,#4540));
#968=EDGE_LOOP('',(#4541,#4542,#4543,#4544));
#969=EDGE_LOOP('',(#4545,#4546,#4547,#4548));
#970=EDGE_LOOP('',(#4549,#4550,#4551,#4552));
#971=EDGE_LOOP('',(#4553,#4554,#4555,#4556));
#972=EDGE_LOOP('',(#4557,#4558,#4559,#4560));
#973=EDGE_LOOP('',(#4561,#4562,#4563,#4564));
#974=EDGE_LOOP('',(#4565,#4566,#4567,#4568));
#975=EDGE_LOOP('',(#4569,#4570,#4571,#4572));
#976=EDGE_LOOP('',(#4573,#4574,#4575,#4576));
#977=EDGE_LOOP('',(#4577,#4578,#4579,#4580));
#978=EDGE_LOOP('',(#4581,#4582,#4583,#4584));
#979=EDGE_LOOP('',(#4585,#4586,#4587,#4588,#4589,#4590,#4591,#4592,#4593,
#4594,#4595,#4596,#4597,#4598,#4599,#4600));
#980=EDGE_LOOP('',(#4601,#4602,#4603,#4604,#4605,#4606,#4607,#4608,#4609,
#4610,#4611,#4612,#4613,#4614,#4615,#4616));
#981=EDGE_LOOP('',(#4617,#4618,#4619,#4620));
#982=EDGE_LOOP('',(#4621,#4622,#4623,#4624));
#983=EDGE_LOOP('',(#4625,#4626,#4627,#4628));
#984=EDGE_LOOP('',(#4629,#4630,#4631,#4632));
#985=EDGE_LOOP('',(#4633,#4634,#4635,#4636));
#986=EDGE_LOOP('',(#4637,#4638,#4639,#4640));
#987=EDGE_LOOP('',(#4641,#4642,#4643,#4644));
#988=EDGE_LOOP('',(#4645,#4646,#4647,#4648));
#989=EDGE_LOOP('',(#4649,#4650,#4651,#4652));
#990=EDGE_LOOP('',(#4653,#4654,#4655,#4656));
#991=EDGE_LOOP('',(#4657,#4658,#4659,#4660));
#992=EDGE_LOOP('',(#4661,#4662,#4663,#4664));
#993=EDGE_LOOP('',(#4665,#4666,#4667,#4668));
#994=EDGE_LOOP('',(#4669,#4670,#4671,#4672));
#995=EDGE_LOOP('',(#4673,#4674,#4675,#4676));
#996=EDGE_LOOP('',(#4677,#4678,#4679,#4680));
#997=EDGE_LOOP('',(#4681,#4682,#4683,#4684,#4685,#4686,#4687,#4688,#4689,
#4690,#4691,#4692,#4693,#4694,#4695,#4696));
#998=EDGE_LOOP('',(#4697,#4698,#4699,#4700,#4701,#4702,#4703,#4704,#4705,
#4706,#4707,#4708,#4709,#4710,#4711,#4712));
#999=EDGE_LOOP('',(#4713,#4714,#4715,#4716));
#1000=EDGE_LOOP('',(#4717,#4718,#4719,#4720));
#1001=EDGE_LOOP('',(#4721,#4722,#4723,#4724));
#1002=EDGE_LOOP('',(#4725,#4726,#4727,#4728));
#1003=EDGE_LOOP('',(#4729,#4730,#4731,#4732));
#1004=EDGE_LOOP('',(#4733,#4734,#4735,#4736));
#1005=EDGE_LOOP('',(#4737,#4738,#4739,#4740));
#1006=EDGE_LOOP('',(#4741,#4742,#4743,#4744));
#1007=EDGE_LOOP('',(#4745,#4746,#4747,#4748));
#1008=EDGE_LOOP('',(#4749,#4750,#4751,#4752));
#1009=EDGE_LOOP('',(#4753,#4754,#4755,#4756));
#1010=EDGE_LOOP('',(#4757,#4758,#4759,#4760));
#1011=EDGE_LOOP('',(#4761,#4762,#4763,#4764));
#1012=EDGE_LOOP('',(#4765,#4766,#4767,#4768));
#1013=EDGE_LOOP('',(#4769,#4770,#4771,#4772));
#1014=EDGE_LOOP('',(#4773,#4774,#4775,#4776));
#1015=EDGE_LOOP('',(#4777,#4778,#4779,#4780,#4781,#4782,#4783,#4784,#4785,
#4786,#4787,#4788,#4789,#4790,#4791,#4792));
#1016=EDGE_LOOP('',(#4793,#4794,#4795,#4796,#4797,#4798,#4799,#4800,#4801,
#4802,#4803,#4804,#4805,#4806,#4807,#4808));
#1017=EDGE_LOOP('',(#4809,#4810,#4811,#4812));
#1018=EDGE_LOOP('',(#4813,#4814,#4815,#4816));
#1019=EDGE_LOOP('',(#4817,#4818,#4819,#4820,#4821,#4822,#4823,#4824));
#1020=EDGE_LOOP('',(#4825,#4826,#4827,#4828));
#1021=EDGE_LOOP('',(#4829,#4830,#4831,#4832));
#1022=EDGE_LOOP('',(#4833,#4834,#4835,#4836));
#1023=EDGE_LOOP('',(#4837,#4838,#4839,#4840,#4841,#4842,#4843,#4844));
#1024=EDGE_LOOP('',(#4845,#4846,#4847,#4848));
#1025=EDGE_LOOP('',(#4849,#4850,#4851,#4852));
#1026=EDGE_LOOP('',(#4853,#4854,#4855,#4856));
#1027=EDGE_LOOP('',(#4857,#4858,#4859,#4860));
#1028=EDGE_LOOP('',(#4861,#4862,#4863,#4864));
#1029=EDGE_LOOP('',(#4865,#4866,#4867,#4868,#4869,#4870,#4871,#4872));
#1030=EDGE_LOOP('',(#4873,#4874,#4875,#4876));
#1031=EDGE_LOOP('',(#4877,#4878,#4879,#4880));
#1032=EDGE_LOOP('',(#4881,#4882,#4883,#4884));
#1033=EDGE_LOOP('',(#4885,#4886,#4887,#4888,#4889,#4890,#4891,#4892));
#1034=EDGE_LOOP('',(#4893,#4894,#4895,#4896));
#1035=EDGE_LOOP('',(#4897,#4898,#4899,#4900));
#1036=EDGE_LOOP('',(#4901,#4902,#4903,#4904));
#1037=EDGE_LOOP('',(#4905,#4906,#4907,#4908));
#1038=EDGE_LOOP('',(#4909,#4910,#4911,#4912));
#1039=EDGE_LOOP('',(#4913,#4914,#4915,#4916));
#1040=EDGE_LOOP('',(#4917,#4918,#4919,#4920));
#1041=EDGE_LOOP('',(#4921,#4922,#4923,#4924));
#1042=EDGE_LOOP('',(#4925,#4926,#4927,#4928));
#1043=EDGE_LOOP('',(#4929,#4930,#4931,#4932));
#1044=EDGE_LOOP('',(#4933,#4934,#4935,#4936));
#1045=EDGE_LOOP('',(#4937,#4938,#4939,#4940));
#1046=EDGE_LOOP('',(#4941,#4942,#4943,#4944));
#1047=EDGE_LOOP('',(#4945,#4946,#4947,#4948));
#1048=EDGE_LOOP('',(#4949,#4950,#4951,#4952));
#1049=EDGE_LOOP('',(#4953,#4954,#4955,#4956));
#1050=EDGE_LOOP('',(#4957,#4958,#4959,#4960));
#1051=EDGE_LOOP('',(#4961,#4962,#4963,#4964));
#1052=EDGE_LOOP('',(#4965,#4966,#4967,#4968));
#1053=EDGE_LOOP('',(#4969,#4970,#4971,#4972));
#1054=EDGE_LOOP('',(#4973,#4974,#4975,#4976));
#1055=EDGE_LOOP('',(#4977,#4978,#4979,#4980));
#1056=EDGE_LOOP('',(#4981,#4982,#4983,#4984));
#1057=EDGE_LOOP('',(#4985,#4986,#4987,#4988));
#1058=EDGE_LOOP('',(#4989,#4990,#4991,#4992));
#1059=EDGE_LOOP('',(#4993,#4994,#4995,#4996));
#1060=EDGE_LOOP('',(#4997,#4998,#4999,#5000));
#1061=EDGE_LOOP('',(#5001,#5002,#5003,#5004));
#1062=EDGE_LOOP('',(#5005,#5006,#5007,#5008));
#1063=EDGE_LOOP('',(#5009,#5010,#5011,#5012));
#1064=EDGE_LOOP('',(#5013,#5014,#5015,#5016));
#1065=EDGE_LOOP('',(#5017,#5018,#5019,#5020));
#1066=EDGE_LOOP('',(#5021,#5022,#5023,#5024));
#1067=EDGE_LOOP('',(#5025,#5026,#5027,#5028));
#1068=EDGE_LOOP('',(#5029,#5030,#5031,#5032));
#1069=EDGE_LOOP('',(#5033,#5034,#5035,#5036));
#1070=EDGE_LOOP('',(#5037,#5038,#5039,#5040));
#1071=EDGE_LOOP('',(#5041,#5042,#5043,#5044));
#1072=EDGE_LOOP('',(#5045,#5046,#5047,#5048));
#1073=EDGE_LOOP('',(#5049,#5050,#5051,#5052));
#1074=EDGE_LOOP('',(#5053,#5054,#5055,#5056));
#1075=EDGE_LOOP('',(#5057,#5058,#5059,#5060));
#1076=EDGE_LOOP('',(#5061,#5062,#5063,#5064));
#1077=EDGE_LOOP('',(#5065,#5066,#5067,#5068));
#1078=EDGE_LOOP('',(#5069,#5070,#5071,#5072));
#1079=EDGE_LOOP('',(#5073,#5074,#5075,#5076));
#1080=EDGE_LOOP('',(#5077,#5078,#5079,#5080));
#1081=EDGE_LOOP('',(#5081,#5082,#5083,#5084,#5085,#5086,#5087,#5088));
#1082=EDGE_LOOP('',(#5089,#5090,#5091,#5092));
#1083=EDGE_LOOP('',(#5093,#5094,#5095,#5096));
#1084=EDGE_LOOP('',(#5097,#5098,#5099,#5100));
#1085=EDGE_LOOP('',(#5101,#5102,#5103,#5104,#5105,#5106,#5107,#5108));
#1086=EDGE_LOOP('',(#5109,#5110,#5111,#5112));
#1087=EDGE_LOOP('',(#5113,#5114,#5115,#5116));
#1088=EDGE_LOOP('',(#5117,#5118,#5119,#5120));
#1089=EDGE_LOOP('',(#5121,#5122,#5123,#5124));
#1090=EDGE_LOOP('',(#5125,#5126,#5127,#5128));
#1091=EDGE_LOOP('',(#5129,#5130,#5131,#5132,#5133,#5134,#5135,#5136));
#1092=EDGE_LOOP('',(#5137,#5138,#5139,#5140));
#1093=EDGE_LOOP('',(#5141,#5142,#5143,#5144));
#1094=EDGE_LOOP('',(#5145,#5146,#5147,#5148));
#1095=EDGE_LOOP('',(#5149,#5150,#5151,#5152,#5153,#5154,#5155,#5156));
#1096=EDGE_LOOP('',(#5157,#5158,#5159,#5160));
#1097=EDGE_LOOP('',(#5161,#5162,#5163,#5164));
#1098=EDGE_LOOP('',(#5165,#5166,#5167,#5168));
#1099=EDGE_LOOP('',(#5169,#5170,#5171,#5172));
#1100=EDGE_LOOP('',(#5173,#5174,#5175,#5176));
#1101=EDGE_LOOP('',(#5177,#5178,#5179,#5180));
#1102=EDGE_LOOP('',(#5181,#5182,#5183,#5184));
#1103=EDGE_LOOP('',(#5185,#5186,#5187,#5188));
#1104=EDGE_LOOP('',(#5189,#5190,#5191,#5192));
#1105=EDGE_LOOP('',(#5193,#5194,#5195,#5196));
#1106=EDGE_LOOP('',(#5197,#5198,#5199,#5200));
#1107=EDGE_LOOP('',(#5201,#5202,#5203,#5204));
#1108=EDGE_LOOP('',(#5205,#5206,#5207,#5208));
#1109=EDGE_LOOP('',(#5209,#5210,#5211,#5212));
#1110=EDGE_LOOP('',(#5213,#5214,#5215,#5216));
#1111=EDGE_LOOP('',(#5217,#5218,#5219,#5220));
#1112=EDGE_LOOP('',(#5221,#5222,#5223,#5224));
#1113=EDGE_LOOP('',(#5225,#5226,#5227,#5228));
#1114=EDGE_LOOP('',(#5229,#5230,#5231,#5232));
#1115=EDGE_LOOP('',(#5233,#5234,#5235,#5236));
#1116=EDGE_LOOP('',(#5237,#5238,#5239,#5240));
#1117=EDGE_LOOP('',(#5241,#5242,#5243,#5244));
#1118=EDGE_LOOP('',(#5245,#5246,#5247,#5248));
#1119=EDGE_LOOP('',(#5249,#5250,#5251,#5252));
#1120=EDGE_LOOP('',(#5253,#5254,#5255,#5256));
#1121=EDGE_LOOP('',(#5257,#5258,#5259,#5260));
#1122=EDGE_LOOP('',(#5261,#5262,#5263,#5264));
#1123=EDGE_LOOP('',(#5265,#5266,#5267,#5268));
#1124=EDGE_LOOP('',(#5269,#5270,#5271,#5272));
#1125=EDGE_LOOP('',(#5273,#5274,#5275,#5276));
#1126=EDGE_LOOP('',(#5277,#5278,#5279,#5280));
#1127=EDGE_LOOP('',(#5281,#5282,#5283,#5284));
#1128=EDGE_LOOP('',(#5285,#5286,#5287,#5288));
#1129=EDGE_LOOP('',(#5289,#5290,#5291,#5292));
#1130=EDGE_LOOP('',(#5293,#5294,#5295,#5296));
#1131=EDGE_LOOP('',(#5297,#5298,#5299,#5300));
#1132=EDGE_LOOP('',(#5301,#5302,#5303,#5304));
#1133=EDGE_LOOP('',(#5305,#5306,#5307,#5308));
#1134=EDGE_LOOP('',(#5309,#5310,#5311,#5312));
#1135=EDGE_LOOP('',(#5313,#5314,#5315,#5316));
#1136=EDGE_LOOP('',(#5317,#5318,#5319,#5320));
#1137=EDGE_LOOP('',(#5321,#5322,#5323,#5324));
#1138=EDGE_LOOP('',(#5325,#5326,#5327,#5328));
#1139=EDGE_LOOP('',(#5329,#5330,#5331,#5332));
#1140=EDGE_LOOP('',(#5333,#5334,#5335,#5336));
#1141=EDGE_LOOP('',(#5337,#5338,#5339,#5340));
#1142=EDGE_LOOP('',(#5341,#5342,#5343,#5344));
#1143=EDGE_LOOP('',(#5345,#5346,#5347,#5348));
#1144=EDGE_LOOP('',(#5349,#5350,#5351,#5352));
#1145=EDGE_LOOP('',(#5353,#5354,#5355,#5356));
#1146=EDGE_LOOP('',(#5357,#5358,#5359,#5360));
#1147=EDGE_LOOP('',(#5361,#5362,#5363,#5364));
#1148=EDGE_LOOP('',(#5365,#5366,#5367,#5368));
#1149=EDGE_LOOP('',(#5369,#5370,#5371,#5372));
#1150=EDGE_LOOP('',(#5373,#5374,#5375,#5376));
#1151=EDGE_LOOP('',(#5377,#5378,#5379,#5380));
#1152=EDGE_LOOP('',(#5381,#5382,#5383,#5384));
#1153=EDGE_LOOP('',(#5385,#5386,#5387,#5388));
#1154=EDGE_LOOP('',(#5389,#5390,#5391,#5392));
#1155=EDGE_LOOP('',(#5393,#5394,#5395,#5396));
#1156=EDGE_LOOP('',(#5397,#5398,#5399,#5400));
#1157=EDGE_LOOP('',(#5401,#5402,#5403,#5404));
#1158=EDGE_LOOP('',(#5405,#5406,#5407,#5408));
#1159=EDGE_LOOP('',(#5409,#5410,#5411,#5412));
#1160=EDGE_LOOP('',(#5413,#5414,#5415,#5416));
#1161=EDGE_LOOP('',(#5417,#5418,#5419,#5420));
#1162=EDGE_LOOP('',(#5421,#5422,#5423,#5424));
#1163=EDGE_LOOP('',(#5425,#5426,#5427,#5428));
#1164=EDGE_LOOP('',(#5429,#5430,#5431,#5432));
#1165=EDGE_LOOP('',(#5433,#5434,#5435,#5436));
#1166=EDGE_LOOP('',(#5437,#5438,#5439,#5440));
#1167=EDGE_LOOP('',(#5441,#5442,#5443,#5444));
#1168=EDGE_LOOP('',(#5445,#5446,#5447,#5448));
#1169=EDGE_LOOP('',(#5449,#5450,#5451,#5452));
#1170=EDGE_LOOP('',(#5453,#5454,#5455,#5456));
#1171=EDGE_LOOP('',(#5457,#5458,#5459,#5460));
#1172=EDGE_LOOP('',(#5461,#5462,#5463,#5464));
#1173=EDGE_LOOP('',(#5465,#5466,#5467,#5468));
#1174=EDGE_LOOP('',(#5469,#5470,#5471,#5472));
#1175=EDGE_LOOP('',(#5473,#5474,#5475,#5476));
#1176=EDGE_LOOP('',(#5477,#5478,#5479,#5480));
#1177=EDGE_LOOP('',(#5481,#5482,#5483,#5484));
#1178=EDGE_LOOP('',(#5485,#5486,#5487,#5488));
#1179=EDGE_LOOP('',(#5489,#5490,#5491,#5492));
#1180=EDGE_LOOP('',(#5493,#5494,#5495,#5496));
#1181=EDGE_LOOP('',(#5497,#5498,#5499,#5500));
#1182=EDGE_LOOP('',(#5501,#5502,#5503,#5504));
#1183=EDGE_LOOP('',(#5505,#5506,#5507,#5508));
#1184=EDGE_LOOP('',(#5509,#5510,#5511,#5512));
#1185=EDGE_LOOP('',(#5513,#5514,#5515,#5516));
#1186=EDGE_LOOP('',(#5517,#5518,#5519,#5520));
#1187=EDGE_LOOP('',(#5521,#5522,#5523,#5524));
#1188=EDGE_LOOP('',(#5525,#5526,#5527,#5528));
#1189=EDGE_LOOP('',(#5529,#5530,#5531,#5532));
#1190=EDGE_LOOP('',(#5533,#5534,#5535,#5536));
#1191=EDGE_LOOP('',(#5537,#5538,#5539,#5540));
#1192=EDGE_LOOP('',(#5541,#5542,#5543,#5544));
#1193=EDGE_LOOP('',(#5545,#5546,#5547,#5548));
#1194=EDGE_LOOP('',(#5549,#5550,#5551,#5552));
#1195=EDGE_LOOP('',(#5553,#5554,#5555,#5556));
#1196=EDGE_LOOP('',(#5557,#5558,#5559,#5560));
#1197=EDGE_LOOP('',(#5561,#5562,#5563,#5564));
#1198=EDGE_LOOP('',(#5565,#5566,#5567,#5568));
#1199=EDGE_LOOP('',(#5569,#5570,#5571,#5572));
#1200=EDGE_LOOP('',(#5573,#5574,#5575,#5576));
#1201=EDGE_LOOP('',(#5577,#5578,#5579,#5580));
#1202=EDGE_LOOP('',(#5581,#5582,#5583,#5584));
#1203=EDGE_LOOP('',(#5585,#5586,#5587,#5588));
#1204=EDGE_LOOP('',(#5589,#5590,#5591,#5592));
#1205=EDGE_LOOP('',(#5593,#5594,#5595,#5596));
#1206=EDGE_LOOP('',(#5597,#5598,#5599,#5600));
#1207=EDGE_LOOP('',(#5601,#5602,#5603,#5604));
#1208=EDGE_LOOP('',(#5605,#5606,#5607,#5608));
#1209=EDGE_LOOP('',(#5609,#5610,#5611,#5612));
#1210=EDGE_LOOP('',(#5613,#5614,#5615,#5616));
#1211=EDGE_LOOP('',(#5617,#5618,#5619,#5620));
#1212=EDGE_LOOP('',(#5621,#5622,#5623,#5624));
#1213=EDGE_LOOP('',(#5625,#5626,#5627,#5628));
#1214=EDGE_LOOP('',(#5629,#5630,#5631,#5632));
#1215=EDGE_LOOP('',(#5633,#5634,#5635,#5636));
#1216=EDGE_LOOP('',(#5637,#5638,#5639,#5640));
#1217=EDGE_LOOP('',(#5641,#5642,#5643,#5644));
#1218=EDGE_LOOP('',(#5645,#5646,#5647,#5648));
#1219=EDGE_LOOP('',(#5649,#5650,#5651,#5652));
#1220=EDGE_LOOP('',(#5653,#5654,#5655,#5656));
#1221=EDGE_LOOP('',(#5657,#5658,#5659,#5660));
#1222=EDGE_LOOP('',(#5661,#5662,#5663,#5664));
#1223=EDGE_LOOP('',(#5665,#5666,#5667,#5668));
#1224=EDGE_LOOP('',(#5669,#5670,#5671,#5672));
#1225=EDGE_LOOP('',(#5673,#5674,#5675,#5676));
#1226=EDGE_LOOP('',(#5677,#5678,#5679,#5680));
#1227=EDGE_LOOP('',(#5681,#5682,#5683,#5684));
#1228=EDGE_LOOP('',(#5685,#5686,#5687,#5688));
#1229=EDGE_LOOP('',(#5689,#5690,#5691,#5692));
#1230=EDGE_LOOP('',(#5693,#5694,#5695,#5696));
#1231=LINE('',#9236,#1965);
#1232=LINE('',#9238,#1966);
#1233=LINE('',#9240,#1967);
#1234=LINE('',#9241,#1968);
#1235=LINE('',#9244,#1969);
#1236=LINE('',#9246,#1970);
#1237=LINE('',#9247,#1971);
#1238=LINE('',#9250,#1972);
#1239=LINE('',#9252,#1973);
#1240=LINE('',#9253,#1974);
#1241=LINE('',#9259,#1975);
#1242=LINE('',#9262,#1976);
#1243=LINE('',#9264,#1977);
#1244=LINE('',#9265,#1978);
#1245=LINE('',#9271,#1979);
#1246=LINE('',#9274,#1980);
#1247=LINE('',#9276,#1981);
#1248=LINE('',#9277,#1982);
#1249=LINE('',#9283,#1983);
#1250=LINE('',#9286,#1984);
#1251=LINE('',#9288,#1985);
#1252=LINE('',#9289,#1986);
#1253=LINE('',#9292,#1987);
#1254=LINE('',#9294,#1988);
#1255=LINE('',#9295,#1989);
#1256=LINE('',#9298,#1990);
#1257=LINE('',#9300,#1991);
#1258=LINE('',#9301,#1992);
#1259=LINE('',#9307,#1993);
#1260=LINE('',#9310,#1994);
#1261=LINE('',#9312,#1995);
#1262=LINE('',#9313,#1996);
#1263=LINE('',#9319,#1997);
#1264=LINE('',#9322,#1998);
#1265=LINE('',#9324,#1999);
#1266=LINE('',#9325,#2000);
#1267=LINE('',#9335,#2001);
#1268=LINE('',#9337,#2002);
#1269=LINE('',#9339,#2003);
#1270=LINE('',#9343,#2004);
#1271=LINE('',#9347,#2005);
#1272=LINE('',#9349,#2006);
#1273=LINE('',#9351,#2007);
#1274=LINE('',#9355,#2008);
#1275=LINE('',#9361,#2009);
#1276=LINE('',#9362,#2010);
#1277=LINE('',#9365,#2011);
#1278=LINE('',#9366,#2012);
#1279=LINE('',#9369,#2013);
#1280=LINE('',#9370,#2014);
#1281=LINE('',#9373,#2015);
#1282=LINE('',#9374,#2016);
#1283=LINE('',#9377,#2017);
#1284=LINE('',#9379,#2018);
#1285=LINE('',#9380,#2019);
#1286=LINE('',#9386,#2020);
#1287=LINE('',#9389,#2021);
#1288=LINE('',#9390,#2022);
#1289=LINE('',#9393,#2023);
#1290=LINE('',#9394,#2024);
#1291=LINE('',#9397,#2025);
#1292=LINE('',#9398,#2026);
#1293=LINE('',#9402,#2027);
#1294=LINE('',#9404,#2028);
#1295=LINE('',#9410,#2029);
#1296=LINE('',#9412,#2030);
#1297=LINE('',#9414,#2031);
#1298=LINE('',#9415,#2032);
#1299=LINE('',#9419,#2033);
#1300=LINE('',#9421,#2034);
#1301=LINE('',#9422,#2035);
#1302=LINE('',#9424,#2036);
#1303=LINE('',#9428,#2037);
#1304=LINE('',#9429,#2038);
#1305=LINE('',#9432,#2039);
#1306=LINE('',#9434,#2040);
#1307=LINE('',#9435,#2041);
#1308=LINE('',#9438,#2042);
#1309=LINE('',#9440,#2043);
#1310=LINE('',#9443,#2044);
#1311=LINE('',#9447,#2045);
#1312=LINE('',#9450,#2046);
#1313=LINE('',#9453,#2047);
#1314=LINE('',#9457,#2048);
#1315=LINE('',#9459,#2049);
#1316=LINE('',#9461,#2050);
#1317=LINE('',#9465,#2051);
#1318=LINE('',#9469,#2052);
#1319=LINE('',#9471,#2053);
#1320=LINE('',#9472,#2054);
#1321=LINE('',#9475,#2055);
#1322=LINE('',#9477,#2056);
#1323=LINE('',#9478,#2057);
#1324=LINE('',#9481,#2058);
#1325=LINE('',#9485,#2059);
#1326=LINE('',#9486,#2060);
#1327=LINE('',#9489,#2061);
#1328=LINE('',#9490,#2062);
#1329=LINE('',#9493,#2063);
#1330=LINE('',#9494,#2064);
#1331=LINE('',#9497,#2065);
#1332=LINE('',#9500,#2066);
#1333=LINE('',#9503,#2067);
#1334=LINE('',#9504,#2068);
#1335=LINE('',#9507,#2069);
#1336=LINE('',#9508,#2070);
#1337=LINE('',#9511,#2071);
#1338=LINE('',#9512,#2072);
#1339=LINE('',#9513,#2073);
#1340=LINE('',#9521,#2074);
#1341=LINE('',#9523,#2075);
#1342=LINE('',#9525,#2076);
#1343=LINE('',#9527,#2077);
#1344=LINE('',#9529,#2078);
#1345=LINE('',#9533,#2079);
#1346=LINE('',#9535,#2080);
#1347=LINE('',#9536,#2081);
#1348=LINE('',#9540,#2082);
#1349=LINE('',#9543,#2083);
#1350=LINE('',#9545,#2084);
#1351=LINE('',#9546,#2085);
#1352=LINE('',#9548,#2086);
#1353=LINE('',#9551,#2087);
#1354=LINE('',#9553,#2088);
#1355=LINE('',#9554,#2089);
#1356=LINE('',#9557,#2090);
#1357=LINE('',#9559,#2091);
#1358=LINE('',#9560,#2092);
#1359=LINE('',#9563,#2093);
#1360=LINE('',#9564,#2094);
#1361=LINE('',#9567,#2095);
#1362=LINE('',#9568,#2096);
#1363=LINE('',#9571,#2097);
#1364=LINE('',#9575,#2098);
#1365=LINE('',#9578,#2099);
#1366=LINE('',#9580,#2100);
#1367=LINE('',#9582,#2101);
#1368=LINE('',#9585,#2102);
#1369=LINE('',#9589,#2103);
#1370=LINE('',#9593,#2104);
#1371=LINE('',#9595,#2105);
#1372=LINE('',#9597,#2106);
#1373=LINE('',#9601,#2107);
#1374=LINE('',#9603,#2108);
#1375=LINE('',#9604,#2109);
#1376=LINE('',#9608,#2110);
#1377=LINE('',#9611,#2111);
#1378=LINE('',#9612,#2112);
#1379=LINE('',#9615,#2113);
#1380=LINE('',#9616,#2114);
#1381=LINE('',#9619,#2115);
#1382=LINE('',#9620,#2116);
#1383=LINE('',#9624,#2117);
#1384=LINE('',#9626,#2118);
#1385=LINE('',#9634,#2119);
#1386=LINE('',#9638,#2120);
#1387=LINE('',#9642,#2121);
#1388=LINE('',#9644,#2122);
#1389=LINE('',#9646,#2123);
#1390=LINE('',#9650,#2124);
#1391=LINE('',#9654,#2125);
#1392=LINE('',#9655,#2126);
#1393=LINE('',#9660,#2127);
#1394=LINE('',#9661,#2128);
#1395=LINE('',#9664,#2129);
#1396=LINE('',#9665,#2130);
#1397=LINE('',#9668,#2131);
#1398=LINE('',#9669,#2132);
#1399=LINE('',#9672,#2133);
#1400=LINE('',#9673,#2134);
#1401=LINE('',#9676,#2135);
#1402=LINE('',#9678,#2136);
#1403=LINE('',#9679,#2137);
#1404=LINE('',#9685,#2138);
#1405=LINE('',#9688,#2139);
#1406=LINE('',#9689,#2140);
#1407=LINE('',#9692,#2141);
#1408=LINE('',#9693,#2142);
#1409=LINE('',#9696,#2143);
#1410=LINE('',#9697,#2144);
#1411=LINE('',#9701,#2145);
#1412=LINE('',#9703,#2146);
#1413=LINE('',#9709,#2147);
#1414=LINE('',#9711,#2148);
#1415=LINE('',#9713,#2149);
#1416=LINE('',#9714,#2150);
#1417=LINE('',#9717,#2151);
#1418=LINE('',#9719,#2152);
#1419=LINE('',#9720,#2153);
#1420=LINE('',#9723,#2154);
#1421=LINE('',#9725,#2155);
#1422=LINE('',#9726,#2156);
#1423=LINE('',#9731,#2157);
#1424=LINE('',#9735,#2158);
#1425=LINE('',#9737,#2159);
#1426=LINE('',#9738,#2160);
#1427=LINE('',#9743,#2161);
#1428=LINE('',#9747,#2162);
#1429=LINE('',#9749,#2163);
#1430=LINE('',#9750,#2164);
#1431=LINE('',#9755,#2165);
#1432=LINE('',#9759,#2166);
#1433=LINE('',#9761,#2167);
#1434=LINE('',#9762,#2168);
#1435=LINE('',#9765,#2169);
#1436=LINE('',#9767,#2170);
#1437=LINE('',#9768,#2171);
#1438=LINE('',#9771,#2172);
#1439=LINE('',#9773,#2173);
#1440=LINE('',#9774,#2174);
#1441=LINE('',#9779,#2175);
#1442=LINE('',#9783,#2176);
#1443=LINE('',#9785,#2177);
#1444=LINE('',#9786,#2178);
#1445=LINE('',#9791,#2179);
#1446=LINE('',#9795,#2180);
#1447=LINE('',#9797,#2181);
#1448=LINE('',#9798,#2182);
#1449=LINE('',#9808,#2183);
#1450=LINE('',#9810,#2184);
#1451=LINE('',#9812,#2185);
#1452=LINE('',#9813,#2186);
#1453=LINE('',#9816,#2187);
#1454=LINE('',#9818,#2188);
#1455=LINE('',#9819,#2189);
#1456=LINE('',#9822,#2190);
#1457=LINE('',#9824,#2191);
#1458=LINE('',#9825,#2192);
#1459=LINE('',#9830,#2193);
#1460=LINE('',#9834,#2194);
#1461=LINE('',#9836,#2195);
#1462=LINE('',#9837,#2196);
#1463=LINE('',#9842,#2197);
#1464=LINE('',#9846,#2198);
#1465=LINE('',#9848,#2199);
#1466=LINE('',#9849,#2200);
#1467=LINE('',#9854,#2201);
#1468=LINE('',#9858,#2202);
#1469=LINE('',#9860,#2203);
#1470=LINE('',#9861,#2204);
#1471=LINE('',#9864,#2205);
#1472=LINE('',#9866,#2206);
#1473=LINE('',#9867,#2207);
#1474=LINE('',#9870,#2208);
#1475=LINE('',#9872,#2209);
#1476=LINE('',#9873,#2210);
#1477=LINE('',#9878,#2211);
#1478=LINE('',#9882,#2212);
#1479=LINE('',#9884,#2213);
#1480=LINE('',#9885,#2214);
#1481=LINE('',#9890,#2215);
#1482=LINE('',#9894,#2216);
#1483=LINE('',#9896,#2217);
#1484=LINE('',#9897,#2218);
#1485=LINE('',#9907,#2219);
#1486=LINE('',#9909,#2220);
#1487=LINE('',#9911,#2221);
#1488=LINE('',#9912,#2222);
#1489=LINE('',#9915,#2223);
#1490=LINE('',#9917,#2224);
#1491=LINE('',#9918,#2225);
#1492=LINE('',#9921,#2226);
#1493=LINE('',#9923,#2227);
#1494=LINE('',#9924,#2228);
#1495=LINE('',#9930,#2229);
#1496=LINE('',#9933,#2230);
#1497=LINE('',#9935,#2231);
#1498=LINE('',#9936,#2232);
#1499=LINE('',#9942,#2233);
#1500=LINE('',#9945,#2234);
#1501=LINE('',#9947,#2235);
#1502=LINE('',#9948,#2236);
#1503=LINE('',#9954,#2237);
#1504=LINE('',#9957,#2238);
#1505=LINE('',#9959,#2239);
#1506=LINE('',#9960,#2240);
#1507=LINE('',#9963,#2241);
#1508=LINE('',#9965,#2242);
#1509=LINE('',#9966,#2243);
#1510=LINE('',#9969,#2244);
#1511=LINE('',#9971,#2245);
#1512=LINE('',#9972,#2246);
#1513=LINE('',#9978,#2247);
#1514=LINE('',#9981,#2248);
#1515=LINE('',#9983,#2249);
#1516=LINE('',#9984,#2250);
#1517=LINE('',#9990,#2251);
#1518=LINE('',#9993,#2252);
#1519=LINE('',#9995,#2253);
#1520=LINE('',#9996,#2254);
#1521=LINE('',#10019,#2255);
#1522=LINE('',#10021,#2256);
#1523=LINE('',#10023,#2257);
#1524=LINE('',#10024,#2258);
#1525=LINE('',#10028,#2259);
#1526=LINE('',#10029,#2260);
#1527=LINE('',#10030,#2261);
#1528=LINE('',#10033,#2262);
#1529=LINE('',#10035,#2263);
#1530=LINE('',#10037,#2264);
#1531=LINE('',#10039,#2265);
#1532=LINE('',#10041,#2266);
#1533=LINE('',#10042,#2267);
#1534=LINE('',#10045,#2268);
#1535=LINE('',#10046,#2269);
#1536=LINE('',#10049,#2270);
#1537=LINE('',#10050,#2271);
#1538=LINE('',#10053,#2272);
#1539=LINE('',#10054,#2273);
#1540=LINE('',#10057,#2274);
#1541=LINE('',#10059,#2275);
#1542=LINE('',#10060,#2276);
#1543=LINE('',#10062,#2277);
#1544=LINE('',#10063,#2278);
#1545=LINE('',#10070,#2279);
#1546=LINE('',#10072,#2280);
#1547=LINE('',#10074,#2281);
#1548=LINE('',#10075,#2282);
#1549=LINE('',#10079,#2283);
#1550=LINE('',#10080,#2284);
#1551=LINE('',#10081,#2285);
#1552=LINE('',#10084,#2286);
#1553=LINE('',#10086,#2287);
#1554=LINE('',#10088,#2288);
#1555=LINE('',#10090,#2289);
#1556=LINE('',#10092,#2290);
#1557=LINE('',#10093,#2291);
#1558=LINE('',#10096,#2292);
#1559=LINE('',#10097,#2293);
#1560=LINE('',#10100,#2294);
#1561=LINE('',#10101,#2295);
#1562=LINE('',#10104,#2296);
#1563=LINE('',#10105,#2297);
#1564=LINE('',#10108,#2298);
#1565=LINE('',#10110,#2299);
#1566=LINE('',#10111,#2300);
#1567=LINE('',#10113,#2301);
#1568=LINE('',#10114,#2302);
#1569=LINE('',#10124,#2303);
#1570=LINE('',#10126,#2304);
#1571=LINE('',#10128,#2305);
#1572=LINE('',#10129,#2306);
#1573=LINE('',#10132,#2307);
#1574=LINE('',#10134,#2308);
#1575=LINE('',#10135,#2309);
#1576=LINE('',#10138,#2310);
#1577=LINE('',#10140,#2311);
#1578=LINE('',#10141,#2312);
#1579=LINE('',#10143,#2313);
#1580=LINE('',#10144,#2314);
#1581=LINE('',#10151,#2315);
#1582=LINE('',#10153,#2316);
#1583=LINE('',#10155,#2317);
#1584=LINE('',#10156,#2318);
#1585=LINE('',#10159,#2319);
#1586=LINE('',#10161,#2320);
#1587=LINE('',#10162,#2321);
#1588=LINE('',#10165,#2322);
#1589=LINE('',#10167,#2323);
#1590=LINE('',#10168,#2324);
#1591=LINE('',#10170,#2325);
#1592=LINE('',#10171,#2326);
#1593=LINE('',#10178,#2327);
#1594=LINE('',#10180,#2328);
#1595=LINE('',#10182,#2329);
#1596=LINE('',#10183,#2330);
#1597=LINE('',#10186,#2331);
#1598=LINE('',#10188,#2332);
#1599=LINE('',#10189,#2333);
#1600=LINE('',#10192,#2334);
#1601=LINE('',#10194,#2335);
#1602=LINE('',#10195,#2336);
#1603=LINE('',#10197,#2337);
#1604=LINE('',#10198,#2338);
#1605=LINE('',#10205,#2339);
#1606=LINE('',#10207,#2340);
#1607=LINE('',#10209,#2341);
#1608=LINE('',#10210,#2342);
#1609=LINE('',#10213,#2343);
#1610=LINE('',#10215,#2344);
#1611=LINE('',#10216,#2345);
#1612=LINE('',#10219,#2346);
#1613=LINE('',#10221,#2347);
#1614=LINE('',#10222,#2348);
#1615=LINE('',#10224,#2349);
#1616=LINE('',#10225,#2350);
#1617=LINE('',#10232,#2351);
#1618=LINE('',#10234,#2352);
#1619=LINE('',#10236,#2353);
#1620=LINE('',#10237,#2354);
#1621=LINE('',#10240,#2355);
#1622=LINE('',#10242,#2356);
#1623=LINE('',#10243,#2357);
#1624=LINE('',#10246,#2358);
#1625=LINE('',#10248,#2359);
#1626=LINE('',#10249,#2360);
#1627=LINE('',#10251,#2361);
#1628=LINE('',#10252,#2362);
#1629=LINE('',#10266,#2363);
#1630=LINE('',#10268,#2364);
#1631=LINE('',#10270,#2365);
#1632=LINE('',#10271,#2366);
#1633=LINE('',#10274,#2367);
#1634=LINE('',#10276,#2368);
#1635=LINE('',#10277,#2369);
#1636=LINE('',#10280,#2370);
#1637=LINE('',#10282,#2371);
#1638=LINE('',#10283,#2372);
#1639=LINE('',#10285,#2373);
#1640=LINE('',#10286,#2374);
#1641=LINE('',#10293,#2375);
#1642=LINE('',#10295,#2376);
#1643=LINE('',#10297,#2377);
#1644=LINE('',#10298,#2378);
#1645=LINE('',#10301,#2379);
#1646=LINE('',#10303,#2380);
#1647=LINE('',#10304,#2381);
#1648=LINE('',#10307,#2382);
#1649=LINE('',#10309,#2383);
#1650=LINE('',#10310,#2384);
#1651=LINE('',#10312,#2385);
#1652=LINE('',#10313,#2386);
#1653=LINE('',#10323,#2387);
#1654=LINE('',#10325,#2388);
#1655=LINE('',#10327,#2389);
#1656=LINE('',#10328,#2390);
#1657=LINE('',#10332,#2391);
#1658=LINE('',#10333,#2392);
#1659=LINE('',#10334,#2393);
#1660=LINE('',#10337,#2394);
#1661=LINE('',#10339,#2395);
#1662=LINE('',#10341,#2396);
#1663=LINE('',#10343,#2397);
#1664=LINE('',#10345,#2398);
#1665=LINE('',#10346,#2399);
#1666=LINE('',#10349,#2400);
#1667=LINE('',#10350,#2401);
#1668=LINE('',#10353,#2402);
#1669=LINE('',#10354,#2403);
#1670=LINE('',#10357,#2404);
#1671=LINE('',#10358,#2405);
#1672=LINE('',#10361,#2406);
#1673=LINE('',#10363,#2407);
#1674=LINE('',#10364,#2408);
#1675=LINE('',#10366,#2409);
#1676=LINE('',#10367,#2410);
#1677=LINE('',#10374,#2411);
#1678=LINE('',#10376,#2412);
#1679=LINE('',#10378,#2413);
#1680=LINE('',#10379,#2414);
#1681=LINE('',#10383,#2415);
#1682=LINE('',#10384,#2416);
#1683=LINE('',#10385,#2417);
#1684=LINE('',#10388,#2418);
#1685=LINE('',#10390,#2419);
#1686=LINE('',#10392,#2420);
#1687=LINE('',#10394,#2421);
#1688=LINE('',#10396,#2422);
#1689=LINE('',#10397,#2423);
#1690=LINE('',#10400,#2424);
#1691=LINE('',#10401,#2425);
#1692=LINE('',#10404,#2426);
#1693=LINE('',#10405,#2427);
#1694=LINE('',#10408,#2428);
#1695=LINE('',#10409,#2429);
#1696=LINE('',#10412,#2430);
#1697=LINE('',#10414,#2431);
#1698=LINE('',#10415,#2432);
#1699=LINE('',#10417,#2433);
#1700=LINE('',#10418,#2434);
#1701=LINE('',#10428,#2435);
#1702=LINE('',#10430,#2436);
#1703=LINE('',#10432,#2437);
#1704=LINE('',#10433,#2438);
#1705=LINE('',#10436,#2439);
#1706=LINE('',#10438,#2440);
#1707=LINE('',#10439,#2441);
#1708=LINE('',#10442,#2442);
#1709=LINE('',#10444,#2443);
#1710=LINE('',#10445,#2444);
#1711=LINE('',#10447,#2445);
#1712=LINE('',#10448,#2446);
#1713=LINE('',#10455,#2447);
#1714=LINE('',#10457,#2448);
#1715=LINE('',#10459,#2449);
#1716=LINE('',#10460,#2450);
#1717=LINE('',#10463,#2451);
#1718=LINE('',#10465,#2452);
#1719=LINE('',#10466,#2453);
#1720=LINE('',#10469,#2454);
#1721=LINE('',#10471,#2455);
#1722=LINE('',#10472,#2456);
#1723=LINE('',#10474,#2457);
#1724=LINE('',#10475,#2458);
#1725=LINE('',#10482,#2459);
#1726=LINE('',#10484,#2460);
#1727=LINE('',#10486,#2461);
#1728=LINE('',#10487,#2462);
#1729=LINE('',#10490,#2463);
#1730=LINE('',#10492,#2464);
#1731=LINE('',#10493,#2465);
#1732=LINE('',#10496,#2466);
#1733=LINE('',#10498,#2467);
#1734=LINE('',#10499,#2468);
#1735=LINE('',#10501,#2469);
#1736=LINE('',#10502,#2470);
#1737=LINE('',#10509,#2471);
#1738=LINE('',#10511,#2472);
#1739=LINE('',#10513,#2473);
#1740=LINE('',#10514,#2474);
#1741=LINE('',#10517,#2475);
#1742=LINE('',#10519,#2476);
#1743=LINE('',#10520,#2477);
#1744=LINE('',#10523,#2478);
#1745=LINE('',#10525,#2479);
#1746=LINE('',#10526,#2480);
#1747=LINE('',#10528,#2481);
#1748=LINE('',#10529,#2482);
#1749=LINE('',#10541,#2483);
#1750=LINE('',#10543,#2484);
#1751=LINE('',#10545,#2485);
#1752=LINE('',#10546,#2486);
#1753=LINE('',#10549,#2487);
#1754=LINE('',#10551,#2488);
#1755=LINE('',#10552,#2489);
#1756=LINE('',#10555,#2490);
#1757=LINE('',#10557,#2491);
#1758=LINE('',#10558,#2492);
#1759=LINE('',#10560,#2493);
#1760=LINE('',#10561,#2494);
#1761=LINE('',#10568,#2495);
#1762=LINE('',#10570,#2496);
#1763=LINE('',#10572,#2497);
#1764=LINE('',#10573,#2498);
#1765=LINE('',#10577,#2499);
#1766=LINE('',#10578,#2500);
#1767=LINE('',#10579,#2501);
#1768=LINE('',#10582,#2502);
#1769=LINE('',#10583,#2503);
#1770=LINE('',#10586,#2504);
#1771=LINE('',#10587,#2505);
#1772=LINE('',#10589,#2506);
#1773=LINE('',#10595,#2507);
#1774=LINE('',#10597,#2508);
#1775=LINE('',#10599,#2509);
#1776=LINE('',#10600,#2510);
#1777=LINE('',#10604,#2511);
#1778=LINE('',#10605,#2512);
#1779=LINE('',#10606,#2513);
#1780=LINE('',#10609,#2514);
#1781=LINE('',#10610,#2515);
#1782=LINE('',#10613,#2516);
#1783=LINE('',#10614,#2517);
#1784=LINE('',#10616,#2518);
#1785=LINE('',#10622,#2519);
#1786=LINE('',#10624,#2520);
#1787=LINE('',#10626,#2521);
#1788=LINE('',#10627,#2522);
#1789=LINE('',#10630,#2523);
#1790=LINE('',#10632,#2524);
#1791=LINE('',#10633,#2525);
#1792=LINE('',#10636,#2526);
#1793=LINE('',#10638,#2527);
#1794=LINE('',#10639,#2528);
#1795=LINE('',#10641,#2529);
#1796=LINE('',#10642,#2530);
#1797=LINE('',#10654,#2531);
#1798=LINE('',#10656,#2532);
#1799=LINE('',#10658,#2533);
#1800=LINE('',#10659,#2534);
#1801=LINE('',#10662,#2535);
#1802=LINE('',#10664,#2536);
#1803=LINE('',#10665,#2537);
#1804=LINE('',#10668,#2538);
#1805=LINE('',#10670,#2539);
#1806=LINE('',#10671,#2540);
#1807=LINE('',#10673,#2541);
#1808=LINE('',#10674,#2542);
#1809=LINE('',#10681,#2543);
#1810=LINE('',#10683,#2544);
#1811=LINE('',#10685,#2545);
#1812=LINE('',#10686,#2546);
#1813=LINE('',#10689,#2547);
#1814=LINE('',#10691,#2548);
#1815=LINE('',#10692,#2549);
#1816=LINE('',#10695,#2550);
#1817=LINE('',#10697,#2551);
#1818=LINE('',#10698,#2552);
#1819=LINE('',#10700,#2553);
#1820=LINE('',#10701,#2554);
#1821=LINE('',#10708,#2555);
#1822=LINE('',#10710,#2556);
#1823=LINE('',#10712,#2557);
#1824=LINE('',#10713,#2558);
#1825=LINE('',#10716,#2559);
#1826=LINE('',#10718,#2560);
#1827=LINE('',#10719,#2561);
#1828=LINE('',#10722,#2562);
#1829=LINE('',#10724,#2563);
#1830=LINE('',#10725,#2564);
#1831=LINE('',#10727,#2565);
#1832=LINE('',#10728,#2566);
#1833=LINE('',#10735,#2567);
#1834=LINE('',#10737,#2568);
#1835=LINE('',#10739,#2569);
#1836=LINE('',#10740,#2570);
#1837=LINE('',#10743,#2571);
#1838=LINE('',#10745,#2572);
#1839=LINE('',#10746,#2573);
#1840=LINE('',#10749,#2574);
#1841=LINE('',#10751,#2575);
#1842=LINE('',#10752,#2576);
#1843=LINE('',#10754,#2577);
#1844=LINE('',#10755,#2578);
#1845=LINE('',#10762,#2579);
#1846=LINE('',#10764,#2580);
#1847=LINE('',#10766,#2581);
#1848=LINE('',#10767,#2582);
#1849=LINE('',#10770,#2583);
#1850=LINE('',#10772,#2584);
#1851=LINE('',#10773,#2585);
#1852=LINE('',#10776,#2586);
#1853=LINE('',#10778,#2587);
#1854=LINE('',#10779,#2588);
#1855=LINE('',#10781,#2589);
#1856=LINE('',#10782,#2590);
#1857=LINE('',#10789,#2591);
#1858=LINE('',#10791,#2592);
#1859=LINE('',#10793,#2593);
#1860=LINE('',#10794,#2594);
#1861=LINE('',#10797,#2595);
#1862=LINE('',#10799,#2596);
#1863=LINE('',#10800,#2597);
#1864=LINE('',#10803,#2598);
#1865=LINE('',#10805,#2599);
#1866=LINE('',#10806,#2600);
#1867=LINE('',#10808,#2601);
#1868=LINE('',#10809,#2602);
#1869=LINE('',#10823,#2603);
#1870=LINE('',#10825,#2604);
#1871=LINE('',#10827,#2605);
#1872=LINE('',#10828,#2606);
#1873=LINE('',#10831,#2607);
#1874=LINE('',#10833,#2608);
#1875=LINE('',#10834,#2609);
#1876=LINE('',#10837,#2610);
#1877=LINE('',#10839,#2611);
#1878=LINE('',#10840,#2612);
#1879=LINE('',#10842,#2613);
#1880=LINE('',#10843,#2614);
#1881=LINE('',#10850,#2615);
#1882=LINE('',#10852,#2616);
#1883=LINE('',#10854,#2617);
#1884=LINE('',#10855,#2618);
#1885=LINE('',#10859,#2619);
#1886=LINE('',#10860,#2620);
#1887=LINE('',#10861,#2621);
#1888=LINE('',#10864,#2622);
#1889=LINE('',#10865,#2623);
#1890=LINE('',#10868,#2624);
#1891=LINE('',#10869,#2625);
#1892=LINE('',#10871,#2626);
#1893=LINE('',#10877,#2627);
#1894=LINE('',#10879,#2628);
#1895=LINE('',#10881,#2629);
#1896=LINE('',#10882,#2630);
#1897=LINE('',#10886,#2631);
#1898=LINE('',#10887,#2632);
#1899=LINE('',#10888,#2633);
#1900=LINE('',#10891,#2634);
#1901=LINE('',#10892,#2635);
#1902=LINE('',#10895,#2636);
#1903=LINE('',#10896,#2637);
#1904=LINE('',#10898,#2638);
#1905=LINE('',#10904,#2639);
#1906=LINE('',#10906,#2640);
#1907=LINE('',#10908,#2641);
#1908=LINE('',#10909,#2642);
#1909=LINE('',#10912,#2643);
#1910=LINE('',#10914,#2644);
#1911=LINE('',#10915,#2645);
#1912=LINE('',#10918,#2646);
#1913=LINE('',#10920,#2647);
#1914=LINE('',#10921,#2648);
#1915=LINE('',#10923,#2649);
#1916=LINE('',#10924,#2650);
#1917=LINE('',#10936,#2651);
#1918=LINE('',#10938,#2652);
#1919=LINE('',#10940,#2653);
#1920=LINE('',#10941,#2654);
#1921=LINE('',#10944,#2655);
#1922=LINE('',#10946,#2656);
#1923=LINE('',#10947,#2657);
#1924=LINE('',#10950,#2658);
#1925=LINE('',#10952,#2659);
#1926=LINE('',#10953,#2660);
#1927=LINE('',#10955,#2661);
#1928=LINE('',#10956,#2662);
#1929=LINE('',#10963,#2663);
#1930=LINE('',#10965,#2664);
#1931=LINE('',#10967,#2665);
#1932=LINE('',#10968,#2666);
#1933=LINE('',#10971,#2667);
#1934=LINE('',#10973,#2668);
#1935=LINE('',#10974,#2669);
#1936=LINE('',#10977,#2670);
#1937=LINE('',#10979,#2671);
#1938=LINE('',#10980,#2672);
#1939=LINE('',#10982,#2673);
#1940=LINE('',#10983,#2674);
#1941=LINE('',#10990,#2675);
#1942=LINE('',#10992,#2676);
#1943=LINE('',#10994,#2677);
#1944=LINE('',#10995,#2678);
#1945=LINE('',#10998,#2679);
#1946=LINE('',#11000,#2680);
#1947=LINE('',#11001,#2681);
#1948=LINE('',#11004,#2682);
#1949=LINE('',#11006,#2683);
#1950=LINE('',#11007,#2684);
#1951=LINE('',#11009,#2685);
#1952=LINE('',#11010,#2686);
#1953=LINE('',#11017,#2687);
#1954=LINE('',#11019,#2688);
#1955=LINE('',#11021,#2689);
#1956=LINE('',#11022,#2690);
#1957=LINE('',#11025,#2691);
#1958=LINE('',#11027,#2692);
#1959=LINE('',#11028,#2693);
#1960=LINE('',#11031,#2694);
#1961=LINE('',#11033,#2695);
#1962=LINE('',#11034,#2696);
#1963=LINE('',#11036,#2697);
#1964=LINE('',#11037,#2698);
#1965=VECTOR('',#7412,10.);
#1966=VECTOR('',#7413,10.);
#1967=VECTOR('',#7414,10.);
#1968=VECTOR('',#7415,10.);
#1969=VECTOR('',#7418,10.);
#1970=VECTOR('',#7419,10.);
#1971=VECTOR('',#7420,10.);
#1972=VECTOR('',#7423,10.);
#1973=VECTOR('',#7424,10.);
#1974=VECTOR('',#7425,10.);
#1975=VECTOR('',#7432,10.);
#1976=VECTOR('',#7435,10.);
#1977=VECTOR('',#7436,10.);
#1978=VECTOR('',#7437,10.);
#1979=VECTOR('',#7444,10.);
#1980=VECTOR('',#7447,10.);
#1981=VECTOR('',#7448,10.);
#1982=VECTOR('',#7449,10.);
#1983=VECTOR('',#7456,10.);
#1984=VECTOR('',#7459,10.);
#1985=VECTOR('',#7460,10.);
#1986=VECTOR('',#7461,10.);
#1987=VECTOR('',#7464,10.);
#1988=VECTOR('',#7465,10.);
#1989=VECTOR('',#7466,10.);
#1990=VECTOR('',#7469,10.);
#1991=VECTOR('',#7470,10.);
#1992=VECTOR('',#7471,10.);
#1993=VECTOR('',#7478,10.);
#1994=VECTOR('',#7481,10.);
#1995=VECTOR('',#7482,10.);
#1996=VECTOR('',#7483,10.);
#1997=VECTOR('',#7490,10.);
#1998=VECTOR('',#7493,10.);
#1999=VECTOR('',#7494,10.);
#2000=VECTOR('',#7495,10.);
#2001=VECTOR('',#7510,10.);
#2002=VECTOR('',#7511,10.);
#2003=VECTOR('',#7512,10.);
#2004=VECTOR('',#7515,10.);
#2005=VECTOR('',#7518,10.);
#2006=VECTOR('',#7519,10.);
#2007=VECTOR('',#7520,10.);
#2008=VECTOR('',#7523,10.);
#2009=VECTOR('',#7530,10.);
#2010=VECTOR('',#7531,10.);
#2011=VECTOR('',#7534,10.);
#2012=VECTOR('',#7535,10.);
#2013=VECTOR('',#7538,10.);
#2014=VECTOR('',#7539,10.);
#2015=VECTOR('',#7542,10.);
#2016=VECTOR('',#7543,10.);
#2017=VECTOR('',#7546,10.);
#2018=VECTOR('',#7547,10.);
#2019=VECTOR('',#7548,10.);
#2020=VECTOR('',#7557,10.);
#2021=VECTOR('',#7560,10.);
#2022=VECTOR('',#7561,10.);
#2023=VECTOR('',#7564,10.);
#2024=VECTOR('',#7565,10.);
#2025=VECTOR('',#7568,10.);
#2026=VECTOR('',#7569,10.);
#2027=VECTOR('',#7574,10.);
#2028=VECTOR('',#7577,10.);
#2029=VECTOR('',#7584,10.);
#2030=VECTOR('',#7585,10.);
#2031=VECTOR('',#7586,10.);
#2032=VECTOR('',#7587,10.);
#2033=VECTOR('',#7590,10.);
#2034=VECTOR('',#7591,10.);
#2035=VECTOR('',#7592,10.);
#2036=VECTOR('',#7593,10.);
#2037=VECTOR('',#7598,10.);
#2038=VECTOR('',#7599,10.);
#2039=VECTOR('',#7602,10.);
#2040=VECTOR('',#7603,10.);
#2041=VECTOR('',#7604,10.);
#2042=VECTOR('',#7607,10.);
#2043=VECTOR('',#7610,10.);
#2044=VECTOR('',#7613,10.);
#2045=VECTOR('',#7616,10.);
#2046=VECTOR('',#7619,10.);
#2047=VECTOR('',#7622,10.);
#2048=VECTOR('',#7625,10.);
#2049=VECTOR('',#7626,10.);
#2050=VECTOR('',#7627,10.);
#2051=VECTOR('',#7630,10.);
#2052=VECTOR('',#7633,10.);
#2053=VECTOR('',#7634,10.);
#2054=VECTOR('',#7635,10.);
#2055=VECTOR('',#7638,10.);
#2056=VECTOR('',#7639,10.);
#2057=VECTOR('',#7640,10.);
#2058=VECTOR('',#7643,10.);
#2059=VECTOR('',#7648,10.);
#2060=VECTOR('',#7649,10.);
#2061=VECTOR('',#7652,10.);
#2062=VECTOR('',#7653,10.);
#2063=VECTOR('',#7656,10.);
#2064=VECTOR('',#7657,10.);
#2065=VECTOR('',#7660,10.);
#2066=VECTOR('',#7665,10.);
#2067=VECTOR('',#7668,10.);
#2068=VECTOR('',#7669,10.);
#2069=VECTOR('',#7672,10.);
#2070=VECTOR('',#7673,10.);
#2071=VECTOR('',#7676,10.);
#2072=VECTOR('',#7677,10.);
#2073=VECTOR('',#7678,10.);
#2074=VECTOR('',#7689,10.);
#2075=VECTOR('',#7690,10.);
#2076=VECTOR('',#7691,10.);
#2077=VECTOR('',#7692,10.);
#2078=VECTOR('',#7693,10.);
#2079=VECTOR('',#7698,10.);
#2080=VECTOR('',#7699,10.);
#2081=VECTOR('',#7700,10.);
#2082=VECTOR('',#7703,10.);
#2083=VECTOR('',#7706,10.);
#2084=VECTOR('',#7707,10.);
#2085=VECTOR('',#7708,10.);
#2086=VECTOR('',#7711,10.);
#2087=VECTOR('',#7714,10.);
#2088=VECTOR('',#7715,10.);
#2089=VECTOR('',#7716,10.);
#2090=VECTOR('',#7719,10.);
#2091=VECTOR('',#7720,10.);
#2092=VECTOR('',#7721,10.);
#2093=VECTOR('',#7724,10.);
#2094=VECTOR('',#7725,10.);
#2095=VECTOR('',#7728,10.);
#2096=VECTOR('',#7729,10.);
#2097=VECTOR('',#7732,10.);
#2098=VECTOR('',#7735,10.);
#2099=VECTOR('',#7738,10.);
#2100=VECTOR('',#7741,10.);
#2101=VECTOR('',#7744,10.);
#2102=VECTOR('',#7747,10.);
#2103=VECTOR('',#7750,10.);
#2104=VECTOR('',#7753,10.);
#2105=VECTOR('',#7754,10.);
#2106=VECTOR('',#7755,10.);
#2107=VECTOR('',#7760,10.);
#2108=VECTOR('',#7761,10.);
#2109=VECTOR('',#7762,10.);
#2110=VECTOR('',#7767,10.);
#2111=VECTOR('',#7770,10.);
#2112=VECTOR('',#7771,10.);
#2113=VECTOR('',#7774,10.);
#2114=VECTOR('',#7775,10.);
#2115=VECTOR('',#7778,10.);
#2116=VECTOR('',#7779,10.);
#2117=VECTOR('',#7784,10.);
#2118=VECTOR('',#7787,10.);
#2119=VECTOR('',#7798,10.);
#2120=VECTOR('',#7801,10.);
#2121=VECTOR('',#7804,10.);
#2122=VECTOR('',#7805,10.);
#2123=VECTOR('',#7806,10.);
#2124=VECTOR('',#7809,10.);
#2125=VECTOR('',#7812,10.);
#2126=VECTOR('',#7813,10.);
#2127=VECTOR('',#7818,10.);
#2128=VECTOR('',#7819,10.);
#2129=VECTOR('',#7822,10.);
#2130=VECTOR('',#7823,10.);
#2131=VECTOR('',#7826,10.);
#2132=VECTOR('',#7827,10.);
#2133=VECTOR('',#7830,10.);
#2134=VECTOR('',#7831,10.);
#2135=VECTOR('',#7834,10.);
#2136=VECTOR('',#7835,10.);
#2137=VECTOR('',#7836,10.);
#2138=VECTOR('',#7845,10.);
#2139=VECTOR('',#7848,10.);
#2140=VECTOR('',#7849,10.);
#2141=VECTOR('',#7852,10.);
#2142=VECTOR('',#7853,10.);
#2143=VECTOR('',#7856,10.);
#2144=VECTOR('',#7857,10.);
#2145=VECTOR('',#7862,10.);
#2146=VECTOR('',#7865,10.);
#2147=VECTOR('',#7872,10.);
#2148=VECTOR('',#7873,10.);
#2149=VECTOR('',#7874,10.);
#2150=VECTOR('',#7875,10.);
#2151=VECTOR('',#7878,10.);
#2152=VECTOR('',#7879,10.);
#2153=VECTOR('',#7880,10.);
#2154=VECTOR('',#7883,10.);
#2155=VECTOR('',#7884,10.);
#2156=VECTOR('',#7885,10.);
#2157=VECTOR('',#7890,10.);
#2158=VECTOR('',#7895,10.);
#2159=VECTOR('',#7896,10.);
#2160=VECTOR('',#7897,10.);
#2161=VECTOR('',#7902,10.);
#2162=VECTOR('',#7907,10.);
#2163=VECTOR('',#7908,10.);
#2164=VECTOR('',#7909,10.);
#2165=VECTOR('',#7914,10.);
#2166=VECTOR('',#7919,10.);
#2167=VECTOR('',#7920,10.);
#2168=VECTOR('',#7921,10.);
#2169=VECTOR('',#7924,10.);
#2170=VECTOR('',#7925,10.);
#2171=VECTOR('',#7926,10.);
#2172=VECTOR('',#7929,10.);
#2173=VECTOR('',#7930,10.);
#2174=VECTOR('',#7931,10.);
#2175=VECTOR('',#7936,10.);
#2176=VECTOR('',#7941,10.);
#2177=VECTOR('',#7942,10.);
#2178=VECTOR('',#7943,10.);
#2179=VECTOR('',#7948,10.);
#2180=VECTOR('',#7953,10.);
#2181=VECTOR('',#7954,10.);
#2182=VECTOR('',#7955,10.);
#2183=VECTOR('',#7970,10.);
#2184=VECTOR('',#7971,10.);
#2185=VECTOR('',#7972,10.);
#2186=VECTOR('',#7973,10.);
#2187=VECTOR('',#7976,10.);
#2188=VECTOR('',#7977,10.);
#2189=VECTOR('',#7978,10.);
#2190=VECTOR('',#7981,10.);
#2191=VECTOR('',#7982,10.);
#2192=VECTOR('',#7983,10.);
#2193=VECTOR('',#7988,10.);
#2194=VECTOR('',#7993,10.);
#2195=VECTOR('',#7994,10.);
#2196=VECTOR('',#7995,10.);
#2197=VECTOR('',#8000,10.);
#2198=VECTOR('',#8005,10.);
#2199=VECTOR('',#8006,10.);
#2200=VECTOR('',#8007,10.);
#2201=VECTOR('',#8012,10.);
#2202=VECTOR('',#8017,10.);
#2203=VECTOR('',#8018,10.);
#2204=VECTOR('',#8019,10.);
#2205=VECTOR('',#8022,10.);
#2206=VECTOR('',#8023,10.);
#2207=VECTOR('',#8024,10.);
#2208=VECTOR('',#8027,10.);
#2209=VECTOR('',#8028,10.);
#2210=VECTOR('',#8029,10.);
#2211=VECTOR('',#8034,10.);
#2212=VECTOR('',#8039,10.);
#2213=VECTOR('',#8040,10.);
#2214=VECTOR('',#8041,10.);
#2215=VECTOR('',#8046,10.);
#2216=VECTOR('',#8051,10.);
#2217=VECTOR('',#8052,10.);
#2218=VECTOR('',#8053,10.);
#2219=VECTOR('',#8068,10.);
#2220=VECTOR('',#8069,10.);
#2221=VECTOR('',#8070,10.);
#2222=VECTOR('',#8071,10.);
#2223=VECTOR('',#8074,10.);
#2224=VECTOR('',#8075,10.);
#2225=VECTOR('',#8076,10.);
#2226=VECTOR('',#8079,10.);
#2227=VECTOR('',#8080,10.);
#2228=VECTOR('',#8081,10.);
#2229=VECTOR('',#8088,10.);
#2230=VECTOR('',#8091,10.);
#2231=VECTOR('',#8092,10.);
#2232=VECTOR('',#8093,10.);
#2233=VECTOR('',#8100,10.);
#2234=VECTOR('',#8103,10.);
#2235=VECTOR('',#8104,10.);
#2236=VECTOR('',#8105,10.);
#2237=VECTOR('',#8112,10.);
#2238=VECTOR('',#8115,10.);
#2239=VECTOR('',#8116,10.);
#2240=VECTOR('',#8117,10.);
#2241=VECTOR('',#8120,10.);
#2242=VECTOR('',#8121,10.);
#2243=VECTOR('',#8122,10.);
#2244=VECTOR('',#8125,10.);
#2245=VECTOR('',#8126,10.);
#2246=VECTOR('',#8127,10.);
#2247=VECTOR('',#8134,10.);
#2248=VECTOR('',#8137,10.);
#2249=VECTOR('',#8138,10.);
#2250=VECTOR('',#8139,10.);
#2251=VECTOR('',#8146,10.);
#2252=VECTOR('',#8149,10.);
#2253=VECTOR('',#8150,10.);
#2254=VECTOR('',#8151,10.);
#2255=VECTOR('',#8192,10.);
#2256=VECTOR('',#8193,10.);
#2257=VECTOR('',#8194,10.);
#2258=VECTOR('',#8195,10.);
#2259=VECTOR('',#8198,10.);
#2260=VECTOR('',#8199,10.);
#2261=VECTOR('',#8200,10.);
#2262=VECTOR('',#8203,10.);
#2263=VECTOR('',#8204,10.);
#2264=VECTOR('',#8205,10.);
#2265=VECTOR('',#8206,10.);
#2266=VECTOR('',#8207,10.);
#2267=VECTOR('',#8208,10.);
#2268=VECTOR('',#8211,10.);
#2269=VECTOR('',#8212,10.);
#2270=VECTOR('',#8215,10.);
#2271=VECTOR('',#8216,10.);
#2272=VECTOR('',#8219,10.);
#2273=VECTOR('',#8220,10.);
#2274=VECTOR('',#8223,10.);
#2275=VECTOR('',#8224,10.);
#2276=VECTOR('',#8225,10.);
#2277=VECTOR('',#8228,10.);
#2278=VECTOR('',#8229,10.);
#2279=VECTOR('',#8238,10.);
#2280=VECTOR('',#8239,10.);
#2281=VECTOR('',#8240,10.);
#2282=VECTOR('',#8241,10.);
#2283=VECTOR('',#8244,10.);
#2284=VECTOR('',#8245,10.);
#2285=VECTOR('',#8246,10.);
#2286=VECTOR('',#8249,10.);
#2287=VECTOR('',#8250,10.);
#2288=VECTOR('',#8251,10.);
#2289=VECTOR('',#8252,10.);
#2290=VECTOR('',#8253,10.);
#2291=VECTOR('',#8254,10.);
#2292=VECTOR('',#8257,10.);
#2293=VECTOR('',#8258,10.);
#2294=VECTOR('',#8261,10.);
#2295=VECTOR('',#8262,10.);
#2296=VECTOR('',#8265,10.);
#2297=VECTOR('',#8266,10.);
#2298=VECTOR('',#8269,10.);
#2299=VECTOR('',#8270,10.);
#2300=VECTOR('',#8271,10.);
#2301=VECTOR('',#8274,10.);
#2302=VECTOR('',#8275,10.);
#2303=VECTOR('',#8290,10.);
#2304=VECTOR('',#8291,10.);
#2305=VECTOR('',#8292,10.);
#2306=VECTOR('',#8293,10.);
#2307=VECTOR('',#8296,10.);
#2308=VECTOR('',#8297,10.);
#2309=VECTOR('',#8298,10.);
#2310=VECTOR('',#8301,10.);
#2311=VECTOR('',#8302,10.);
#2312=VECTOR('',#8303,10.);
#2313=VECTOR('',#8306,10.);
#2314=VECTOR('',#8307,10.);
#2315=VECTOR('',#8316,10.);
#2316=VECTOR('',#8317,10.);
#2317=VECTOR('',#8318,10.);
#2318=VECTOR('',#8319,10.);
#2319=VECTOR('',#8322,10.);
#2320=VECTOR('',#8323,10.);
#2321=VECTOR('',#8324,10.);
#2322=VECTOR('',#8327,10.);
#2323=VECTOR('',#8328,10.);
#2324=VECTOR('',#8329,10.);
#2325=VECTOR('',#8332,10.);
#2326=VECTOR('',#8333,10.);
#2327=VECTOR('',#8342,10.);
#2328=VECTOR('',#8343,10.);
#2329=VECTOR('',#8344,10.);
#2330=VECTOR('',#8345,10.);
#2331=VECTOR('',#8348,10.);
#2332=VECTOR('',#8349,10.);
#2333=VECTOR('',#8350,10.);
#2334=VECTOR('',#8353,10.);
#2335=VECTOR('',#8354,10.);
#2336=VECTOR('',#8355,10.);
#2337=VECTOR('',#8358,10.);
#2338=VECTOR('',#8359,10.);
#2339=VECTOR('',#8368,10.);
#2340=VECTOR('',#8369,10.);
#2341=VECTOR('',#8370,10.);
#2342=VECTOR('',#8371,10.);
#2343=VECTOR('',#8374,10.);
#2344=VECTOR('',#8375,10.);
#2345=VECTOR('',#8376,10.);
#2346=VECTOR('',#8379,10.);
#2347=VECTOR('',#8380,10.);
#2348=VECTOR('',#8381,10.);
#2349=VECTOR('',#8384,10.);
#2350=VECTOR('',#8385,10.);
#2351=VECTOR('',#8394,10.);
#2352=VECTOR('',#8395,10.);
#2353=VECTOR('',#8396,10.);
#2354=VECTOR('',#8397,10.);
#2355=VECTOR('',#8400,10.);
#2356=VECTOR('',#8401,10.);
#2357=VECTOR('',#8402,10.);
#2358=VECTOR('',#8405,10.);
#2359=VECTOR('',#8406,10.);
#2360=VECTOR('',#8407,10.);
#2361=VECTOR('',#8410,10.);
#2362=VECTOR('',#8411,10.);
#2363=VECTOR('',#8434,10.);
#2364=VECTOR('',#8435,10.);
#2365=VECTOR('',#8436,10.);
#2366=VECTOR('',#8437,10.);
#2367=VECTOR('',#8440,10.);
#2368=VECTOR('',#8441,10.);
#2369=VECTOR('',#8442,10.);
#2370=VECTOR('',#8445,10.);
#2371=VECTOR('',#8446,10.);
#2372=VECTOR('',#8447,10.);
#2373=VECTOR('',#8450,10.);
#2374=VECTOR('',#8451,10.);
#2375=VECTOR('',#8460,10.);
#2376=VECTOR('',#8461,10.);
#2377=VECTOR('',#8462,10.);
#2378=VECTOR('',#8463,10.);
#2379=VECTOR('',#8466,10.);
#2380=VECTOR('',#8467,10.);
#2381=VECTOR('',#8468,10.);
#2382=VECTOR('',#8471,10.);
#2383=VECTOR('',#8472,10.);
#2384=VECTOR('',#8473,10.);
#2385=VECTOR('',#8476,10.);
#2386=VECTOR('',#8477,10.);
#2387=VECTOR('',#8492,10.);
#2388=VECTOR('',#8493,10.);
#2389=VECTOR('',#8494,10.);
#2390=VECTOR('',#8495,10.);
#2391=VECTOR('',#8498,10.);
#2392=VECTOR('',#8499,10.);
#2393=VECTOR('',#8500,10.);
#2394=VECTOR('',#8503,10.);
#2395=VECTOR('',#8504,10.);
#2396=VECTOR('',#8505,10.);
#2397=VECTOR('',#8506,10.);
#2398=VECTOR('',#8507,10.);
#2399=VECTOR('',#8508,10.);
#2400=VECTOR('',#8511,10.);
#2401=VECTOR('',#8512,10.);
#2402=VECTOR('',#8515,10.);
#2403=VECTOR('',#8516,10.);
#2404=VECTOR('',#8519,10.);
#2405=VECTOR('',#8520,10.);
#2406=VECTOR('',#8523,10.);
#2407=VECTOR('',#8524,10.);
#2408=VECTOR('',#8525,10.);
#2409=VECTOR('',#8528,10.);
#2410=VECTOR('',#8529,10.);
#2411=VECTOR('',#8538,10.);
#2412=VECTOR('',#8539,10.);
#2413=VECTOR('',#8540,10.);
#2414=VECTOR('',#8541,10.);
#2415=VECTOR('',#8544,10.);
#2416=VECTOR('',#8545,10.);
#2417=VECTOR('',#8546,10.);
#2418=VECTOR('',#8549,10.);
#2419=VECTOR('',#8550,10.);
#2420=VECTOR('',#8551,10.);
#2421=VECTOR('',#8552,10.);
#2422=VECTOR('',#8553,10.);
#2423=VECTOR('',#8554,10.);
#2424=VECTOR('',#8557,10.);
#2425=VECTOR('',#8558,10.);
#2426=VECTOR('',#8561,10.);
#2427=VECTOR('',#8562,10.);
#2428=VECTOR('',#8565,10.);
#2429=VECTOR('',#8566,10.);
#2430=VECTOR('',#8569,10.);
#2431=VECTOR('',#8570,10.);
#2432=VECTOR('',#8571,10.);
#2433=VECTOR('',#8574,10.);
#2434=VECTOR('',#8575,10.);
#2435=VECTOR('',#8590,10.);
#2436=VECTOR('',#8591,10.);
#2437=VECTOR('',#8592,10.);
#2438=VECTOR('',#8593,10.);
#2439=VECTOR('',#8596,10.);
#2440=VECTOR('',#8597,10.);
#2441=VECTOR('',#8598,10.);
#2442=VECTOR('',#8601,10.);
#2443=VECTOR('',#8602,10.);
#2444=VECTOR('',#8603,10.);
#2445=VECTOR('',#8606,10.);
#2446=VECTOR('',#8607,10.);
#2447=VECTOR('',#8616,10.);
#2448=VECTOR('',#8617,10.);
#2449=VECTOR('',#8618,10.);
#2450=VECTOR('',#8619,10.);
#2451=VECTOR('',#8622,10.);
#2452=VECTOR('',#8623,10.);
#2453=VECTOR('',#8624,10.);
#2454=VECTOR('',#8627,10.);
#2455=VECTOR('',#8628,10.);
#2456=VECTOR('',#8629,10.);
#2457=VECTOR('',#8632,10.);
#2458=VECTOR('',#8633,10.);
#2459=VECTOR('',#8642,10.);
#2460=VECTOR('',#8643,10.);
#2461=VECTOR('',#8644,10.);
#2462=VECTOR('',#8645,10.);
#2463=VECTOR('',#8648,10.);
#2464=VECTOR('',#8649,10.);
#2465=VECTOR('',#8650,10.);
#2466=VECTOR('',#8653,10.);
#2467=VECTOR('',#8654,10.);
#2468=VECTOR('',#8655,10.);
#2469=VECTOR('',#8658,10.);
#2470=VECTOR('',#8659,10.);
#2471=VECTOR('',#8668,10.);
#2472=VECTOR('',#8669,10.);
#2473=VECTOR('',#8670,10.);
#2474=VECTOR('',#8671,10.);
#2475=VECTOR('',#8674,10.);
#2476=VECTOR('',#8675,10.);
#2477=VECTOR('',#8676,10.);
#2478=VECTOR('',#8679,10.);
#2479=VECTOR('',#8680,10.);
#2480=VECTOR('',#8681,10.);
#2481=VECTOR('',#8684,10.);
#2482=VECTOR('',#8685,10.);
#2483=VECTOR('',#8704,10.);
#2484=VECTOR('',#8705,10.);
#2485=VECTOR('',#8706,10.);
#2486=VECTOR('',#8707,10.);
#2487=VECTOR('',#8710,10.);
#2488=VECTOR('',#8711,10.);
#2489=VECTOR('',#8712,10.);
#2490=VECTOR('',#8715,10.);
#2491=VECTOR('',#8716,10.);
#2492=VECTOR('',#8717,10.);
#2493=VECTOR('',#8720,10.);
#2494=VECTOR('',#8721,10.);
#2495=VECTOR('',#8730,10.);
#2496=VECTOR('',#8731,10.);
#2497=VECTOR('',#8732,10.);
#2498=VECTOR('',#8733,10.);
#2499=VECTOR('',#8736,10.);
#2500=VECTOR('',#8737,10.);
#2501=VECTOR('',#8738,10.);
#2502=VECTOR('',#8741,10.);
#2503=VECTOR('',#8742,10.);
#2504=VECTOR('',#8745,10.);
#2505=VECTOR('',#8746,10.);
#2506=VECTOR('',#8749,10.);
#2507=VECTOR('',#8756,10.);
#2508=VECTOR('',#8757,10.);
#2509=VECTOR('',#8758,10.);
#2510=VECTOR('',#8759,10.);
#2511=VECTOR('',#8762,10.);
#2512=VECTOR('',#8763,10.);
#2513=VECTOR('',#8764,10.);
#2514=VECTOR('',#8767,10.);
#2515=VECTOR('',#8768,10.);
#2516=VECTOR('',#8771,10.);
#2517=VECTOR('',#8772,10.);
#2518=VECTOR('',#8775,10.);
#2519=VECTOR('',#8782,10.);
#2520=VECTOR('',#8783,10.);
#2521=VECTOR('',#8784,10.);
#2522=VECTOR('',#8785,10.);
#2523=VECTOR('',#8788,10.);
#2524=VECTOR('',#8789,10.);
#2525=VECTOR('',#8790,10.);
#2526=VECTOR('',#8793,10.);
#2527=VECTOR('',#8794,10.);
#2528=VECTOR('',#8795,10.);
#2529=VECTOR('',#8798,10.);
#2530=VECTOR('',#8799,10.);
#2531=VECTOR('',#8818,10.);
#2532=VECTOR('',#8819,10.);
#2533=VECTOR('',#8820,10.);
#2534=VECTOR('',#8821,10.);
#2535=VECTOR('',#8824,10.);
#2536=VECTOR('',#8825,10.);
#2537=VECTOR('',#8826,10.);
#2538=VECTOR('',#8829,10.);
#2539=VECTOR('',#8830,10.);
#2540=VECTOR('',#8831,10.);
#2541=VECTOR('',#8834,10.);
#2542=VECTOR('',#8835,10.);
#2543=VECTOR('',#8844,10.);
#2544=VECTOR('',#8845,10.);
#2545=VECTOR('',#8846,10.);
#2546=VECTOR('',#8847,10.);
#2547=VECTOR('',#8850,10.);
#2548=VECTOR('',#8851,10.);
#2549=VECTOR('',#8852,10.);
#2550=VECTOR('',#8855,10.);
#2551=VECTOR('',#8856,10.);
#2552=VECTOR('',#8857,10.);
#2553=VECTOR('',#8860,10.);
#2554=VECTOR('',#8861,10.);
#2555=VECTOR('',#8870,10.);
#2556=VECTOR('',#8871,10.);
#2557=VECTOR('',#8872,10.);
#2558=VECTOR('',#8873,10.);
#2559=VECTOR('',#8876,10.);
#2560=VECTOR('',#8877,10.);
#2561=VECTOR('',#8878,10.);
#2562=VECTOR('',#8881,10.);
#2563=VECTOR('',#8882,10.);
#2564=VECTOR('',#8883,10.);
#2565=VECTOR('',#8886,10.);
#2566=VECTOR('',#8887,10.);
#2567=VECTOR('',#8896,10.);
#2568=VECTOR('',#8897,10.);
#2569=VECTOR('',#8898,10.);
#2570=VECTOR('',#8899,10.);
#2571=VECTOR('',#8902,10.);
#2572=VECTOR('',#8903,10.);
#2573=VECTOR('',#8904,10.);
#2574=VECTOR('',#8907,10.);
#2575=VECTOR('',#8908,10.);
#2576=VECTOR('',#8909,10.);
#2577=VECTOR('',#8912,10.);
#2578=VECTOR('',#8913,10.);
#2579=VECTOR('',#8922,10.);
#2580=VECTOR('',#8923,10.);
#2581=VECTOR('',#8924,10.);
#2582=VECTOR('',#8925,10.);
#2583=VECTOR('',#8928,10.);
#2584=VECTOR('',#8929,10.);
#2585=VECTOR('',#8930,10.);
#2586=VECTOR('',#8933,10.);
#2587=VECTOR('',#8934,10.);
#2588=VECTOR('',#8935,10.);
#2589=VECTOR('',#8938,10.);
#2590=VECTOR('',#8939,10.);
#2591=VECTOR('',#8948,10.);
#2592=VECTOR('',#8949,10.);
#2593=VECTOR('',#8950,10.);
#2594=VECTOR('',#8951,10.);
#2595=VECTOR('',#8954,10.);
#2596=VECTOR('',#8955,10.);
#2597=VECTOR('',#8956,10.);
#2598=VECTOR('',#8959,10.);
#2599=VECTOR('',#8960,10.);
#2600=VECTOR('',#8961,10.);
#2601=VECTOR('',#8964,10.);
#2602=VECTOR('',#8965,10.);
#2603=VECTOR('',#8988,10.);
#2604=VECTOR('',#8989,10.);
#2605=VECTOR('',#8990,10.);
#2606=VECTOR('',#8991,10.);
#2607=VECTOR('',#8994,10.);
#2608=VECTOR('',#8995,10.);
#2609=VECTOR('',#8996,10.);
#2610=VECTOR('',#8999,10.);
#2611=VECTOR('',#9000,10.);
#2612=VECTOR('',#9001,10.);
#2613=VECTOR('',#9004,10.);
#2614=VECTOR('',#9005,10.);
#2615=VECTOR('',#9014,10.);
#2616=VECTOR('',#9015,10.);
#2617=VECTOR('',#9016,10.);
#2618=VECTOR('',#9017,10.);
#2619=VECTOR('',#9020,10.);
#2620=VECTOR('',#9021,10.);
#2621=VECTOR('',#9022,10.);
#2622=VECTOR('',#9025,10.);
#2623=VECTOR('',#9026,10.);
#2624=VECTOR('',#9029,10.);
#2625=VECTOR('',#9030,10.);
#2626=VECTOR('',#9033,10.);
#2627=VECTOR('',#9040,10.);
#2628=VECTOR('',#9041,10.);
#2629=VECTOR('',#9042,10.);
#2630=VECTOR('',#9043,10.);
#2631=VECTOR('',#9046,10.);
#2632=VECTOR('',#9047,10.);
#2633=VECTOR('',#9048,10.);
#2634=VECTOR('',#9051,10.);
#2635=VECTOR('',#9052,10.);
#2636=VECTOR('',#9055,10.);
#2637=VECTOR('',#9056,10.);
#2638=VECTOR('',#9059,10.);
#2639=VECTOR('',#9066,10.);
#2640=VECTOR('',#9067,10.);
#2641=VECTOR('',#9068,10.);
#2642=VECTOR('',#9069,10.);
#2643=VECTOR('',#9072,10.);
#2644=VECTOR('',#9073,10.);
#2645=VECTOR('',#9074,10.);
#2646=VECTOR('',#9077,10.);
#2647=VECTOR('',#9078,10.);
#2648=VECTOR('',#9079,10.);
#2649=VECTOR('',#9082,10.);
#2650=VECTOR('',#9083,10.);
#2651=VECTOR('',#9102,10.);
#2652=VECTOR('',#9103,10.);
#2653=VECTOR('',#9104,10.);
#2654=VECTOR('',#9105,10.);
#2655=VECTOR('',#9108,10.);
#2656=VECTOR('',#9109,10.);
#2657=VECTOR('',#9110,10.);
#2658=VECTOR('',#9113,10.);
#2659=VECTOR('',#9114,10.);
#2660=VECTOR('',#9115,10.);
#2661=VECTOR('',#9118,10.);
#2662=VECTOR('',#9119,10.);
#2663=VECTOR('',#9128,10.);
#2664=VECTOR('',#9129,10.);
#2665=VECTOR('',#9130,10.);
#2666=VECTOR('',#9131,10.);
#2667=VECTOR('',#9134,10.);
#2668=VECTOR('',#9135,10.);
#2669=VECTOR('',#9136,10.);
#2670=VECTOR('',#9139,10.);
#2671=VECTOR('',#9140,10.);
#2672=VECTOR('',#9141,10.);
#2673=VECTOR('',#9144,10.);
#2674=VECTOR('',#9145,10.);
#2675=VECTOR('',#9154,10.);
#2676=VECTOR('',#9155,10.);
#2677=VECTOR('',#9156,10.);
#2678=VECTOR('',#9157,10.);
#2679=VECTOR('',#9160,10.);
#2680=VECTOR('',#9161,10.);
#2681=VECTOR('',#9162,10.);
#2682=VECTOR('',#9165,10.);
#2683=VECTOR('',#9166,10.);
#2684=VECTOR('',#9167,10.);
#2685=VECTOR('',#9170,10.);
#2686=VECTOR('',#9171,10.);
#2687=VECTOR('',#9180,10.);
#2688=VECTOR('',#9181,10.);
#2689=VECTOR('',#9182,10.);
#2690=VECTOR('',#9183,10.);
#2691=VECTOR('',#9186,10.);
#2692=VECTOR('',#9187,10.);
#2693=VECTOR('',#9188,10.);
#2694=VECTOR('',#9191,10.);
#2695=VECTOR('',#9192,10.);
#2696=VECTOR('',#9193,10.);
#2697=VECTOR('',#9196,10.);
#2698=VECTOR('',#9197,10.);
#2699=VERTEX_POINT('',#9234);
#2700=VERTEX_POINT('',#9235);
#2701=VERTEX_POINT('',#9237);
#2702=VERTEX_POINT('',#9239);
#2703=VERTEX_POINT('',#9243);
#2704=VERTEX_POINT('',#9245);
#2705=VERTEX_POINT('',#9249);
#2706=VERTEX_POINT('',#9251);
#2707=VERTEX_POINT('',#9255);
#2708=VERTEX_POINT('',#9257);
#2709=VERTEX_POINT('',#9261);
#2710=VERTEX_POINT('',#9263);
#2711=VERTEX_POINT('',#9267);
#2712=VERTEX_POINT('',#9269);
#2713=VERTEX_POINT('',#9273);
#2714=VERTEX_POINT('',#9275);
#2715=VERTEX_POINT('',#9279);
#2716=VERTEX_POINT('',#9281);
#2717=VERTEX_POINT('',#9285);
#2718=VERTEX_POINT('',#9287);
#2719=VERTEX_POINT('',#9291);
#2720=VERTEX_POINT('',#9293);
#2721=VERTEX_POINT('',#9297);
#2722=VERTEX_POINT('',#9299);
#2723=VERTEX_POINT('',#9303);
#2724=VERTEX_POINT('',#9305);
#2725=VERTEX_POINT('',#9309);
#2726=VERTEX_POINT('',#9311);
#2727=VERTEX_POINT('',#9315);
#2728=VERTEX_POINT('',#9317);
#2729=VERTEX_POINT('',#9321);
#2730=VERTEX_POINT('',#9323);
#2731=VERTEX_POINT('',#9333);
#2732=VERTEX_POINT('',#9334);
#2733=VERTEX_POINT('',#9336);
#2734=VERTEX_POINT('',#9338);
#2735=VERTEX_POINT('',#9340);
#2736=VERTEX_POINT('',#9342);
#2737=VERTEX_POINT('',#9344);
#2738=VERTEX_POINT('',#9346);
#2739=VERTEX_POINT('',#9348);
#2740=VERTEX_POINT('',#9350);
#2741=VERTEX_POINT('',#9352);
#2742=VERTEX_POINT('',#9354);
#2743=VERTEX_POINT('',#9358);
#2744=VERTEX_POINT('',#9359);
#2745=VERTEX_POINT('',#9364);
#2746=VERTEX_POINT('',#9368);
#2747=VERTEX_POINT('',#9372);
#2748=VERTEX_POINT('',#9376);
#2749=VERTEX_POINT('',#9378);
#2750=VERTEX_POINT('',#9384);
#2751=VERTEX_POINT('',#9388);
#2752=VERTEX_POINT('',#9392);
#2753=VERTEX_POINT('',#9396);
#2754=VERTEX_POINT('',#9400);
#2755=VERTEX_POINT('',#9408);
#2756=VERTEX_POINT('',#9409);
#2757=VERTEX_POINT('',#9411);
#2758=VERTEX_POINT('',#9413);
#2759=VERTEX_POINT('',#9417);
#2760=VERTEX_POINT('',#9418);
#2761=VERTEX_POINT('',#9420);
#2762=VERTEX_POINT('',#9423);
#2763=VERTEX_POINT('',#9427);
#2764=VERTEX_POINT('',#9431);
#2765=VERTEX_POINT('',#9433);
#2766=VERTEX_POINT('',#9437);
#2767=VERTEX_POINT('',#9442);
#2768=VERTEX_POINT('',#9444);
#2769=VERTEX_POINT('',#9446);
#2770=VERTEX_POINT('',#9448);
#2771=VERTEX_POINT('',#9452);
#2772=VERTEX_POINT('',#9454);
#2773=VERTEX_POINT('',#9456);
#2774=VERTEX_POINT('',#9458);
#2775=VERTEX_POINT('',#9460);
#2776=VERTEX_POINT('',#9462);
#2777=VERTEX_POINT('',#9464);
#2778=VERTEX_POINT('',#9466);
#2779=VERTEX_POINT('',#9468);
#2780=VERTEX_POINT('',#9470);
#2781=VERTEX_POINT('',#9474);
#2782=VERTEX_POINT('',#9476);
#2783=VERTEX_POINT('',#9480);
#2784=VERTEX_POINT('',#9484);
#2785=VERTEX_POINT('',#9488);
#2786=VERTEX_POINT('',#9492);
#2787=VERTEX_POINT('',#9496);
#2788=VERTEX_POINT('',#9502);
#2789=VERTEX_POINT('',#9506);
#2790=VERTEX_POINT('',#9510);
#2791=VERTEX_POINT('',#9519);
#2792=VERTEX_POINT('',#9520);
#2793=VERTEX_POINT('',#9522);
#2794=VERTEX_POINT('',#9524);
#2795=VERTEX_POINT('',#9526);
#2796=VERTEX_POINT('',#9528);
#2797=VERTEX_POINT('',#9532);
#2798=VERTEX_POINT('',#9534);
#2799=VERTEX_POINT('',#9538);
#2800=VERTEX_POINT('',#9539);
#2801=VERTEX_POINT('',#9542);
#2802=VERTEX_POINT('',#9544);
#2803=VERTEX_POINT('',#9550);
#2804=VERTEX_POINT('',#9552);
#2805=VERTEX_POINT('',#9556);
#2806=VERTEX_POINT('',#9558);
#2807=VERTEX_POINT('',#9562);
#2808=VERTEX_POINT('',#9566);
#2809=VERTEX_POINT('',#9570);
#2810=VERTEX_POINT('',#9572);
#2811=VERTEX_POINT('',#9574);
#2812=VERTEX_POINT('',#9576);
#2813=VERTEX_POINT('',#9584);
#2814=VERTEX_POINT('',#9586);
#2815=VERTEX_POINT('',#9588);
#2816=VERTEX_POINT('',#9590);
#2817=VERTEX_POINT('',#9592);
#2818=VERTEX_POINT('',#9594);
#2819=VERTEX_POINT('',#9596);
#2820=VERTEX_POINT('',#9600);
#2821=VERTEX_POINT('',#9602);
#2822=VERTEX_POINT('',#9606);
#2823=VERTEX_POINT('',#9610);
#2824=VERTEX_POINT('',#9614);
#2825=VERTEX_POINT('',#9618);
#2826=VERTEX_POINT('',#9622);
#2827=VERTEX_POINT('',#9632);
#2828=VERTEX_POINT('',#9633);
#2829=VERTEX_POINT('',#9635);
#2830=VERTEX_POINT('',#9637);
#2831=VERTEX_POINT('',#9639);
#2832=VERTEX_POINT('',#9641);
#2833=VERTEX_POINT('',#9643);
#2834=VERTEX_POINT('',#9645);
#2835=VERTEX_POINT('',#9647);
#2836=VERTEX_POINT('',#9649);
#2837=VERTEX_POINT('',#9651);
#2838=VERTEX_POINT('',#9653);
#2839=VERTEX_POINT('',#9657);
#2840=VERTEX_POINT('',#9658);
#2841=VERTEX_POINT('',#9663);
#2842=VERTEX_POINT('',#9667);
#2843=VERTEX_POINT('',#9671);
#2844=VERTEX_POINT('',#9675);
#2845=VERTEX_POINT('',#9677);
#2846=VERTEX_POINT('',#9683);
#2847=VERTEX_POINT('',#9687);
#2848=VERTEX_POINT('',#9691);
#2849=VERTEX_POINT('',#9695);
#2850=VERTEX_POINT('',#9699);
#2851=VERTEX_POINT('',#9707);
#2852=VERTEX_POINT('',#9708);
#2853=VERTEX_POINT('',#9710);
#2854=VERTEX_POINT('',#9712);
#2855=VERTEX_POINT('',#9716);
#2856=VERTEX_POINT('',#9718);
#2857=VERTEX_POINT('',#9722);
#2858=VERTEX_POINT('',#9724);
#2859=VERTEX_POINT('',#9728);
#2860=VERTEX_POINT('',#9730);
#2861=VERTEX_POINT('',#9734);
#2862=VERTEX_POINT('',#9736);
#2863=VERTEX_POINT('',#9740);
#2864=VERTEX_POINT('',#9742);
#2865=VERTEX_POINT('',#9746);
#2866=VERTEX_POINT('',#9748);
#2867=VERTEX_POINT('',#9752);
#2868=VERTEX_POINT('',#9754);
#2869=VERTEX_POINT('',#9758);
#2870=VERTEX_POINT('',#9760);
#2871=VERTEX_POINT('',#9764);
#2872=VERTEX_POINT('',#9766);
#2873=VERTEX_POINT('',#9770);
#2874=VERTEX_POINT('',#9772);
#2875=VERTEX_POINT('',#9776);
#2876=VERTEX_POINT('',#9778);
#2877=VERTEX_POINT('',#9782);
#2878=VERTEX_POINT('',#9784);
#2879=VERTEX_POINT('',#9788);
#2880=VERTEX_POINT('',#9790);
#2881=VERTEX_POINT('',#9794);
#2882=VERTEX_POINT('',#9796);
#2883=VERTEX_POINT('',#9806);
#2884=VERTEX_POINT('',#9807);
#2885=VERTEX_POINT('',#9809);
#2886=VERTEX_POINT('',#9811);
#2887=VERTEX_POINT('',#9815);
#2888=VERTEX_POINT('',#9817);
#2889=VERTEX_POINT('',#9821);
#2890=VERTEX_POINT('',#9823);
#2891=VERTEX_POINT('',#9827);
#2892=VERTEX_POINT('',#9829);
#2893=VERTEX_POINT('',#9833);
#2894=VERTEX_POINT('',#9835);
#2895=VERTEX_POINT('',#9839);
#2896=VERTEX_POINT('',#9841);
#2897=VERTEX_POINT('',#9845);
#2898=VERTEX_POINT('',#9847);
#2899=VERTEX_POINT('',#9851);
#2900=VERTEX_POINT('',#9853);
#2901=VERTEX_POINT('',#9857);
#2902=VERTEX_POINT('',#9859);
#2903=VERTEX_POINT('',#9863);
#2904=VERTEX_POINT('',#9865);
#2905=VERTEX_POINT('',#9869);
#2906=VERTEX_POINT('',#9871);
#2907=VERTEX_POINT('',#9875);
#2908=VERTEX_POINT('',#9877);
#2909=VERTEX_POINT('',#9881);
#2910=VERTEX_POINT('',#9883);
#2911=VERTEX_POINT('',#9887);
#2912=VERTEX_POINT('',#9889);
#2913=VERTEX_POINT('',#9893);
#2914=VERTEX_POINT('',#9895);
#2915=VERTEX_POINT('',#9905);
#2916=VERTEX_POINT('',#9906);
#2917=VERTEX_POINT('',#9908);
#2918=VERTEX_POINT('',#9910);
#2919=VERTEX_POINT('',#9914);
#2920=VERTEX_POINT('',#9916);
#2921=VERTEX_POINT('',#9920);
#2922=VERTEX_POINT('',#9922);
#2923=VERTEX_POINT('',#9926);
#2924=VERTEX_POINT('',#9928);
#2925=VERTEX_POINT('',#9932);
#2926=VERTEX_POINT('',#9934);
#2927=VERTEX_POINT('',#9938);
#2928=VERTEX_POINT('',#9940);
#2929=VERTEX_POINT('',#9944);
#2930=VERTEX_POINT('',#9946);
#2931=VERTEX_POINT('',#9950);
#2932=VERTEX_POINT('',#9952);
#2933=VERTEX_POINT('',#9956);
#2934=VERTEX_POINT('',#9958);
#2935=VERTEX_POINT('',#9962);
#2936=VERTEX_POINT('',#9964);
#2937=VERTEX_POINT('',#9968);
#2938=VERTEX_POINT('',#9970);
#2939=VERTEX_POINT('',#9974);
#2940=VERTEX_POINT('',#9976);
#2941=VERTEX_POINT('',#9980);
#2942=VERTEX_POINT('',#9982);
#2943=VERTEX_POINT('',#9986);
#2944=VERTEX_POINT('',#9988);
#2945=VERTEX_POINT('',#9992);
#2946=VERTEX_POINT('',#9994);
#2947=VERTEX_POINT('',#10017);
#2948=VERTEX_POINT('',#10018);
#2949=VERTEX_POINT('',#10020);
#2950=VERTEX_POINT('',#10022);
#2951=VERTEX_POINT('',#10026);
#2952=VERTEX_POINT('',#10027);
#2953=VERTEX_POINT('',#10032);
#2954=VERTEX_POINT('',#10034);
#2955=VERTEX_POINT('',#10036);
#2956=VERTEX_POINT('',#10038);
#2957=VERTEX_POINT('',#10040);
#2958=VERTEX_POINT('',#10044);
#2959=VERTEX_POINT('',#10048);
#2960=VERTEX_POINT('',#10052);
#2961=VERTEX_POINT('',#10056);
#2962=VERTEX_POINT('',#10058);
#2963=VERTEX_POINT('',#10068);
#2964=VERTEX_POINT('',#10069);
#2965=VERTEX_POINT('',#10071);
#2966=VERTEX_POINT('',#10073);
#2967=VERTEX_POINT('',#10077);
#2968=VERTEX_POINT('',#10078);
#2969=VERTEX_POINT('',#10083);
#2970=VERTEX_POINT('',#10085);
#2971=VERTEX_POINT('',#10087);
#2972=VERTEX_POINT('',#10089);
#2973=VERTEX_POINT('',#10091);
#2974=VERTEX_POINT('',#10095);
#2975=VERTEX_POINT('',#10099);
#2976=VERTEX_POINT('',#10103);
#2977=VERTEX_POINT('',#10107);
#2978=VERTEX_POINT('',#10109);
#2979=VERTEX_POINT('',#10122);
#2980=VERTEX_POINT('',#10123);
#2981=VERTEX_POINT('',#10125);
#2982=VERTEX_POINT('',#10127);
#2983=VERTEX_POINT('',#10131);
#2984=VERTEX_POINT('',#10133);
#2985=VERTEX_POINT('',#10137);
#2986=VERTEX_POINT('',#10139);
#2987=VERTEX_POINT('',#10149);
#2988=VERTEX_POINT('',#10150);
#2989=VERTEX_POINT('',#10152);
#2990=VERTEX_POINT('',#10154);
#2991=VERTEX_POINT('',#10158);
#2992=VERTEX_POINT('',#10160);
#2993=VERTEX_POINT('',#10164);
#2994=VERTEX_POINT('',#10166);
#2995=VERTEX_POINT('',#10176);
#2996=VERTEX_POINT('',#10177);
#2997=VERTEX_POINT('',#10179);
#2998=VERTEX_POINT('',#10181);
#2999=VERTEX_POINT('',#10185);
#3000=VERTEX_POINT('',#10187);
#3001=VERTEX_POINT('',#10191);
#3002=VERTEX_POINT('',#10193);
#3003=VERTEX_POINT('',#10203);
#3004=VERTEX_POINT('',#10204);
#3005=VERTEX_POINT('',#10206);
#3006=VERTEX_POINT('',#10208);
#3007=VERTEX_POINT('',#10212);
#3008=VERTEX_POINT('',#10214);
#3009=VERTEX_POINT('',#10218);
#3010=VERTEX_POINT('',#10220);
#3011=VERTEX_POINT('',#10230);
#3012=VERTEX_POINT('',#10231);
#3013=VERTEX_POINT('',#10233);
#3014=VERTEX_POINT('',#10235);
#3015=VERTEX_POINT('',#10239);
#3016=VERTEX_POINT('',#10241);
#3017=VERTEX_POINT('',#10245);
#3018=VERTEX_POINT('',#10247);
#3019=VERTEX_POINT('',#10264);
#3020=VERTEX_POINT('',#10265);
#3021=VERTEX_POINT('',#10267);
#3022=VERTEX_POINT('',#10269);
#3023=VERTEX_POINT('',#10273);
#3024=VERTEX_POINT('',#10275);
#3025=VERTEX_POINT('',#10279);
#3026=VERTEX_POINT('',#10281);
#3027=VERTEX_POINT('',#10291);
#3028=VERTEX_POINT('',#10292);
#3029=VERTEX_POINT('',#10294);
#3030=VERTEX_POINT('',#10296);
#3031=VERTEX_POINT('',#10300);
#3032=VERTEX_POINT('',#10302);
#3033=VERTEX_POINT('',#10306);
#3034=VERTEX_POINT('',#10308);
#3035=VERTEX_POINT('',#10321);
#3036=VERTEX_POINT('',#10322);
#3037=VERTEX_POINT('',#10324);
#3038=VERTEX_POINT('',#10326);
#3039=VERTEX_POINT('',#10330);
#3040=VERTEX_POINT('',#10331);
#3041=VERTEX_POINT('',#10336);
#3042=VERTEX_POINT('',#10338);
#3043=VERTEX_POINT('',#10340);
#3044=VERTEX_POINT('',#10342);
#3045=VERTEX_POINT('',#10344);
#3046=VERTEX_POINT('',#10348);
#3047=VERTEX_POINT('',#10352);
#3048=VERTEX_POINT('',#10356);
#3049=VERTEX_POINT('',#10360);
#3050=VERTEX_POINT('',#10362);
#3051=VERTEX_POINT('',#10372);
#3052=VERTEX_POINT('',#10373);
#3053=VERTEX_POINT('',#10375);
#3054=VERTEX_POINT('',#10377);
#3055=VERTEX_POINT('',#10381);
#3056=VERTEX_POINT('',#10382);
#3057=VERTEX_POINT('',#10387);
#3058=VERTEX_POINT('',#10389);
#3059=VERTEX_POINT('',#10391);
#3060=VERTEX_POINT('',#10393);
#3061=VERTEX_POINT('',#10395);
#3062=VERTEX_POINT('',#10399);
#3063=VERTEX_POINT('',#10403);
#3064=VERTEX_POINT('',#10407);
#3065=VERTEX_POINT('',#10411);
#3066=VERTEX_POINT('',#10413);
#3067=VERTEX_POINT('',#10426);
#3068=VERTEX_POINT('',#10427);
#3069=VERTEX_POINT('',#10429);
#3070=VERTEX_POINT('',#10431);
#3071=VERTEX_POINT('',#10435);
#3072=VERTEX_POINT('',#10437);
#3073=VERTEX_POINT('',#10441);
#3074=VERTEX_POINT('',#10443);
#3075=VERTEX_POINT('',#10453);
#3076=VERTEX_POINT('',#10454);
#3077=VERTEX_POINT('',#10456);
#3078=VERTEX_POINT('',#10458);
#3079=VERTEX_POINT('',#10462);
#3080=VERTEX_POINT('',#10464);
#3081=VERTEX_POINT('',#10468);
#3082=VERTEX_POINT('',#10470);
#3083=VERTEX_POINT('',#10480);
#3084=VERTEX_POINT('',#10481);
#3085=VERTEX_POINT('',#10483);
#3086=VERTEX_POINT('',#10485);
#3087=VERTEX_POINT('',#10489);
#3088=VERTEX_POINT('',#10491);
#3089=VERTEX_POINT('',#10495);
#3090=VERTEX_POINT('',#10497);
#3091=VERTEX_POINT('',#10507);
#3092=VERTEX_POINT('',#10508);
#3093=VERTEX_POINT('',#10510);
#3094=VERTEX_POINT('',#10512);
#3095=VERTEX_POINT('',#10516);
#3096=VERTEX_POINT('',#10518);
#3097=VERTEX_POINT('',#10522);
#3098=VERTEX_POINT('',#10524);
#3099=VERTEX_POINT('',#10539);
#3100=VERTEX_POINT('',#10540);
#3101=VERTEX_POINT('',#10542);
#3102=VERTEX_POINT('',#10544);
#3103=VERTEX_POINT('',#10548);
#3104=VERTEX_POINT('',#10550);
#3105=VERTEX_POINT('',#10554);
#3106=VERTEX_POINT('',#10556);
#3107=VERTEX_POINT('',#10566);
#3108=VERTEX_POINT('',#10567);
#3109=VERTEX_POINT('',#10569);
#3110=VERTEX_POINT('',#10571);
#3111=VERTEX_POINT('',#10575);
#3112=VERTEX_POINT('',#10576);
#3113=VERTEX_POINT('',#10581);
#3114=VERTEX_POINT('',#10585);
#3115=VERTEX_POINT('',#10593);
#3116=VERTEX_POINT('',#10594);
#3117=VERTEX_POINT('',#10596);
#3118=VERTEX_POINT('',#10598);
#3119=VERTEX_POINT('',#10602);
#3120=VERTEX_POINT('',#10603);
#3121=VERTEX_POINT('',#10608);
#3122=VERTEX_POINT('',#10612);
#3123=VERTEX_POINT('',#10620);
#3124=VERTEX_POINT('',#10621);
#3125=VERTEX_POINT('',#10623);
#3126=VERTEX_POINT('',#10625);
#3127=VERTEX_POINT('',#10629);
#3128=VERTEX_POINT('',#10631);
#3129=VERTEX_POINT('',#10635);
#3130=VERTEX_POINT('',#10637);
#3131=VERTEX_POINT('',#10652);
#3132=VERTEX_POINT('',#10653);
#3133=VERTEX_POINT('',#10655);
#3134=VERTEX_POINT('',#10657);
#3135=VERTEX_POINT('',#10661);
#3136=VERTEX_POINT('',#10663);
#3137=VERTEX_POINT('',#10667);
#3138=VERTEX_POINT('',#10669);
#3139=VERTEX_POINT('',#10679);
#3140=VERTEX_POINT('',#10680);
#3141=VERTEX_POINT('',#10682);
#3142=VERTEX_POINT('',#10684);
#3143=VERTEX_POINT('',#10688);
#3144=VERTEX_POINT('',#10690);
#3145=VERTEX_POINT('',#10694);
#3146=VERTEX_POINT('',#10696);
#3147=VERTEX_POINT('',#10706);
#3148=VERTEX_POINT('',#10707);
#3149=VERTEX_POINT('',#10709);
#3150=VERTEX_POINT('',#10711);
#3151=VERTEX_POINT('',#10715);
#3152=VERTEX_POINT('',#10717);
#3153=VERTEX_POINT('',#10721);
#3154=VERTEX_POINT('',#10723);
#3155=VERTEX_POINT('',#10733);
#3156=VERTEX_POINT('',#10734);
#3157=VERTEX_POINT('',#10736);
#3158=VERTEX_POINT('',#10738);
#3159=VERTEX_POINT('',#10742);
#3160=VERTEX_POINT('',#10744);
#3161=VERTEX_POINT('',#10748);
#3162=VERTEX_POINT('',#10750);
#3163=VERTEX_POINT('',#10760);
#3164=VERTEX_POINT('',#10761);
#3165=VERTEX_POINT('',#10763);
#3166=VERTEX_POINT('',#10765);
#3167=VERTEX_POINT('',#10769);
#3168=VERTEX_POINT('',#10771);
#3169=VERTEX_POINT('',#10775);
#3170=VERTEX_POINT('',#10777);
#3171=VERTEX_POINT('',#10787);
#3172=VERTEX_POINT('',#10788);
#3173=VERTEX_POINT('',#10790);
#3174=VERTEX_POINT('',#10792);
#3175=VERTEX_POINT('',#10796);
#3176=VERTEX_POINT('',#10798);
#3177=VERTEX_POINT('',#10802);
#3178=VERTEX_POINT('',#10804);
#3179=VERTEX_POINT('',#10821);
#3180=VERTEX_POINT('',#10822);
#3181=VERTEX_POINT('',#10824);
#3182=VERTEX_POINT('',#10826);
#3183=VERTEX_POINT('',#10830);
#3184=VERTEX_POINT('',#10832);
#3185=VERTEX_POINT('',#10836);
#3186=VERTEX_POINT('',#10838);
#3187=VERTEX_POINT('',#10848);
#3188=VERTEX_POINT('',#10849);
#3189=VERTEX_POINT('',#10851);
#3190=VERTEX_POINT('',#10853);
#3191=VERTEX_POINT('',#10857);
#3192=VERTEX_POINT('',#10858);
#3193=VERTEX_POINT('',#10863);
#3194=VERTEX_POINT('',#10867);
#3195=VERTEX_POINT('',#10875);
#3196=VERTEX_POINT('',#10876);
#3197=VERTEX_POINT('',#10878);
#3198=VERTEX_POINT('',#10880);
#3199=VERTEX_POINT('',#10884);
#3200=VERTEX_POINT('',#10885);
#3201=VERTEX_POINT('',#10890);
#3202=VERTEX_POINT('',#10894);
#3203=VERTEX_POINT('',#10902);
#3204=VERTEX_POINT('',#10903);
#3205=VERTEX_POINT('',#10905);
#3206=VERTEX_POINT('',#10907);
#3207=VERTEX_POINT('',#10911);
#3208=VERTEX_POINT('',#10913);
#3209=VERTEX_POINT('',#10917);
#3210=VERTEX_POINT('',#10919);
#3211=VERTEX_POINT('',#10934);
#3212=VERTEX_POINT('',#10935);
#3213=VERTEX_POINT('',#10937);
#3214=VERTEX_POINT('',#10939);
#3215=VERTEX_POINT('',#10943);
#3216=VERTEX_POINT('',#10945);
#3217=VERTEX_POINT('',#10949);
#3218=VERTEX_POINT('',#10951);
#3219=VERTEX_POINT('',#10961);
#3220=VERTEX_POINT('',#10962);
#3221=VERTEX_POINT('',#10964);
#3222=VERTEX_POINT('',#10966);
#3223=VERTEX_POINT('',#10970);
#3224=VERTEX_POINT('',#10972);
#3225=VERTEX_POINT('',#10976);
#3226=VERTEX_POINT('',#10978);
#3227=VERTEX_POINT('',#10988);
#3228=VERTEX_POINT('',#10989);
#3229=VERTEX_POINT('',#10991);
#3230=VERTEX_POINT('',#10993);
#3231=VERTEX_POINT('',#10997);
#3232=VERTEX_POINT('',#10999);
#3233=VERTEX_POINT('',#11003);
#3234=VERTEX_POINT('',#11005);
#3235=VERTEX_POINT('',#11015);
#3236=VERTEX_POINT('',#11016);
#3237=VERTEX_POINT('',#11018);
#3238=VERTEX_POINT('',#11020);
#3239=VERTEX_POINT('',#11024);
#3240=VERTEX_POINT('',#11026);
#3241=VERTEX_POINT('',#11030);
#3242=VERTEX_POINT('',#11032);
#3243=EDGE_CURVE('',#2699,#2700,#1231,.T.);
#3244=EDGE_CURVE('',#2699,#2701,#1232,.T.);
#3245=EDGE_CURVE('',#2702,#2701,#1233,.T.);
#3246=EDGE_CURVE('',#2700,#2702,#1234,.T.);
#3247=EDGE_CURVE('',#2700,#2703,#1235,.T.);
#3248=EDGE_CURVE('',#2704,#2702,#1236,.T.);
#3249=EDGE_CURVE('',#2703,#2704,#1237,.T.);
#3250=EDGE_CURVE('',#2703,#2705,#1238,.T.);
#3251=EDGE_CURVE('',#2706,#2704,#1239,.T.);
#3252=EDGE_CURVE('',#2705,#2706,#1240,.T.);
#3253=EDGE_CURVE('',#2705,#2707,#431,.T.);
#3254=EDGE_CURVE('',#2708,#2706,#432,.T.);
#3255=EDGE_CURVE('',#2707,#2708,#1241,.T.);
#3256=EDGE_CURVE('',#2707,#2709,#1242,.T.);
#3257=EDGE_CURVE('',#2710,#2708,#1243,.T.);
#3258=EDGE_CURVE('',#2709,#2710,#1244,.T.);
#3259=EDGE_CURVE('',#2709,#2711,#433,.T.);
#3260=EDGE_CURVE('',#2712,#2710,#434,.T.);
#3261=EDGE_CURVE('',#2711,#2712,#1245,.T.);
#3262=EDGE_CURVE('',#2711,#2713,#1246,.T.);
#3263=EDGE_CURVE('',#2714,#2712,#1247,.T.);
#3264=EDGE_CURVE('',#2713,#2714,#1248,.T.);
#3265=EDGE_CURVE('',#2713,#2715,#435,.T.);
#3266=EDGE_CURVE('',#2716,#2714,#436,.T.);
#3267=EDGE_CURVE('',#2715,#2716,#1249,.T.);
#3268=EDGE_CURVE('',#2717,#2715,#1250,.T.);
#3269=EDGE_CURVE('',#2718,#2716,#1251,.T.);
#3270=EDGE_CURVE('',#2717,#2718,#1252,.T.);
#3271=EDGE_CURVE('',#2719,#2717,#1253,.T.);
#3272=EDGE_CURVE('',#2720,#2718,#1254,.T.);
#3273=EDGE_CURVE('',#2719,#2720,#1255,.T.);
#3274=EDGE_CURVE('',#2721,#2719,#1256,.T.);
#3275=EDGE_CURVE('',#2722,#2720,#1257,.T.);
#3276=EDGE_CURVE('',#2721,#2722,#1258,.T.);
#3277=EDGE_CURVE('',#2723,#2721,#437,.T.);
#3278=EDGE_CURVE('',#2724,#2722,#438,.T.);
#3279=EDGE_CURVE('',#2723,#2724,#1259,.T.);
#3280=EDGE_CURVE('',#2725,#2723,#1260,.T.);
#3281=EDGE_CURVE('',#2726,#2724,#1261,.T.);
#3282=EDGE_CURVE('',#2725,#2726,#1262,.T.);
#3283=EDGE_CURVE('',#2727,#2725,#439,.T.);
#3284=EDGE_CURVE('',#2728,#2726,#440,.T.);
#3285=EDGE_CURVE('',#2727,#2728,#1263,.T.);
#3286=EDGE_CURVE('',#2729,#2727,#1264,.T.);
#3287=EDGE_CURVE('',#2730,#2728,#1265,.T.);
#3288=EDGE_CURVE('',#2729,#2730,#1266,.T.);
#3289=EDGE_CURVE('',#2699,#2729,#441,.T.);
#3290=EDGE_CURVE('',#2701,#2730,#442,.T.);
#3291=EDGE_CURVE('',#2731,#2732,#1267,.T.);
#3292=EDGE_CURVE('',#2732,#2733,#1268,.T.);
#3293=EDGE_CURVE('',#2733,#2734,#1269,.T.);
#3294=EDGE_CURVE('',#2734,#2735,#235,.T.);
#3295=EDGE_CURVE('',#2735,#2736,#1270,.T.);
#3296=EDGE_CURVE('',#2736,#2737,#236,.T.);
#3297=EDGE_CURVE('',#2737,#2738,#1271,.T.);
#3298=EDGE_CURVE('',#2738,#2739,#1272,.T.);
#3299=EDGE_CURVE('',#2739,#2740,#1273,.T.);
#3300=EDGE_CURVE('',#2740,#2741,#237,.T.);
#3301=EDGE_CURVE('',#2741,#2742,#1274,.T.);
#3302=EDGE_CURVE('',#2742,#2731,#238,.T.);
#3303=EDGE_CURVE('',#2743,#2744,#239,.T.);
#3304=EDGE_CURVE('',#2735,#2743,#1275,.T.);
#3305=EDGE_CURVE('',#2734,#2744,#1276,.T.);
#3306=EDGE_CURVE('',#2744,#2745,#1277,.T.);
#3307=EDGE_CURVE('',#2733,#2745,#1278,.T.);
#3308=EDGE_CURVE('',#2745,#2746,#1279,.T.);
#3309=EDGE_CURVE('',#2732,#2746,#1280,.T.);
#3310=EDGE_CURVE('',#2746,#2747,#1281,.T.);
#3311=EDGE_CURVE('',#2731,#2747,#1282,.T.);
#3312=EDGE_CURVE('',#2741,#2748,#1283,.T.);
#3313=EDGE_CURVE('',#2749,#2748,#1284,.T.);
#3314=EDGE_CURVE('',#2742,#2749,#1285,.T.);
#3315=EDGE_CURVE('',#2747,#2749,#240,.T.);
#3316=EDGE_CURVE('',#2748,#2750,#241,.T.);
#3317=EDGE_CURVE('',#2740,#2750,#1286,.T.);
#3318=EDGE_CURVE('',#2750,#2751,#1287,.T.);
#3319=EDGE_CURVE('',#2739,#2751,#1288,.T.);
#3320=EDGE_CURVE('',#2751,#2752,#1289,.T.);
#3321=EDGE_CURVE('',#2738,#2752,#1290,.T.);
#3322=EDGE_CURVE('',#2752,#2753,#1291,.T.);
#3323=EDGE_CURVE('',#2737,#2753,#1292,.T.);
#3324=EDGE_CURVE('',#2753,#2754,#242,.T.);
#3325=EDGE_CURVE('',#2736,#2754,#1293,.T.);
#3326=EDGE_CURVE('',#2754,#2743,#1294,.T.);
#3327=EDGE_CURVE('',#2755,#2756,#1295,.T.);
#3328=EDGE_CURVE('',#2757,#2756,#1296,.T.);
#3329=EDGE_CURVE('',#2758,#2757,#1297,.T.);
#3330=EDGE_CURVE('',#2755,#2758,#1298,.T.);
#3331=EDGE_CURVE('',#2759,#2760,#1299,.T.);
#3332=EDGE_CURVE('',#2759,#2761,#1300,.T.);
#3333=EDGE_CURVE('',#2755,#2761,#1301,.T.);
#3334=EDGE_CURVE('',#2762,#2758,#1302,.T.);
#3335=EDGE_CURVE('',#2760,#2762,#443,.T.);
#3336=EDGE_CURVE('',#2762,#2763,#1303,.T.);
#3337=EDGE_CURVE('',#2763,#2757,#1304,.T.);
#3338=EDGE_CURVE('',#2764,#2759,#1305,.T.);
#3339=EDGE_CURVE('',#2764,#2765,#1306,.T.);
#3340=EDGE_CURVE('',#2761,#2765,#1307,.T.);
#3341=EDGE_CURVE('',#2766,#2764,#1308,.T.);
#3342=EDGE_CURVE('',#2763,#2766,#444,.T.);
#3343=EDGE_CURVE('',#2765,#2756,#1309,.T.);
#3344=EDGE_CURVE('',#2766,#2767,#1310,.T.);
#3345=EDGE_CURVE('',#2768,#2767,#243,.T.);
#3346=EDGE_CURVE('',#2769,#2768,#1311,.T.);
#3347=EDGE_CURVE('',#2769,#2770,#244,.T.);
#3348=EDGE_CURVE('',#2770,#2760,#1312,.T.);
#3349=EDGE_CURVE('',#2769,#2771,#1313,.T.);
#3350=EDGE_CURVE('',#2772,#2771,#245,.T.);
#3351=EDGE_CURVE('',#2773,#2772,#1314,.T.);
#3352=EDGE_CURVE('',#2774,#2773,#1315,.T.);
#3353=EDGE_CURVE('',#2775,#2774,#1316,.T.);
#3354=EDGE_CURVE('',#2776,#2775,#246,.T.);
#3355=EDGE_CURVE('',#2777,#2776,#1317,.T.);
#3356=EDGE_CURVE('',#2778,#2777,#247,.T.);
#3357=EDGE_CURVE('',#2779,#2778,#1318,.T.);
#3358=EDGE_CURVE('',#2780,#2779,#1319,.T.);
#3359=EDGE_CURVE('',#2770,#2780,#1320,.T.);
#3360=EDGE_CURVE('',#2776,#2781,#1321,.T.);
#3361=EDGE_CURVE('',#2782,#2781,#1322,.T.);
#3362=EDGE_CURVE('',#2777,#2782,#1323,.T.);
#3363=EDGE_CURVE('',#2775,#2783,#1324,.T.);
#3364=EDGE_CURVE('',#2781,#2783,#248,.T.);
#3365=EDGE_CURVE('',#2774,#2784,#1325,.T.);
#3366=EDGE_CURVE('',#2783,#2784,#1326,.T.);
#3367=EDGE_CURVE('',#2773,#2785,#1327,.T.);
#3368=EDGE_CURVE('',#2784,#2785,#1328,.T.);
#3369=EDGE_CURVE('',#2772,#2786,#1329,.T.);
#3370=EDGE_CURVE('',#2785,#2786,#1330,.T.);
#3371=EDGE_CURVE('',#2771,#2787,#1331,.T.);
#3372=EDGE_CURVE('',#2786,#2787,#249,.T.);
#3373=EDGE_CURVE('',#2787,#2768,#1332,.T.);
#3374=EDGE_CURVE('',#2780,#2788,#1333,.T.);
#3375=EDGE_CURVE('',#2767,#2788,#1334,.T.);
#3376=EDGE_CURVE('',#2779,#2789,#1335,.T.);
#3377=EDGE_CURVE('',#2788,#2789,#1336,.T.);
#3378=EDGE_CURVE('',#2756,#2790,#1337,.T.);
#3379=EDGE_CURVE('',#2789,#2790,#1338,.T.);
#3380=EDGE_CURVE('',#2778,#2755,#1339,.T.);
#3381=EDGE_CURVE('',#2790,#2782,#250,.T.);
#3382=EDGE_CURVE('',#2791,#2792,#1340,.T.);
#3383=EDGE_CURVE('',#2793,#2791,#1341,.T.);
#3384=EDGE_CURVE('',#2794,#2793,#1342,.T.);
#3385=EDGE_CURVE('',#2794,#2795,#1343,.T.);
#3386=EDGE_CURVE('',#2796,#2795,#1344,.T.);
#3387=EDGE_CURVE('',#2792,#2796,#445,.T.);
#3388=EDGE_CURVE('',#2796,#2797,#1345,.T.);
#3389=EDGE_CURVE('',#2795,#2798,#1346,.T.);
#3390=EDGE_CURVE('',#2797,#2798,#1347,.T.);
#3391=EDGE_CURVE('',#2799,#2800,#1348,.T.);
#3392=EDGE_CURVE('',#2797,#2799,#446,.T.);
#3393=EDGE_CURVE('',#2798,#2801,#1349,.T.);
#3394=EDGE_CURVE('',#2802,#2801,#1350,.T.);
#3395=EDGE_CURVE('',#2800,#2802,#1351,.T.);
#3396=EDGE_CURVE('',#2801,#2794,#1352,.T.);
#3397=EDGE_CURVE('',#2803,#2801,#1353,.T.);
#3398=EDGE_CURVE('',#2804,#2803,#1354,.T.);
#3399=EDGE_CURVE('',#2804,#2802,#1355,.T.);
#3400=EDGE_CURVE('',#2793,#2805,#1356,.T.);
#3401=EDGE_CURVE('',#2805,#2806,#1357,.T.);
#3402=EDGE_CURVE('',#2794,#2806,#1358,.T.);
#3403=EDGE_CURVE('',#2807,#2804,#1359,.T.);
#3404=EDGE_CURVE('',#2807,#2800,#1360,.T.);
#3405=EDGE_CURVE('',#2791,#2808,#1361,.T.);
#3406=EDGE_CURVE('',#2808,#2805,#1362,.T.);
#3407=EDGE_CURVE('',#2809,#2799,#1363,.T.);
#3408=EDGE_CURVE('',#2810,#2809,#251,.T.);
#3409=EDGE_CURVE('',#2810,#2811,#1364,.T.);
#3410=EDGE_CURVE('',#2811,#2812,#252,.T.);
#3411=EDGE_CURVE('',#2792,#2812,#1365,.T.);
#3412=EDGE_CURVE('',#2809,#2807,#1366,.T.);
#3413=EDGE_CURVE('',#2812,#2808,#1367,.T.);
#3414=EDGE_CURVE('',#2810,#2813,#1368,.T.);
#3415=EDGE_CURVE('',#2803,#2814,#253,.T.);
#3416=EDGE_CURVE('',#2814,#2815,#1369,.T.);
#3417=EDGE_CURVE('',#2815,#2816,#254,.T.);
#3418=EDGE_CURVE('',#2816,#2817,#1370,.T.);
#3419=EDGE_CURVE('',#2817,#2818,#1371,.T.);
#3420=EDGE_CURVE('',#2818,#2819,#1372,.T.);
#3421=EDGE_CURVE('',#2819,#2813,#255,.T.);
#3422=EDGE_CURVE('',#2814,#2820,#1373,.T.);
#3423=EDGE_CURVE('',#2820,#2821,#1374,.T.);
#3424=EDGE_CURVE('',#2815,#2821,#1375,.T.);
#3425=EDGE_CURVE('',#2821,#2822,#256,.T.);
#3426=EDGE_CURVE('',#2816,#2822,#1376,.T.);
#3427=EDGE_CURVE('',#2822,#2823,#1377,.T.);
#3428=EDGE_CURVE('',#2817,#2823,#1378,.T.);
#3429=EDGE_CURVE('',#2823,#2824,#1379,.T.);
#3430=EDGE_CURVE('',#2818,#2824,#1380,.T.);
#3431=EDGE_CURVE('',#2824,#2825,#1381,.T.);
#3432=EDGE_CURVE('',#2819,#2825,#1382,.T.);
#3433=EDGE_CURVE('',#2825,#2826,#257,.T.);
#3434=EDGE_CURVE('',#2813,#2826,#1383,.T.);
#3435=EDGE_CURVE('',#2826,#2811,#1384,.T.);
#3436=EDGE_CURVE('',#2806,#2820,#258,.T.);
#3437=EDGE_CURVE('',#2827,#2828,#1385,.T.);
#3438=EDGE_CURVE('',#2829,#2827,#259,.T.);
#3439=EDGE_CURVE('',#2830,#2829,#1386,.T.);
#3440=EDGE_CURVE('',#2831,#2830,#260,.T.);
#3441=EDGE_CURVE('',#2832,#2831,#1387,.T.);
#3442=EDGE_CURVE('',#2833,#2832,#1388,.T.);
#3443=EDGE_CURVE('',#2834,#2833,#1389,.T.);
#3444=EDGE_CURVE('',#2835,#2834,#261,.T.);
#3445=EDGE_CURVE('',#2836,#2835,#1390,.T.);
#3446=EDGE_CURVE('',#2837,#2836,#262,.T.);
#3447=EDGE_CURVE('',#2838,#2837,#1391,.T.);
#3448=EDGE_CURVE('',#2828,#2838,#1392,.T.);
#3449=EDGE_CURVE('',#2839,#2840,#263,.T.);
#3450=EDGE_CURVE('',#2837,#2840,#1393,.T.);
#3451=EDGE_CURVE('',#2836,#2839,#1394,.T.);
#3452=EDGE_CURVE('',#2840,#2841,#1395,.T.);
#3453=EDGE_CURVE('',#2838,#2841,#1396,.T.);
#3454=EDGE_CURVE('',#2841,#2842,#1397,.T.);
#3455=EDGE_CURVE('',#2828,#2842,#1398,.T.);
#3456=EDGE_CURVE('',#2842,#2843,#1399,.T.);
#3457=EDGE_CURVE('',#2827,#2843,#1400,.T.);
#3458=EDGE_CURVE('',#2829,#2844,#1401,.T.);
#3459=EDGE_CURVE('',#2844,#2845,#1402,.T.);
#3460=EDGE_CURVE('',#2830,#2845,#1403,.T.);
#3461=EDGE_CURVE('',#2843,#2844,#264,.T.);
#3462=EDGE_CURVE('',#2845,#2846,#265,.T.);
#3463=EDGE_CURVE('',#2831,#2846,#1404,.T.);
#3464=EDGE_CURVE('',#2846,#2847,#1405,.T.);
#3465=EDGE_CURVE('',#2832,#2847,#1406,.T.);
#3466=EDGE_CURVE('',#2847,#2848,#1407,.T.);
#3467=EDGE_CURVE('',#2833,#2848,#1408,.T.);
#3468=EDGE_CURVE('',#2848,#2849,#1409,.T.);
#3469=EDGE_CURVE('',#2834,#2849,#1410,.T.);
#3470=EDGE_CURVE('',#2849,#2850,#266,.T.);
#3471=EDGE_CURVE('',#2835,#2850,#1411,.T.);
#3472=EDGE_CURVE('',#2850,#2839,#1412,.T.);
#3473=EDGE_CURVE('',#2851,#2852,#1413,.T.);
#3474=EDGE_CURVE('',#2852,#2853,#1414,.T.);
#3475=EDGE_CURVE('',#2853,#2854,#1415,.T.);
#3476=EDGE_CURVE('',#2851,#2854,#1416,.T.);
#3477=EDGE_CURVE('',#2852,#2855,#1417,.T.);
#3478=EDGE_CURVE('',#2855,#2856,#1418,.T.);
#3479=EDGE_CURVE('',#2856,#2853,#1419,.T.);
#3480=EDGE_CURVE('',#2855,#2857,#1420,.T.);
#3481=EDGE_CURVE('',#2857,#2858,#1421,.T.);
#3482=EDGE_CURVE('',#2858,#2856,#1422,.T.);
#3483=EDGE_CURVE('',#2857,#2859,#447,.T.);
#3484=EDGE_CURVE('',#2859,#2860,#1423,.T.);
#3485=EDGE_CURVE('',#2860,#2858,#448,.T.);
#3486=EDGE_CURVE('',#2859,#2861,#1424,.T.);
#3487=EDGE_CURVE('',#2861,#2862,#1425,.T.);
#3488=EDGE_CURVE('',#2862,#2860,#1426,.T.);
#3489=EDGE_CURVE('',#2861,#2863,#449,.T.);
#3490=EDGE_CURVE('',#2863,#2864,#1427,.T.);
#3491=EDGE_CURVE('',#2864,#2862,#450,.T.);
#3492=EDGE_CURVE('',#2863,#2865,#1428,.T.);
#3493=EDGE_CURVE('',#2865,#2866,#1429,.T.);
#3494=EDGE_CURVE('',#2866,#2864,#1430,.T.);
#3495=EDGE_CURVE('',#2865,#2867,#451,.T.);
#3496=EDGE_CURVE('',#2867,#2868,#1431,.T.);
#3497=EDGE_CURVE('',#2868,#2866,#452,.T.);
#3498=EDGE_CURVE('',#2869,#2867,#1432,.T.);
#3499=EDGE_CURVE('',#2869,#2870,#1433,.T.);
#3500=EDGE_CURVE('',#2870,#2868,#1434,.T.);
#3501=EDGE_CURVE('',#2871,#2869,#1435,.T.);
#3502=EDGE_CURVE('',#2871,#2872,#1436,.T.);
#3503=EDGE_CURVE('',#2872,#2870,#1437,.T.);
#3504=EDGE_CURVE('',#2873,#2871,#1438,.T.);
#3505=EDGE_CURVE('',#2873,#2874,#1439,.T.);
#3506=EDGE_CURVE('',#2874,#2872,#1440,.T.);
#3507=EDGE_CURVE('',#2875,#2873,#453,.T.);
#3508=EDGE_CURVE('',#2875,#2876,#1441,.T.);
#3509=EDGE_CURVE('',#2876,#2874,#454,.T.);
#3510=EDGE_CURVE('',#2877,#2875,#1442,.T.);
#3511=EDGE_CURVE('',#2877,#2878,#1443,.T.);
#3512=EDGE_CURVE('',#2878,#2876,#1444,.T.);
#3513=EDGE_CURVE('',#2879,#2877,#455,.T.);
#3514=EDGE_CURVE('',#2879,#2880,#1445,.T.);
#3515=EDGE_CURVE('',#2880,#2878,#456,.T.);
#3516=EDGE_CURVE('',#2881,#2879,#1446,.T.);
#3517=EDGE_CURVE('',#2881,#2882,#1447,.T.);
#3518=EDGE_CURVE('',#2882,#2880,#1448,.T.);
#3519=EDGE_CURVE('',#2851,#2881,#457,.T.);
#3520=EDGE_CURVE('',#2854,#2882,#458,.T.);
#3521=EDGE_CURVE('',#2883,#2884,#1449,.T.);
#3522=EDGE_CURVE('',#2884,#2885,#1450,.T.);
#3523=EDGE_CURVE('',#2885,#2886,#1451,.T.);
#3524=EDGE_CURVE('',#2883,#2886,#1452,.T.);
#3525=EDGE_CURVE('',#2884,#2887,#1453,.T.);
#3526=EDGE_CURVE('',#2887,#2888,#1454,.T.);
#3527=EDGE_CURVE('',#2888,#2885,#1455,.T.);
#3528=EDGE_CURVE('',#2887,#2889,#1456,.T.);
#3529=EDGE_CURVE('',#2889,#2890,#1457,.T.);
#3530=EDGE_CURVE('',#2890,#2888,#1458,.T.);
#3531=EDGE_CURVE('',#2889,#2891,#459,.T.);
#3532=EDGE_CURVE('',#2891,#2892,#1459,.T.);
#3533=EDGE_CURVE('',#2892,#2890,#460,.T.);
#3534=EDGE_CURVE('',#2891,#2893,#1460,.T.);
#3535=EDGE_CURVE('',#2893,#2894,#1461,.T.);
#3536=EDGE_CURVE('',#2894,#2892,#1462,.T.);
#3537=EDGE_CURVE('',#2893,#2895,#461,.T.);
#3538=EDGE_CURVE('',#2895,#2896,#1463,.T.);
#3539=EDGE_CURVE('',#2896,#2894,#462,.T.);
#3540=EDGE_CURVE('',#2895,#2897,#1464,.T.);
#3541=EDGE_CURVE('',#2897,#2898,#1465,.T.);
#3542=EDGE_CURVE('',#2898,#2896,#1466,.T.);
#3543=EDGE_CURVE('',#2897,#2899,#463,.T.);
#3544=EDGE_CURVE('',#2899,#2900,#1467,.T.);
#3545=EDGE_CURVE('',#2900,#2898,#464,.T.);
#3546=EDGE_CURVE('',#2901,#2899,#1468,.T.);
#3547=EDGE_CURVE('',#2901,#2902,#1469,.T.);
#3548=EDGE_CURVE('',#2902,#2900,#1470,.T.);
#3549=EDGE_CURVE('',#2903,#2901,#1471,.T.);
#3550=EDGE_CURVE('',#2903,#2904,#1472,.T.);
#3551=EDGE_CURVE('',#2904,#2902,#1473,.T.);
#3552=EDGE_CURVE('',#2905,#2903,#1474,.T.);
#3553=EDGE_CURVE('',#2905,#2906,#1475,.T.);
#3554=EDGE_CURVE('',#2906,#2904,#1476,.T.);
#3555=EDGE_CURVE('',#2907,#2905,#465,.T.);
#3556=EDGE_CURVE('',#2907,#2908,#1477,.T.);
#3557=EDGE_CURVE('',#2908,#2906,#466,.T.);
#3558=EDGE_CURVE('',#2909,#2907,#1478,.T.);
#3559=EDGE_CURVE('',#2909,#2910,#1479,.T.);
#3560=EDGE_CURVE('',#2910,#2908,#1480,.T.);
#3561=EDGE_CURVE('',#2911,#2909,#467,.T.);
#3562=EDGE_CURVE('',#2911,#2912,#1481,.T.);
#3563=EDGE_CURVE('',#2912,#2910,#468,.T.);
#3564=EDGE_CURVE('',#2913,#2911,#1482,.T.);
#3565=EDGE_CURVE('',#2913,#2914,#1483,.T.);
#3566=EDGE_CURVE('',#2914,#2912,#1484,.T.);
#3567=EDGE_CURVE('',#2883,#2913,#469,.T.);
#3568=EDGE_CURVE('',#2886,#2914,#470,.T.);
#3569=EDGE_CURVE('',#2915,#2916,#1485,.T.);
#3570=EDGE_CURVE('',#2915,#2917,#1486,.T.);
#3571=EDGE_CURVE('',#2918,#2917,#1487,.T.);
#3572=EDGE_CURVE('',#2916,#2918,#1488,.T.);
#3573=EDGE_CURVE('',#2916,#2919,#1489,.T.);
#3574=EDGE_CURVE('',#2920,#2918,#1490,.T.);
#3575=EDGE_CURVE('',#2919,#2920,#1491,.T.);
#3576=EDGE_CURVE('',#2919,#2921,#1492,.T.);
#3577=EDGE_CURVE('',#2922,#2920,#1493,.T.);
#3578=EDGE_CURVE('',#2921,#2922,#1494,.T.);
#3579=EDGE_CURVE('',#2921,#2923,#471,.T.);
#3580=EDGE_CURVE('',#2924,#2922,#472,.T.);
#3581=EDGE_CURVE('',#2923,#2924,#1495,.T.);
#3582=EDGE_CURVE('',#2923,#2925,#1496,.T.);
#3583=EDGE_CURVE('',#2926,#2924,#1497,.T.);
#3584=EDGE_CURVE('',#2925,#2926,#1498,.T.);
#3585=EDGE_CURVE('',#2925,#2927,#473,.T.);
#3586=EDGE_CURVE('',#2928,#2926,#474,.T.);
#3587=EDGE_CURVE('',#2927,#2928,#1499,.T.);
#3588=EDGE_CURVE('',#2927,#2929,#1500,.T.);
#3589=EDGE_CURVE('',#2930,#2928,#1501,.T.);
#3590=EDGE_CURVE('',#2929,#2930,#1502,.T.);
#3591=EDGE_CURVE('',#2929,#2931,#475,.T.);
#3592=EDGE_CURVE('',#2932,#2930,#476,.T.);
#3593=EDGE_CURVE('',#2931,#2932,#1503,.T.);
#3594=EDGE_CURVE('',#2933,#2931,#1504,.T.);
#3595=EDGE_CURVE('',#2934,#2932,#1505,.T.);
#3596=EDGE_CURVE('',#2933,#2934,#1506,.T.);
#3597=EDGE_CURVE('',#2935,#2933,#1507,.T.);
#3598=EDGE_CURVE('',#2936,#2934,#1508,.T.);
#3599=EDGE_CURVE('',#2935,#2936,#1509,.T.);
#3600=EDGE_CURVE('',#2937,#2935,#1510,.T.);
#3601=EDGE_CURVE('',#2938,#2936,#1511,.T.);
#3602=EDGE_CURVE('',#2937,#2938,#1512,.T.);
#3603=EDGE_CURVE('',#2939,#2937,#477,.T.);
#3604=EDGE_CURVE('',#2940,#2938,#478,.T.);
#3605=EDGE_CURVE('',#2939,#2940,#1513,.T.);
#3606=EDGE_CURVE('',#2941,#2939,#1514,.T.);
#3607=EDGE_CURVE('',#2942,#2940,#1515,.T.);
#3608=EDGE_CURVE('',#2941,#2942,#1516,.T.);
#3609=EDGE_CURVE('',#2943,#2941,#479,.T.);
#3610=EDGE_CURVE('',#2944,#2942,#480,.T.);
#3611=EDGE_CURVE('',#2943,#2944,#1517,.T.);
#3612=EDGE_CURVE('',#2945,#2943,#1518,.T.);
#3613=EDGE_CURVE('',#2946,#2944,#1519,.T.);
#3614=EDGE_CURVE('',#2945,#2946,#1520,.T.);
#3615=EDGE_CURVE('',#2915,#2945,#481,.T.);
#3616=EDGE_CURVE('',#2917,#2946,#482,.T.);
#3617=EDGE_CURVE('',#2947,#2948,#1521,.T.);
#3618=EDGE_CURVE('',#2949,#2947,#1522,.T.);
#3619=EDGE_CURVE('',#2949,#2950,#1523,.T.);
#3620=EDGE_CURVE('',#2948,#2950,#1524,.T.);
#3621=EDGE_CURVE('',#2951,#2952,#1525,.T.);
#3622=EDGE_CURVE('',#2950,#2951,#1526,.T.);
#3623=EDGE_CURVE('',#2952,#2949,#1527,.T.);
#3624=EDGE_CURVE('',#2953,#2947,#1528,.T.);
#3625=EDGE_CURVE('',#2953,#2954,#1529,.T.);
#3626=EDGE_CURVE('',#2954,#2955,#1530,.T.);
#3627=EDGE_CURVE('',#2956,#2955,#1531,.T.);
#3628=EDGE_CURVE('',#2956,#2957,#1532,.T.);
#3629=EDGE_CURVE('',#2952,#2957,#1533,.T.);
#3630=EDGE_CURVE('',#2958,#2948,#1534,.T.);
#3631=EDGE_CURVE('',#2958,#2953,#1535,.T.);
#3632=EDGE_CURVE('',#2959,#2958,#1536,.T.);
#3633=EDGE_CURVE('',#2959,#2954,#1537,.T.);
#3634=EDGE_CURVE('',#2955,#2960,#1538,.T.);
#3635=EDGE_CURVE('',#2960,#2959,#1539,.T.);
#3636=EDGE_CURVE('',#2961,#2951,#1540,.T.);
#3637=EDGE_CURVE('',#2962,#2961,#1541,.T.);
#3638=EDGE_CURVE('',#2960,#2962,#1542,.T.);
#3639=EDGE_CURVE('',#2962,#2956,#1543,.T.);
#3640=EDGE_CURVE('',#2957,#2961,#1544,.T.);
#3641=EDGE_CURVE('',#2963,#2964,#1545,.T.);
#3642=EDGE_CURVE('',#2964,#2965,#1546,.T.);
#3643=EDGE_CURVE('',#2966,#2965,#1547,.T.);
#3644=EDGE_CURVE('',#2966,#2963,#1548,.T.);
#3645=EDGE_CURVE('',#2967,#2968,#1549,.T.);
#3646=EDGE_CURVE('',#2968,#2966,#1550,.T.);
#3647=EDGE_CURVE('',#2965,#2967,#1551,.T.);
#3648=EDGE_CURVE('',#2968,#2969,#1552,.T.);
#3649=EDGE_CURVE('',#2970,#2969,#1553,.T.);
#3650=EDGE_CURVE('',#2970,#2971,#1554,.T.);
#3651=EDGE_CURVE('',#2972,#2971,#1555,.T.);
#3652=EDGE_CURVE('',#2973,#2972,#1556,.T.);
#3653=EDGE_CURVE('',#2973,#2963,#1557,.T.);
#3654=EDGE_CURVE('',#2974,#2973,#1558,.T.);
#3655=EDGE_CURVE('',#2974,#2964,#1559,.T.);
#3656=EDGE_CURVE('',#2975,#2972,#1560,.T.);
#3657=EDGE_CURVE('',#2975,#2974,#1561,.T.);
#3658=EDGE_CURVE('',#2971,#2976,#1562,.T.);
#3659=EDGE_CURVE('',#2976,#2975,#1563,.T.);
#3660=EDGE_CURVE('',#2976,#2977,#1564,.T.);
#3661=EDGE_CURVE('',#2977,#2978,#1565,.T.);
#3662=EDGE_CURVE('',#2978,#2967,#1566,.T.);
#3663=EDGE_CURVE('',#2977,#2970,#1567,.T.);
#3664=EDGE_CURVE('',#2969,#2978,#1568,.T.);
#3665=EDGE_CURVE('',#2979,#2980,#1569,.T.);
#3666=EDGE_CURVE('',#2979,#2981,#1570,.T.);
#3667=EDGE_CURVE('',#2981,#2982,#1571,.T.);
#3668=EDGE_CURVE('',#2980,#2982,#1572,.T.);
#3669=EDGE_CURVE('',#2983,#2979,#1573,.T.);
#3670=EDGE_CURVE('',#2983,#2984,#1574,.T.);
#3671=EDGE_CURVE('',#2984,#2981,#1575,.T.);
#3672=EDGE_CURVE('',#2985,#2983,#1576,.T.);
#3673=EDGE_CURVE('',#2985,#2986,#1577,.T.);
#3674=EDGE_CURVE('',#2986,#2984,#1578,.T.);
#3675=EDGE_CURVE('',#2980,#2985,#1579,.T.);
#3676=EDGE_CURVE('',#2982,#2986,#1580,.T.);
#3677=EDGE_CURVE('',#2987,#2988,#1581,.T.);
#3678=EDGE_CURVE('',#2988,#2989,#1582,.T.);
#3679=EDGE_CURVE('',#2990,#2989,#1583,.T.);
#3680=EDGE_CURVE('',#2987,#2990,#1584,.T.);
#3681=EDGE_CURVE('',#2991,#2987,#1585,.T.);
#3682=EDGE_CURVE('',#2992,#2990,#1586,.T.);
#3683=EDGE_CURVE('',#2991,#2992,#1587,.T.);
#3684=EDGE_CURVE('',#2993,#2991,#1588,.T.);
#3685=EDGE_CURVE('',#2994,#2992,#1589,.T.);
#3686=EDGE_CURVE('',#2993,#2994,#1590,.T.);
#3687=EDGE_CURVE('',#2988,#2993,#1591,.T.);
#3688=EDGE_CURVE('',#2989,#2994,#1592,.T.);
#3689=EDGE_CURVE('',#2995,#2996,#1593,.T.);
#3690=EDGE_CURVE('',#2995,#2997,#1594,.T.);
#3691=EDGE_CURVE('',#2997,#2998,#1595,.T.);
#3692=EDGE_CURVE('',#2996,#2998,#1596,.T.);
#3693=EDGE_CURVE('',#2999,#2995,#1597,.T.);
#3694=EDGE_CURVE('',#2999,#3000,#1598,.T.);
#3695=EDGE_CURVE('',#3000,#2997,#1599,.T.);
#3696=EDGE_CURVE('',#3001,#2999,#1600,.T.);
#3697=EDGE_CURVE('',#3001,#3002,#1601,.T.);
#3698=EDGE_CURVE('',#3002,#3000,#1602,.T.);
#3699=EDGE_CURVE('',#2996,#3001,#1603,.T.);
#3700=EDGE_CURVE('',#2998,#3002,#1604,.T.);
#3701=EDGE_CURVE('',#3003,#3004,#1605,.T.);
#3702=EDGE_CURVE('',#3003,#3005,#1606,.T.);
#3703=EDGE_CURVE('',#3005,#3006,#1607,.T.);
#3704=EDGE_CURVE('',#3004,#3006,#1608,.T.);
#3705=EDGE_CURVE('',#3007,#3003,#1609,.T.);
#3706=EDGE_CURVE('',#3007,#3008,#1610,.T.);
#3707=EDGE_CURVE('',#3008,#3005,#1611,.T.);
#3708=EDGE_CURVE('',#3009,#3007,#1612,.T.);
#3709=EDGE_CURVE('',#3009,#3010,#1613,.T.);
#3710=EDGE_CURVE('',#3010,#3008,#1614,.T.);
#3711=EDGE_CURVE('',#3004,#3009,#1615,.T.);
#3712=EDGE_CURVE('',#3006,#3010,#1616,.T.);
#3713=EDGE_CURVE('',#3011,#3012,#1617,.T.);
#3714=EDGE_CURVE('',#3012,#3013,#1618,.T.);
#3715=EDGE_CURVE('',#3014,#3013,#1619,.T.);
#3716=EDGE_CURVE('',#3011,#3014,#1620,.T.);
#3717=EDGE_CURVE('',#3015,#3011,#1621,.T.);
#3718=EDGE_CURVE('',#3016,#3014,#1622,.T.);
#3719=EDGE_CURVE('',#3015,#3016,#1623,.T.);
#3720=EDGE_CURVE('',#3017,#3015,#1624,.T.);
#3721=EDGE_CURVE('',#3018,#3016,#1625,.T.);
#3722=EDGE_CURVE('',#3017,#3018,#1626,.T.);
#3723=EDGE_CURVE('',#3012,#3017,#1627,.T.);
#3724=EDGE_CURVE('',#3013,#3018,#1628,.T.);
#3725=EDGE_CURVE('',#3019,#3020,#1629,.T.);
#3726=EDGE_CURVE('',#3019,#3021,#1630,.T.);
#3727=EDGE_CURVE('',#3021,#3022,#1631,.T.);
#3728=EDGE_CURVE('',#3020,#3022,#1632,.T.);
#3729=EDGE_CURVE('',#3023,#3019,#1633,.T.);
#3730=EDGE_CURVE('',#3023,#3024,#1634,.T.);
#3731=EDGE_CURVE('',#3024,#3021,#1635,.T.);
#3732=EDGE_CURVE('',#3025,#3023,#1636,.T.);
#3733=EDGE_CURVE('',#3025,#3026,#1637,.T.);
#3734=EDGE_CURVE('',#3026,#3024,#1638,.T.);
#3735=EDGE_CURVE('',#3020,#3025,#1639,.T.);
#3736=EDGE_CURVE('',#3022,#3026,#1640,.T.);
#3737=EDGE_CURVE('',#3027,#3028,#1641,.T.);
#3738=EDGE_CURVE('',#3028,#3029,#1642,.T.);
#3739=EDGE_CURVE('',#3030,#3029,#1643,.T.);
#3740=EDGE_CURVE('',#3027,#3030,#1644,.T.);
#3741=EDGE_CURVE('',#3031,#3027,#1645,.T.);
#3742=EDGE_CURVE('',#3032,#3030,#1646,.T.);
#3743=EDGE_CURVE('',#3031,#3032,#1647,.T.);
#3744=EDGE_CURVE('',#3033,#3031,#1648,.T.);
#3745=EDGE_CURVE('',#3034,#3032,#1649,.T.);
#3746=EDGE_CURVE('',#3033,#3034,#1650,.T.);
#3747=EDGE_CURVE('',#3028,#3033,#1651,.T.);
#3748=EDGE_CURVE('',#3029,#3034,#1652,.T.);
#3749=EDGE_CURVE('',#3035,#3036,#1653,.T.);
#3750=EDGE_CURVE('',#3036,#3037,#1654,.T.);
#3751=EDGE_CURVE('',#3038,#3037,#1655,.T.);
#3752=EDGE_CURVE('',#3038,#3035,#1656,.T.);
#3753=EDGE_CURVE('',#3039,#3040,#1657,.T.);
#3754=EDGE_CURVE('',#3040,#3038,#1658,.T.);
#3755=EDGE_CURVE('',#3037,#3039,#1659,.T.);
#3756=EDGE_CURVE('',#3040,#3041,#1660,.T.);
#3757=EDGE_CURVE('',#3042,#3041,#1661,.T.);
#3758=EDGE_CURVE('',#3042,#3043,#1662,.T.);
#3759=EDGE_CURVE('',#3044,#3043,#1663,.T.);
#3760=EDGE_CURVE('',#3045,#3044,#1664,.T.);
#3761=EDGE_CURVE('',#3045,#3035,#1665,.T.);
#3762=EDGE_CURVE('',#3046,#3045,#1666,.T.);
#3763=EDGE_CURVE('',#3046,#3036,#1667,.T.);
#3764=EDGE_CURVE('',#3047,#3044,#1668,.T.);
#3765=EDGE_CURVE('',#3047,#3046,#1669,.T.);
#3766=EDGE_CURVE('',#3043,#3048,#1670,.T.);
#3767=EDGE_CURVE('',#3048,#3047,#1671,.T.);
#3768=EDGE_CURVE('',#3048,#3049,#1672,.T.);
#3769=EDGE_CURVE('',#3049,#3050,#1673,.T.);
#3770=EDGE_CURVE('',#3050,#3039,#1674,.T.);
#3771=EDGE_CURVE('',#3049,#3042,#1675,.T.);
#3772=EDGE_CURVE('',#3041,#3050,#1676,.T.);
#3773=EDGE_CURVE('',#3051,#3052,#1677,.T.);
#3774=EDGE_CURVE('',#3053,#3051,#1678,.T.);
#3775=EDGE_CURVE('',#3053,#3054,#1679,.T.);
#3776=EDGE_CURVE('',#3052,#3054,#1680,.T.);
#3777=EDGE_CURVE('',#3055,#3056,#1681,.T.);
#3778=EDGE_CURVE('',#3054,#3055,#1682,.T.);
#3779=EDGE_CURVE('',#3056,#3053,#1683,.T.);
#3780=EDGE_CURVE('',#3057,#3051,#1684,.T.);
#3781=EDGE_CURVE('',#3057,#3058,#1685,.T.);
#3782=EDGE_CURVE('',#3058,#3059,#1686,.T.);
#3783=EDGE_CURVE('',#3060,#3059,#1687,.T.);
#3784=EDGE_CURVE('',#3060,#3061,#1688,.T.);
#3785=EDGE_CURVE('',#3056,#3061,#1689,.T.);
#3786=EDGE_CURVE('',#3062,#3052,#1690,.T.);
#3787=EDGE_CURVE('',#3062,#3057,#1691,.T.);
#3788=EDGE_CURVE('',#3063,#3062,#1692,.T.);
#3789=EDGE_CURVE('',#3063,#3058,#1693,.T.);
#3790=EDGE_CURVE('',#3059,#3064,#1694,.T.);
#3791=EDGE_CURVE('',#3064,#3063,#1695,.T.);
#3792=EDGE_CURVE('',#3065,#3055,#1696,.T.);
#3793=EDGE_CURVE('',#3066,#3065,#1697,.T.);
#3794=EDGE_CURVE('',#3064,#3066,#1698,.T.);
#3795=EDGE_CURVE('',#3066,#3060,#1699,.T.);
#3796=EDGE_CURVE('',#3061,#3065,#1700,.T.);
#3797=EDGE_CURVE('',#3067,#3068,#1701,.T.);
#3798=EDGE_CURVE('',#3068,#3069,#1702,.T.);
#3799=EDGE_CURVE('',#3070,#3069,#1703,.T.);
#3800=EDGE_CURVE('',#3067,#3070,#1704,.T.);
#3801=EDGE_CURVE('',#3071,#3067,#1705,.T.);
#3802=EDGE_CURVE('',#3072,#3070,#1706,.T.);
#3803=EDGE_CURVE('',#3071,#3072,#1707,.T.);
#3804=EDGE_CURVE('',#3073,#3071,#1708,.T.);
#3805=EDGE_CURVE('',#3074,#3072,#1709,.T.);
#3806=EDGE_CURVE('',#3073,#3074,#1710,.T.);
#3807=EDGE_CURVE('',#3068,#3073,#1711,.T.);
#3808=EDGE_CURVE('',#3069,#3074,#1712,.T.);
#3809=EDGE_CURVE('',#3075,#3076,#1713,.T.);
#3810=EDGE_CURVE('',#3076,#3077,#1714,.T.);
#3811=EDGE_CURVE('',#3077,#3078,#1715,.T.);
#3812=EDGE_CURVE('',#3078,#3075,#1716,.T.);
#3813=EDGE_CURVE('',#3079,#3076,#1717,.T.);
#3814=EDGE_CURVE('',#3079,#3080,#1718,.T.);
#3815=EDGE_CURVE('',#3080,#3077,#1719,.T.);
#3816=EDGE_CURVE('',#3081,#3075,#1720,.T.);
#3817=EDGE_CURVE('',#3082,#3078,#1721,.T.);
#3818=EDGE_CURVE('',#3081,#3082,#1722,.T.);
#3819=EDGE_CURVE('',#3079,#3081,#1723,.T.);
#3820=EDGE_CURVE('',#3080,#3082,#1724,.T.);
#3821=EDGE_CURVE('',#3083,#3084,#1725,.T.);
#3822=EDGE_CURVE('',#3083,#3085,#1726,.T.);
#3823=EDGE_CURVE('',#3085,#3086,#1727,.T.);
#3824=EDGE_CURVE('',#3084,#3086,#1728,.T.);
#3825=EDGE_CURVE('',#3087,#3083,#1729,.T.);
#3826=EDGE_CURVE('',#3087,#3088,#1730,.T.);
#3827=EDGE_CURVE('',#3088,#3085,#1731,.T.);
#3828=EDGE_CURVE('',#3089,#3087,#1732,.T.);
#3829=EDGE_CURVE('',#3089,#3090,#1733,.T.);
#3830=EDGE_CURVE('',#3090,#3088,#1734,.T.);
#3831=EDGE_CURVE('',#3084,#3089,#1735,.T.);
#3832=EDGE_CURVE('',#3086,#3090,#1736,.T.);
#3833=EDGE_CURVE('',#3091,#3092,#1737,.T.);
#3834=EDGE_CURVE('',#3093,#3091,#1738,.T.);
#3835=EDGE_CURVE('',#3094,#3093,#1739,.T.);
#3836=EDGE_CURVE('',#3092,#3094,#1740,.T.);
#3837=EDGE_CURVE('',#3095,#3092,#1741,.T.);
#3838=EDGE_CURVE('',#3096,#3094,#1742,.T.);
#3839=EDGE_CURVE('',#3095,#3096,#1743,.T.);
#3840=EDGE_CURVE('',#3097,#3091,#1744,.T.);
#3841=EDGE_CURVE('',#3097,#3098,#1745,.T.);
#3842=EDGE_CURVE('',#3098,#3093,#1746,.T.);
#3843=EDGE_CURVE('',#3095,#3097,#1747,.T.);
#3844=EDGE_CURVE('',#3096,#3098,#1748,.T.);
#3845=EDGE_CURVE('',#3099,#3100,#1749,.T.);
#3846=EDGE_CURVE('',#3099,#3101,#1750,.T.);
#3847=EDGE_CURVE('',#3102,#3101,#1751,.T.);
#3848=EDGE_CURVE('',#3100,#3102,#1752,.T.);
#3849=EDGE_CURVE('',#3100,#3103,#1753,.T.);
#3850=EDGE_CURVE('',#3104,#3102,#1754,.T.);
#3851=EDGE_CURVE('',#3103,#3104,#1755,.T.);
#3852=EDGE_CURVE('',#3103,#3105,#1756,.T.);
#3853=EDGE_CURVE('',#3106,#3104,#1757,.T.);
#3854=EDGE_CURVE('',#3105,#3106,#1758,.T.);
#3855=EDGE_CURVE('',#3105,#3099,#1759,.T.);
#3856=EDGE_CURVE('',#3101,#3106,#1760,.T.);
#3857=EDGE_CURVE('',#3107,#3108,#1761,.T.);
#3858=EDGE_CURVE('',#3108,#3109,#1762,.T.);
#3859=EDGE_CURVE('',#3109,#3110,#1763,.T.);
#3860=EDGE_CURVE('',#3110,#3107,#1764,.T.);
#3861=EDGE_CURVE('',#3111,#3112,#1765,.T.);
#3862=EDGE_CURVE('',#3112,#3107,#1766,.T.);
#3863=EDGE_CURVE('',#3111,#3110,#1767,.T.);
#3864=EDGE_CURVE('',#3113,#3111,#1768,.T.);
#3865=EDGE_CURVE('',#3113,#3109,#1769,.T.);
#3866=EDGE_CURVE('',#3114,#3113,#1770,.T.);
#3867=EDGE_CURVE('',#3114,#3108,#1771,.T.);
#3868=EDGE_CURVE('',#3112,#3114,#1772,.T.);
#3869=EDGE_CURVE('',#3115,#3116,#1773,.T.);
#3870=EDGE_CURVE('',#3117,#3115,#1774,.T.);
#3871=EDGE_CURVE('',#3118,#3117,#1775,.T.);
#3872=EDGE_CURVE('',#3116,#3118,#1776,.T.);
#3873=EDGE_CURVE('',#3119,#3120,#1777,.T.);
#3874=EDGE_CURVE('',#3119,#3117,#1778,.T.);
#3875=EDGE_CURVE('',#3120,#3115,#1779,.T.);
#3876=EDGE_CURVE('',#3121,#3119,#1780,.T.);
#3877=EDGE_CURVE('',#3121,#3118,#1781,.T.);
#3878=EDGE_CURVE('',#3122,#3121,#1782,.T.);
#3879=EDGE_CURVE('',#3122,#3116,#1783,.T.);
#3880=EDGE_CURVE('',#3120,#3122,#1784,.T.);
#3881=EDGE_CURVE('',#3123,#3124,#1785,.T.);
#3882=EDGE_CURVE('',#3124,#3125,#1786,.T.);
#3883=EDGE_CURVE('',#3125,#3126,#1787,.T.);
#3884=EDGE_CURVE('',#3123,#3126,#1788,.T.);
#3885=EDGE_CURVE('',#3124,#3127,#1789,.T.);
#3886=EDGE_CURVE('',#3127,#3128,#1790,.T.);
#3887=EDGE_CURVE('',#3128,#3125,#1791,.T.);
#3888=EDGE_CURVE('',#3127,#3129,#1792,.T.);
#3889=EDGE_CURVE('',#3129,#3130,#1793,.T.);
#3890=EDGE_CURVE('',#3130,#3128,#1794,.T.);
#3891=EDGE_CURVE('',#3129,#3123,#1795,.T.);
#3892=EDGE_CURVE('',#3126,#3130,#1796,.T.);
#3893=EDGE_CURVE('',#3131,#3132,#1797,.T.);
#3894=EDGE_CURVE('',#3132,#3133,#1798,.T.);
#3895=EDGE_CURVE('',#3134,#3133,#1799,.T.);
#3896=EDGE_CURVE('',#3131,#3134,#1800,.T.);
#3897=EDGE_CURVE('',#3135,#3131,#1801,.T.);
#3898=EDGE_CURVE('',#3136,#3134,#1802,.T.);
#3899=EDGE_CURVE('',#3135,#3136,#1803,.T.);
#3900=EDGE_CURVE('',#3137,#3135,#1804,.T.);
#3901=EDGE_CURVE('',#3138,#3136,#1805,.T.);
#3902=EDGE_CURVE('',#3137,#3138,#1806,.T.);
#3903=EDGE_CURVE('',#3132,#3137,#1807,.T.);
#3904=EDGE_CURVE('',#3133,#3138,#1808,.T.);
#3905=EDGE_CURVE('',#3139,#3140,#1809,.T.);
#3906=EDGE_CURVE('',#3140,#3141,#1810,.T.);
#3907=EDGE_CURVE('',#3142,#3141,#1811,.T.);
#3908=EDGE_CURVE('',#3139,#3142,#1812,.T.);
#3909=EDGE_CURVE('',#3143,#3139,#1813,.T.);
#3910=EDGE_CURVE('',#3144,#3142,#1814,.T.);
#3911=EDGE_CURVE('',#3143,#3144,#1815,.T.);
#3912=EDGE_CURVE('',#3145,#3143,#1816,.T.);
#3913=EDGE_CURVE('',#3146,#3144,#1817,.T.);
#3914=EDGE_CURVE('',#3145,#3146,#1818,.T.);
#3915=EDGE_CURVE('',#3140,#3145,#1819,.T.);
#3916=EDGE_CURVE('',#3141,#3146,#1820,.T.);
#3917=EDGE_CURVE('',#3147,#3148,#1821,.T.);
#3918=EDGE_CURVE('',#3147,#3149,#1822,.T.);
#3919=EDGE_CURVE('',#3150,#3149,#1823,.T.);
#3920=EDGE_CURVE('',#3148,#3150,#1824,.T.);
#3921=EDGE_CURVE('',#3148,#3151,#1825,.T.);
#3922=EDGE_CURVE('',#3152,#3150,#1826,.T.);
#3923=EDGE_CURVE('',#3151,#3152,#1827,.T.);
#3924=EDGE_CURVE('',#3151,#3153,#1828,.T.);
#3925=EDGE_CURVE('',#3154,#3152,#1829,.T.);
#3926=EDGE_CURVE('',#3153,#3154,#1830,.T.);
#3927=EDGE_CURVE('',#3153,#3147,#1831,.T.);
#3928=EDGE_CURVE('',#3149,#3154,#1832,.T.);
#3929=EDGE_CURVE('',#3155,#3156,#1833,.T.);
#3930=EDGE_CURVE('',#3155,#3157,#1834,.T.);
#3931=EDGE_CURVE('',#3157,#3158,#1835,.T.);
#3932=EDGE_CURVE('',#3156,#3158,#1836,.T.);
#3933=EDGE_CURVE('',#3159,#3155,#1837,.T.);
#3934=EDGE_CURVE('',#3159,#3160,#1838,.T.);
#3935=EDGE_CURVE('',#3160,#3157,#1839,.T.);
#3936=EDGE_CURVE('',#3161,#3159,#1840,.T.);
#3937=EDGE_CURVE('',#3161,#3162,#1841,.T.);
#3938=EDGE_CURVE('',#3162,#3160,#1842,.T.);
#3939=EDGE_CURVE('',#3156,#3161,#1843,.T.);
#3940=EDGE_CURVE('',#3158,#3162,#1844,.T.);
#3941=EDGE_CURVE('',#3163,#3164,#1845,.T.);
#3942=EDGE_CURVE('',#3163,#3165,#1846,.T.);
#3943=EDGE_CURVE('',#3165,#3166,#1847,.T.);
#3944=EDGE_CURVE('',#3164,#3166,#1848,.T.);
#3945=EDGE_CURVE('',#3167,#3163,#1849,.T.);
#3946=EDGE_CURVE('',#3167,#3168,#1850,.T.);
#3947=EDGE_CURVE('',#3168,#3165,#1851,.T.);
#3948=EDGE_CURVE('',#3169,#3167,#1852,.T.);
#3949=EDGE_CURVE('',#3169,#3170,#1853,.T.);
#3950=EDGE_CURVE('',#3170,#3168,#1854,.T.);
#3951=EDGE_CURVE('',#3164,#3169,#1855,.T.);
#3952=EDGE_CURVE('',#3166,#3170,#1856,.T.);
#3953=EDGE_CURVE('',#3171,#3172,#1857,.T.);
#3954=EDGE_CURVE('',#3172,#3173,#1858,.T.);
#3955=EDGE_CURVE('',#3173,#3174,#1859,.T.);
#3956=EDGE_CURVE('',#3171,#3174,#1860,.T.);
#3957=EDGE_CURVE('',#3172,#3175,#1861,.T.);
#3958=EDGE_CURVE('',#3175,#3176,#1862,.T.);
#3959=EDGE_CURVE('',#3176,#3173,#1863,.T.);
#3960=EDGE_CURVE('',#3175,#3177,#1864,.T.);
#3961=EDGE_CURVE('',#3177,#3178,#1865,.T.);
#3962=EDGE_CURVE('',#3178,#3176,#1866,.T.);
#3963=EDGE_CURVE('',#3177,#3171,#1867,.T.);
#3964=EDGE_CURVE('',#3174,#3178,#1868,.T.);
#3965=EDGE_CURVE('',#3179,#3180,#1869,.T.);
#3966=EDGE_CURVE('',#3180,#3181,#1870,.T.);
#3967=EDGE_CURVE('',#3181,#3182,#1871,.T.);
#3968=EDGE_CURVE('',#3179,#3182,#1872,.T.);
#3969=EDGE_CURVE('',#3180,#3183,#1873,.T.);
#3970=EDGE_CURVE('',#3183,#3184,#1874,.T.);
#3971=EDGE_CURVE('',#3184,#3181,#1875,.T.);
#3972=EDGE_CURVE('',#3183,#3185,#1876,.T.);
#3973=EDGE_CURVE('',#3185,#3186,#1877,.T.);
#3974=EDGE_CURVE('',#3186,#3184,#1878,.T.);
#3975=EDGE_CURVE('',#3185,#3179,#1879,.T.);
#3976=EDGE_CURVE('',#3182,#3186,#1880,.T.);
#3977=EDGE_CURVE('',#3187,#3188,#1881,.T.);
#3978=EDGE_CURVE('',#3189,#3187,#1882,.T.);
#3979=EDGE_CURVE('',#3190,#3189,#1883,.T.);
#3980=EDGE_CURVE('',#3188,#3190,#1884,.T.);
#3981=EDGE_CURVE('',#3191,#3192,#1885,.T.);
#3982=EDGE_CURVE('',#3191,#3189,#1886,.T.);
#3983=EDGE_CURVE('',#3192,#3187,#1887,.T.);
#3984=EDGE_CURVE('',#3193,#3191,#1888,.T.);
#3985=EDGE_CURVE('',#3193,#3190,#1889,.T.);
#3986=EDGE_CURVE('',#3194,#3193,#1890,.T.);
#3987=EDGE_CURVE('',#3194,#3188,#1891,.T.);
#3988=EDGE_CURVE('',#3192,#3194,#1892,.T.);
#3989=EDGE_CURVE('',#3195,#3196,#1893,.T.);
#3990=EDGE_CURVE('',#3196,#3197,#1894,.T.);
#3991=EDGE_CURVE('',#3197,#3198,#1895,.T.);
#3992=EDGE_CURVE('',#3198,#3195,#1896,.T.);
#3993=EDGE_CURVE('',#3199,#3200,#1897,.T.);
#3994=EDGE_CURVE('',#3200,#3195,#1898,.T.);
#3995=EDGE_CURVE('',#3199,#3198,#1899,.T.);
#3996=EDGE_CURVE('',#3201,#3199,#1900,.T.);
#3997=EDGE_CURVE('',#3201,#3197,#1901,.T.);
#3998=EDGE_CURVE('',#3202,#3201,#1902,.T.);
#3999=EDGE_CURVE('',#3202,#3196,#1903,.T.);
#4000=EDGE_CURVE('',#3200,#3202,#1904,.T.);
#4001=EDGE_CURVE('',#3203,#3204,#1905,.T.);
#4002=EDGE_CURVE('',#3203,#3205,#1906,.T.);
#4003=EDGE_CURVE('',#3206,#3205,#1907,.T.);
#4004=EDGE_CURVE('',#3204,#3206,#1908,.T.);
#4005=EDGE_CURVE('',#3204,#3207,#1909,.T.);
#4006=EDGE_CURVE('',#3208,#3206,#1910,.T.);
#4007=EDGE_CURVE('',#3207,#3208,#1911,.T.);
#4008=EDGE_CURVE('',#3207,#3209,#1912,.T.);
#4009=EDGE_CURVE('',#3210,#3208,#1913,.T.);
#4010=EDGE_CURVE('',#3209,#3210,#1914,.T.);
#4011=EDGE_CURVE('',#3209,#3203,#1915,.T.);
#4012=EDGE_CURVE('',#3205,#3210,#1916,.T.);
#4013=EDGE_CURVE('',#3211,#3212,#1917,.T.);
#4014=EDGE_CURVE('',#3211,#3213,#1918,.T.);
#4015=EDGE_CURVE('',#3213,#3214,#1919,.T.);
#4016=EDGE_CURVE('',#3212,#3214,#1920,.T.);
#4017=EDGE_CURVE('',#3215,#3211,#1921,.T.);
#4018=EDGE_CURVE('',#3215,#3216,#1922,.T.);
#4019=EDGE_CURVE('',#3216,#3213,#1923,.T.);
#4020=EDGE_CURVE('',#3217,#3215,#1924,.T.);
#4021=EDGE_CURVE('',#3217,#3218,#1925,.T.);
#4022=EDGE_CURVE('',#3218,#3216,#1926,.T.);
#4023=EDGE_CURVE('',#3212,#3217,#1927,.T.);
#4024=EDGE_CURVE('',#3214,#3218,#1928,.T.);
#4025=EDGE_CURVE('',#3219,#3220,#1929,.T.);
#4026=EDGE_CURVE('',#3220,#3221,#1930,.T.);
#4027=EDGE_CURVE('',#3222,#3221,#1931,.T.);
#4028=EDGE_CURVE('',#3219,#3222,#1932,.T.);
#4029=EDGE_CURVE('',#3223,#3219,#1933,.T.);
#4030=EDGE_CURVE('',#3224,#3222,#1934,.T.);
#4031=EDGE_CURVE('',#3223,#3224,#1935,.T.);
#4032=EDGE_CURVE('',#3225,#3223,#1936,.T.);
#4033=EDGE_CURVE('',#3226,#3224,#1937,.T.);
#4034=EDGE_CURVE('',#3225,#3226,#1938,.T.);
#4035=EDGE_CURVE('',#3220,#3225,#1939,.T.);
#4036=EDGE_CURVE('',#3221,#3226,#1940,.T.);
#4037=EDGE_CURVE('',#3227,#3228,#1941,.T.);
#4038=EDGE_CURVE('',#3229,#3227,#1942,.T.);
#4039=EDGE_CURVE('',#3230,#3229,#1943,.T.);
#4040=EDGE_CURVE('',#3228,#3230,#1944,.T.);
#4041=EDGE_CURVE('',#3231,#3228,#1945,.T.);
#4042=EDGE_CURVE('',#3232,#3230,#1946,.T.);
#4043=EDGE_CURVE('',#3231,#3232,#1947,.T.);
#4044=EDGE_CURVE('',#3233,#3227,#1948,.T.);
#4045=EDGE_CURVE('',#3233,#3234,#1949,.T.);
#4046=EDGE_CURVE('',#3234,#3229,#1950,.T.);
#4047=EDGE_CURVE('',#3231,#3233,#1951,.T.);
#4048=EDGE_CURVE('',#3232,#3234,#1952,.T.);
#4049=EDGE_CURVE('',#3235,#3236,#1953,.T.);
#4050=EDGE_CURVE('',#3236,#3237,#1954,.T.);
#4051=EDGE_CURVE('',#3237,#3238,#1955,.T.);
#4052=EDGE_CURVE('',#3238,#3235,#1956,.T.);
#4053=EDGE_CURVE('',#3239,#3236,#1957,.T.);
#4054=EDGE_CURVE('',#3239,#3240,#1958,.T.);
#4055=EDGE_CURVE('',#3240,#3237,#1959,.T.);
#4056=EDGE_CURVE('',#3241,#3235,#1960,.T.);
#4057=EDGE_CURVE('',#3242,#3238,#1961,.T.);
#4058=EDGE_CURVE('',#3241,#3242,#1962,.T.);
#4059=EDGE_CURVE('',#3239,#3241,#1963,.T.);
#4060=EDGE_CURVE('',#3240,#3242,#1964,.T.);
#4061=ORIENTED_EDGE('',*,*,#3243,.F.);
#4062=ORIENTED_EDGE('',*,*,#3244,.T.);
#4063=ORIENTED_EDGE('',*,*,#3245,.F.);
#4064=ORIENTED_EDGE('',*,*,#3246,.F.);
#4065=ORIENTED_EDGE('',*,*,#3247,.F.);
#4066=ORIENTED_EDGE('',*,*,#3246,.T.);
#4067=ORIENTED_EDGE('',*,*,#3248,.F.);
#4068=ORIENTED_EDGE('',*,*,#3249,.F.);
#4069=ORIENTED_EDGE('',*,*,#3250,.F.);
#4070=ORIENTED_EDGE('',*,*,#3249,.T.);
#4071=ORIENTED_EDGE('',*,*,#3251,.F.);
#4072=ORIENTED_EDGE('',*,*,#3252,.F.);
#4073=ORIENTED_EDGE('',*,*,#3253,.F.);
#4074=ORIENTED_EDGE('',*,*,#3252,.T.);
#4075=ORIENTED_EDGE('',*,*,#3254,.F.);
#4076=ORIENTED_EDGE('',*,*,#3255,.F.);
#4077=ORIENTED_EDGE('',*,*,#3256,.F.);
#4078=ORIENTED_EDGE('',*,*,#3255,.T.);
#4079=ORIENTED_EDGE('',*,*,#3257,.F.);
#4080=ORIENTED_EDGE('',*,*,#3258,.F.);
#4081=ORIENTED_EDGE('',*,*,#3259,.F.);
#4082=ORIENTED_EDGE('',*,*,#3258,.T.);
#4083=ORIENTED_EDGE('',*,*,#3260,.F.);
#4084=ORIENTED_EDGE('',*,*,#3261,.F.);
#4085=ORIENTED_EDGE('',*,*,#3262,.F.);
#4086=ORIENTED_EDGE('',*,*,#3261,.T.);
#4087=ORIENTED_EDGE('',*,*,#3263,.F.);
#4088=ORIENTED_EDGE('',*,*,#3264,.F.);
#4089=ORIENTED_EDGE('',*,*,#3265,.F.);
#4090=ORIENTED_EDGE('',*,*,#3264,.T.);
#4091=ORIENTED_EDGE('',*,*,#3266,.F.);
#4092=ORIENTED_EDGE('',*,*,#3267,.F.);
#4093=ORIENTED_EDGE('',*,*,#3268,.T.);
#4094=ORIENTED_EDGE('',*,*,#3267,.T.);
#4095=ORIENTED_EDGE('',*,*,#3269,.F.);
#4096=ORIENTED_EDGE('',*,*,#3270,.F.);
#4097=ORIENTED_EDGE('',*,*,#3271,.T.);
#4098=ORIENTED_EDGE('',*,*,#3270,.T.);
#4099=ORIENTED_EDGE('',*,*,#3272,.F.);
#4100=ORIENTED_EDGE('',*,*,#3273,.F.);
#4101=ORIENTED_EDGE('',*,*,#3274,.T.);
#4102=ORIENTED_EDGE('',*,*,#3273,.T.);
#4103=ORIENTED_EDGE('',*,*,#3275,.F.);
#4104=ORIENTED_EDGE('',*,*,#3276,.F.);
#4105=ORIENTED_EDGE('',*,*,#3277,.T.);
#4106=ORIENTED_EDGE('',*,*,#3276,.T.);
#4107=ORIENTED_EDGE('',*,*,#3278,.F.);
#4108=ORIENTED_EDGE('',*,*,#3279,.F.);
#4109=ORIENTED_EDGE('',*,*,#3280,.T.);
#4110=ORIENTED_EDGE('',*,*,#3279,.T.);
#4111=ORIENTED_EDGE('',*,*,#3281,.F.);
#4112=ORIENTED_EDGE('',*,*,#3282,.F.);
#4113=ORIENTED_EDGE('',*,*,#3283,.T.);
#4114=ORIENTED_EDGE('',*,*,#3282,.T.);
#4115=ORIENTED_EDGE('',*,*,#3284,.F.);
#4116=ORIENTED_EDGE('',*,*,#3285,.F.);
#4117=ORIENTED_EDGE('',*,*,#3286,.T.);
#4118=ORIENTED_EDGE('',*,*,#3285,.T.);
#4119=ORIENTED_EDGE('',*,*,#3287,.F.);
#4120=ORIENTED_EDGE('',*,*,#3288,.F.);
#4121=ORIENTED_EDGE('',*,*,#3289,.T.);
#4122=ORIENTED_EDGE('',*,*,#3288,.T.);
#4123=ORIENTED_EDGE('',*,*,#3290,.F.);
#4124=ORIENTED_EDGE('',*,*,#3244,.F.);
#4125=ORIENTED_EDGE('',*,*,#3290,.T.);
#4126=ORIENTED_EDGE('',*,*,#3287,.T.);
#4127=ORIENTED_EDGE('',*,*,#3284,.T.);
#4128=ORIENTED_EDGE('',*,*,#3281,.T.);
#4129=ORIENTED_EDGE('',*,*,#3278,.T.);
#4130=ORIENTED_EDGE('',*,*,#3275,.T.);
#4131=ORIENTED_EDGE('',*,*,#3272,.T.);
#4132=ORIENTED_EDGE('',*,*,#3269,.T.);
#4133=ORIENTED_EDGE('',*,*,#3266,.T.);
#4134=ORIENTED_EDGE('',*,*,#3263,.T.);
#4135=ORIENTED_EDGE('',*,*,#3260,.T.);
#4136=ORIENTED_EDGE('',*,*,#3257,.T.);
#4137=ORIENTED_EDGE('',*,*,#3254,.T.);
#4138=ORIENTED_EDGE('',*,*,#3251,.T.);
#4139=ORIENTED_EDGE('',*,*,#3248,.T.);
#4140=ORIENTED_EDGE('',*,*,#3245,.T.);
#4141=ORIENTED_EDGE('',*,*,#3289,.F.);
#4142=ORIENTED_EDGE('',*,*,#3243,.T.);
#4143=ORIENTED_EDGE('',*,*,#3247,.T.);
#4144=ORIENTED_EDGE('',*,*,#3250,.T.);
#4145=ORIENTED_EDGE('',*,*,#3253,.T.);
#4146=ORIENTED_EDGE('',*,*,#3256,.T.);
#4147=ORIENTED_EDGE('',*,*,#3259,.T.);
#4148=ORIENTED_EDGE('',*,*,#3262,.T.);
#4149=ORIENTED_EDGE('',*,*,#3265,.T.);
#4150=ORIENTED_EDGE('',*,*,#3268,.F.);
#4151=ORIENTED_EDGE('',*,*,#3271,.F.);
#4152=ORIENTED_EDGE('',*,*,#3274,.F.);
#4153=ORIENTED_EDGE('',*,*,#3277,.F.);
#4154=ORIENTED_EDGE('',*,*,#3280,.F.);
#4155=ORIENTED_EDGE('',*,*,#3283,.F.);
#4156=ORIENTED_EDGE('',*,*,#3286,.F.);
#4157=ORIENTED_EDGE('',*,*,#3291,.T.);
#4158=ORIENTED_EDGE('',*,*,#3292,.T.);
#4159=ORIENTED_EDGE('',*,*,#3293,.T.);
#4160=ORIENTED_EDGE('',*,*,#3294,.T.);
#4161=ORIENTED_EDGE('',*,*,#3295,.T.);
#4162=ORIENTED_EDGE('',*,*,#3296,.T.);
#4163=ORIENTED_EDGE('',*,*,#3297,.T.);
#4164=ORIENTED_EDGE('',*,*,#3298,.T.);
#4165=ORIENTED_EDGE('',*,*,#3299,.T.);
#4166=ORIENTED_EDGE('',*,*,#3300,.T.);
#4167=ORIENTED_EDGE('',*,*,#3301,.T.);
#4168=ORIENTED_EDGE('',*,*,#3302,.T.);
#4169=ORIENTED_EDGE('',*,*,#3303,.F.);
#4170=ORIENTED_EDGE('',*,*,#3304,.F.);
#4171=ORIENTED_EDGE('',*,*,#3294,.F.);
#4172=ORIENTED_EDGE('',*,*,#3305,.T.);
#4173=ORIENTED_EDGE('',*,*,#3306,.F.);
#4174=ORIENTED_EDGE('',*,*,#3305,.F.);
#4175=ORIENTED_EDGE('',*,*,#3293,.F.);
#4176=ORIENTED_EDGE('',*,*,#3307,.T.);
#4177=ORIENTED_EDGE('',*,*,#3308,.F.);
#4178=ORIENTED_EDGE('',*,*,#3307,.F.);
#4179=ORIENTED_EDGE('',*,*,#3292,.F.);
#4180=ORIENTED_EDGE('',*,*,#3309,.T.);
#4181=ORIENTED_EDGE('',*,*,#3310,.F.);
#4182=ORIENTED_EDGE('',*,*,#3309,.F.);
#4183=ORIENTED_EDGE('',*,*,#3291,.F.);
#4184=ORIENTED_EDGE('',*,*,#3311,.T.);
#4185=ORIENTED_EDGE('',*,*,#3301,.F.);
#4186=ORIENTED_EDGE('',*,*,#3312,.T.);
#4187=ORIENTED_EDGE('',*,*,#3313,.F.);
#4188=ORIENTED_EDGE('',*,*,#3314,.F.);
#4189=ORIENTED_EDGE('',*,*,#3315,.F.);
#4190=ORIENTED_EDGE('',*,*,#3311,.F.);
#4191=ORIENTED_EDGE('',*,*,#3302,.F.);
#4192=ORIENTED_EDGE('',*,*,#3314,.T.);
#4193=ORIENTED_EDGE('',*,*,#3316,.F.);
#4194=ORIENTED_EDGE('',*,*,#3312,.F.);
#4195=ORIENTED_EDGE('',*,*,#3300,.F.);
#4196=ORIENTED_EDGE('',*,*,#3317,.T.);
#4197=ORIENTED_EDGE('',*,*,#3318,.F.);
#4198=ORIENTED_EDGE('',*,*,#3317,.F.);
#4199=ORIENTED_EDGE('',*,*,#3299,.F.);
#4200=ORIENTED_EDGE('',*,*,#3319,.T.);
#4201=ORIENTED_EDGE('',*,*,#3320,.F.);
#4202=ORIENTED_EDGE('',*,*,#3319,.F.);
#4203=ORIENTED_EDGE('',*,*,#3298,.F.);
#4204=ORIENTED_EDGE('',*,*,#3321,.T.);
#4205=ORIENTED_EDGE('',*,*,#3322,.F.);
#4206=ORIENTED_EDGE('',*,*,#3321,.F.);
#4207=ORIENTED_EDGE('',*,*,#3297,.F.);
#4208=ORIENTED_EDGE('',*,*,#3323,.T.);
#4209=ORIENTED_EDGE('',*,*,#3324,.F.);
#4210=ORIENTED_EDGE('',*,*,#3323,.F.);
#4211=ORIENTED_EDGE('',*,*,#3296,.F.);
#4212=ORIENTED_EDGE('',*,*,#3325,.T.);
#4213=ORIENTED_EDGE('',*,*,#3326,.F.);
#4214=ORIENTED_EDGE('',*,*,#3325,.F.);
#4215=ORIENTED_EDGE('',*,*,#3295,.F.);
#4216=ORIENTED_EDGE('',*,*,#3304,.T.);
#4217=ORIENTED_EDGE('',*,*,#3313,.T.);
#4218=ORIENTED_EDGE('',*,*,#3316,.T.);
#4219=ORIENTED_EDGE('',*,*,#3318,.T.);
#4220=ORIENTED_EDGE('',*,*,#3320,.T.);
#4221=ORIENTED_EDGE('',*,*,#3322,.T.);
#4222=ORIENTED_EDGE('',*,*,#3324,.T.);
#4223=ORIENTED_EDGE('',*,*,#3326,.T.);
#4224=ORIENTED_EDGE('',*,*,#3303,.T.);
#4225=ORIENTED_EDGE('',*,*,#3306,.T.);
#4226=ORIENTED_EDGE('',*,*,#3308,.T.);
#4227=ORIENTED_EDGE('',*,*,#3310,.T.);
#4228=ORIENTED_EDGE('',*,*,#3315,.T.);
#4229=ORIENTED_EDGE('',*,*,#3327,.T.);
#4230=ORIENTED_EDGE('',*,*,#3328,.F.);
#4231=ORIENTED_EDGE('',*,*,#3329,.F.);
#4232=ORIENTED_EDGE('',*,*,#3330,.F.);
#4233=ORIENTED_EDGE('',*,*,#3331,.F.);
#4234=ORIENTED_EDGE('',*,*,#3332,.T.);
#4235=ORIENTED_EDGE('',*,*,#3333,.F.);
#4236=ORIENTED_EDGE('',*,*,#3330,.T.);
#4237=ORIENTED_EDGE('',*,*,#3334,.F.);
#4238=ORIENTED_EDGE('',*,*,#3335,.F.);
#4239=ORIENTED_EDGE('',*,*,#3336,.F.);
#4240=ORIENTED_EDGE('',*,*,#3334,.T.);
#4241=ORIENTED_EDGE('',*,*,#3329,.T.);
#4242=ORIENTED_EDGE('',*,*,#3337,.F.);
#4243=ORIENTED_EDGE('',*,*,#3338,.F.);
#4244=ORIENTED_EDGE('',*,*,#3339,.T.);
#4245=ORIENTED_EDGE('',*,*,#3340,.F.);
#4246=ORIENTED_EDGE('',*,*,#3332,.F.);
#4247=ORIENTED_EDGE('',*,*,#3341,.F.);
#4248=ORIENTED_EDGE('',*,*,#3342,.F.);
#4249=ORIENTED_EDGE('',*,*,#3337,.T.);
#4250=ORIENTED_EDGE('',*,*,#3328,.T.);
#4251=ORIENTED_EDGE('',*,*,#3343,.F.);
#4252=ORIENTED_EDGE('',*,*,#3339,.F.);
#4253=ORIENTED_EDGE('',*,*,#3335,.T.);
#4254=ORIENTED_EDGE('',*,*,#3336,.T.);
#4255=ORIENTED_EDGE('',*,*,#3342,.T.);
#4256=ORIENTED_EDGE('',*,*,#3344,.T.);
#4257=ORIENTED_EDGE('',*,*,#3345,.F.);
#4258=ORIENTED_EDGE('',*,*,#3346,.F.);
#4259=ORIENTED_EDGE('',*,*,#3347,.T.);
#4260=ORIENTED_EDGE('',*,*,#3348,.T.);
#4261=ORIENTED_EDGE('',*,*,#3349,.T.);
#4262=ORIENTED_EDGE('',*,*,#3350,.F.);
#4263=ORIENTED_EDGE('',*,*,#3351,.F.);
#4264=ORIENTED_EDGE('',*,*,#3352,.F.);
#4265=ORIENTED_EDGE('',*,*,#3353,.F.);
#4266=ORIENTED_EDGE('',*,*,#3354,.F.);
#4267=ORIENTED_EDGE('',*,*,#3355,.F.);
#4268=ORIENTED_EDGE('',*,*,#3356,.F.);
#4269=ORIENTED_EDGE('',*,*,#3357,.F.);
#4270=ORIENTED_EDGE('',*,*,#3358,.F.);
#4271=ORIENTED_EDGE('',*,*,#3359,.F.);
#4272=ORIENTED_EDGE('',*,*,#3347,.F.);
#4273=ORIENTED_EDGE('',*,*,#3355,.T.);
#4274=ORIENTED_EDGE('',*,*,#3360,.T.);
#4275=ORIENTED_EDGE('',*,*,#3361,.F.);
#4276=ORIENTED_EDGE('',*,*,#3362,.F.);
#4277=ORIENTED_EDGE('',*,*,#3354,.T.);
#4278=ORIENTED_EDGE('',*,*,#3363,.T.);
#4279=ORIENTED_EDGE('',*,*,#3364,.F.);
#4280=ORIENTED_EDGE('',*,*,#3360,.F.);
#4281=ORIENTED_EDGE('',*,*,#3353,.T.);
#4282=ORIENTED_EDGE('',*,*,#3365,.T.);
#4283=ORIENTED_EDGE('',*,*,#3366,.F.);
#4284=ORIENTED_EDGE('',*,*,#3363,.F.);
#4285=ORIENTED_EDGE('',*,*,#3352,.T.);
#4286=ORIENTED_EDGE('',*,*,#3367,.T.);
#4287=ORIENTED_EDGE('',*,*,#3368,.F.);
#4288=ORIENTED_EDGE('',*,*,#3365,.F.);
#4289=ORIENTED_EDGE('',*,*,#3351,.T.);
#4290=ORIENTED_EDGE('',*,*,#3369,.T.);
#4291=ORIENTED_EDGE('',*,*,#3370,.F.);
#4292=ORIENTED_EDGE('',*,*,#3367,.F.);
#4293=ORIENTED_EDGE('',*,*,#3350,.T.);
#4294=ORIENTED_EDGE('',*,*,#3371,.T.);
#4295=ORIENTED_EDGE('',*,*,#3372,.F.);
#4296=ORIENTED_EDGE('',*,*,#3369,.F.);
#4297=ORIENTED_EDGE('',*,*,#3349,.F.);
#4298=ORIENTED_EDGE('',*,*,#3346,.T.);
#4299=ORIENTED_EDGE('',*,*,#3373,.F.);
#4300=ORIENTED_EDGE('',*,*,#3371,.F.);
#4301=ORIENTED_EDGE('',*,*,#3331,.T.);
#4302=ORIENTED_EDGE('',*,*,#3348,.F.);
#4303=ORIENTED_EDGE('',*,*,#3359,.T.);
#4304=ORIENTED_EDGE('',*,*,#3374,.T.);
#4305=ORIENTED_EDGE('',*,*,#3375,.F.);
#4306=ORIENTED_EDGE('',*,*,#3344,.F.);
#4307=ORIENTED_EDGE('',*,*,#3341,.T.);
#4308=ORIENTED_EDGE('',*,*,#3338,.T.);
#4309=ORIENTED_EDGE('',*,*,#3358,.T.);
#4310=ORIENTED_EDGE('',*,*,#3376,.T.);
#4311=ORIENTED_EDGE('',*,*,#3377,.F.);
#4312=ORIENTED_EDGE('',*,*,#3374,.F.);
#4313=ORIENTED_EDGE('',*,*,#3343,.T.);
#4314=ORIENTED_EDGE('',*,*,#3378,.T.);
#4315=ORIENTED_EDGE('',*,*,#3379,.F.);
#4316=ORIENTED_EDGE('',*,*,#3376,.F.);
#4317=ORIENTED_EDGE('',*,*,#3357,.T.);
#4318=ORIENTED_EDGE('',*,*,#3380,.T.);
#4319=ORIENTED_EDGE('',*,*,#3333,.T.);
#4320=ORIENTED_EDGE('',*,*,#3340,.T.);
#4321=ORIENTED_EDGE('',*,*,#3356,.T.);
#4322=ORIENTED_EDGE('',*,*,#3362,.T.);
#4323=ORIENTED_EDGE('',*,*,#3381,.F.);
#4324=ORIENTED_EDGE('',*,*,#3378,.F.);
#4325=ORIENTED_EDGE('',*,*,#3327,.F.);
#4326=ORIENTED_EDGE('',*,*,#3380,.F.);
#4327=ORIENTED_EDGE('',*,*,#3364,.T.);
#4328=ORIENTED_EDGE('',*,*,#3366,.T.);
#4329=ORIENTED_EDGE('',*,*,#3368,.T.);
#4330=ORIENTED_EDGE('',*,*,#3370,.T.);
#4331=ORIENTED_EDGE('',*,*,#3372,.T.);
#4332=ORIENTED_EDGE('',*,*,#3373,.T.);
#4333=ORIENTED_EDGE('',*,*,#3345,.T.);
#4334=ORIENTED_EDGE('',*,*,#3375,.T.);
#4335=ORIENTED_EDGE('',*,*,#3377,.T.);
#4336=ORIENTED_EDGE('',*,*,#3379,.T.);
#4337=ORIENTED_EDGE('',*,*,#3381,.T.);
#4338=ORIENTED_EDGE('',*,*,#3361,.T.);
#4339=ORIENTED_EDGE('',*,*,#3382,.F.);
#4340=ORIENTED_EDGE('',*,*,#3383,.F.);
#4341=ORIENTED_EDGE('',*,*,#3384,.F.);
#4342=ORIENTED_EDGE('',*,*,#3385,.T.);
#4343=ORIENTED_EDGE('',*,*,#3386,.F.);
#4344=ORIENTED_EDGE('',*,*,#3387,.F.);
#4345=ORIENTED_EDGE('',*,*,#3388,.F.);
#4346=ORIENTED_EDGE('',*,*,#3386,.T.);
#4347=ORIENTED_EDGE('',*,*,#3389,.T.);
#4348=ORIENTED_EDGE('',*,*,#3390,.F.);
#4349=ORIENTED_EDGE('',*,*,#3391,.F.);
#4350=ORIENTED_EDGE('',*,*,#3392,.F.);
#4351=ORIENTED_EDGE('',*,*,#3390,.T.);
#4352=ORIENTED_EDGE('',*,*,#3393,.T.);
#4353=ORIENTED_EDGE('',*,*,#3394,.F.);
#4354=ORIENTED_EDGE('',*,*,#3395,.F.);
#4355=ORIENTED_EDGE('',*,*,#3396,.F.);
#4356=ORIENTED_EDGE('',*,*,#3393,.F.);
#4357=ORIENTED_EDGE('',*,*,#3389,.F.);
#4358=ORIENTED_EDGE('',*,*,#3385,.F.);
#4359=ORIENTED_EDGE('',*,*,#3394,.T.);
#4360=ORIENTED_EDGE('',*,*,#3397,.F.);
#4361=ORIENTED_EDGE('',*,*,#3398,.F.);
#4362=ORIENTED_EDGE('',*,*,#3399,.T.);
#4363=ORIENTED_EDGE('',*,*,#3384,.T.);
#4364=ORIENTED_EDGE('',*,*,#3400,.T.);
#4365=ORIENTED_EDGE('',*,*,#3401,.T.);
#4366=ORIENTED_EDGE('',*,*,#3402,.F.);
#4367=ORIENTED_EDGE('',*,*,#3395,.T.);
#4368=ORIENTED_EDGE('',*,*,#3399,.F.);
#4369=ORIENTED_EDGE('',*,*,#3403,.F.);
#4370=ORIENTED_EDGE('',*,*,#3404,.T.);
#4371=ORIENTED_EDGE('',*,*,#3383,.T.);
#4372=ORIENTED_EDGE('',*,*,#3405,.T.);
#4373=ORIENTED_EDGE('',*,*,#3406,.T.);
#4374=ORIENTED_EDGE('',*,*,#3400,.F.);
#4375=ORIENTED_EDGE('',*,*,#3387,.T.);
#4376=ORIENTED_EDGE('',*,*,#3388,.T.);
#4377=ORIENTED_EDGE('',*,*,#3392,.T.);
#4378=ORIENTED_EDGE('',*,*,#3407,.F.);
#4379=ORIENTED_EDGE('',*,*,#3408,.F.);
#4380=ORIENTED_EDGE('',*,*,#3409,.T.);
#4381=ORIENTED_EDGE('',*,*,#3410,.T.);
#4382=ORIENTED_EDGE('',*,*,#3411,.F.);
#4383=ORIENTED_EDGE('',*,*,#3391,.T.);
#4384=ORIENTED_EDGE('',*,*,#3404,.F.);
#4385=ORIENTED_EDGE('',*,*,#3412,.F.);
#4386=ORIENTED_EDGE('',*,*,#3407,.T.);
#4387=ORIENTED_EDGE('',*,*,#3382,.T.);
#4388=ORIENTED_EDGE('',*,*,#3411,.T.);
#4389=ORIENTED_EDGE('',*,*,#3413,.T.);
#4390=ORIENTED_EDGE('',*,*,#3405,.F.);
#4391=ORIENTED_EDGE('',*,*,#3414,.F.);
#4392=ORIENTED_EDGE('',*,*,#3408,.T.);
#4393=ORIENTED_EDGE('',*,*,#3412,.T.);
#4394=ORIENTED_EDGE('',*,*,#3403,.T.);
#4395=ORIENTED_EDGE('',*,*,#3398,.T.);
#4396=ORIENTED_EDGE('',*,*,#3415,.T.);
#4397=ORIENTED_EDGE('',*,*,#3416,.T.);
#4398=ORIENTED_EDGE('',*,*,#3417,.T.);
#4399=ORIENTED_EDGE('',*,*,#3418,.T.);
#4400=ORIENTED_EDGE('',*,*,#3419,.T.);
#4401=ORIENTED_EDGE('',*,*,#3420,.T.);
#4402=ORIENTED_EDGE('',*,*,#3421,.T.);
#4403=ORIENTED_EDGE('',*,*,#3416,.F.);
#4404=ORIENTED_EDGE('',*,*,#3422,.T.);
#4405=ORIENTED_EDGE('',*,*,#3423,.T.);
#4406=ORIENTED_EDGE('',*,*,#3424,.F.);
#4407=ORIENTED_EDGE('',*,*,#3417,.F.);
#4408=ORIENTED_EDGE('',*,*,#3424,.T.);
#4409=ORIENTED_EDGE('',*,*,#3425,.T.);
#4410=ORIENTED_EDGE('',*,*,#3426,.F.);
#4411=ORIENTED_EDGE('',*,*,#3418,.F.);
#4412=ORIENTED_EDGE('',*,*,#3426,.T.);
#4413=ORIENTED_EDGE('',*,*,#3427,.T.);
#4414=ORIENTED_EDGE('',*,*,#3428,.F.);
#4415=ORIENTED_EDGE('',*,*,#3419,.F.);
#4416=ORIENTED_EDGE('',*,*,#3428,.T.);
#4417=ORIENTED_EDGE('',*,*,#3429,.T.);
#4418=ORIENTED_EDGE('',*,*,#3430,.F.);
#4419=ORIENTED_EDGE('',*,*,#3420,.F.);
#4420=ORIENTED_EDGE('',*,*,#3430,.T.);
#4421=ORIENTED_EDGE('',*,*,#3431,.T.);
#4422=ORIENTED_EDGE('',*,*,#3432,.F.);
#4423=ORIENTED_EDGE('',*,*,#3421,.F.);
#4424=ORIENTED_EDGE('',*,*,#3432,.T.);
#4425=ORIENTED_EDGE('',*,*,#3433,.T.);
#4426=ORIENTED_EDGE('',*,*,#3434,.F.);
#4427=ORIENTED_EDGE('',*,*,#3414,.T.);
#4428=ORIENTED_EDGE('',*,*,#3434,.T.);
#4429=ORIENTED_EDGE('',*,*,#3435,.T.);
#4430=ORIENTED_EDGE('',*,*,#3409,.F.);
#4431=ORIENTED_EDGE('',*,*,#3415,.F.);
#4432=ORIENTED_EDGE('',*,*,#3397,.T.);
#4433=ORIENTED_EDGE('',*,*,#3396,.T.);
#4434=ORIENTED_EDGE('',*,*,#3402,.T.);
#4435=ORIENTED_EDGE('',*,*,#3436,.T.);
#4436=ORIENTED_EDGE('',*,*,#3422,.F.);
#4437=ORIENTED_EDGE('',*,*,#3425,.F.);
#4438=ORIENTED_EDGE('',*,*,#3423,.F.);
#4439=ORIENTED_EDGE('',*,*,#3436,.F.);
#4440=ORIENTED_EDGE('',*,*,#3401,.F.);
#4441=ORIENTED_EDGE('',*,*,#3406,.F.);
#4442=ORIENTED_EDGE('',*,*,#3413,.F.);
#4443=ORIENTED_EDGE('',*,*,#3410,.F.);
#4444=ORIENTED_EDGE('',*,*,#3435,.F.);
#4445=ORIENTED_EDGE('',*,*,#3433,.F.);
#4446=ORIENTED_EDGE('',*,*,#3431,.F.);
#4447=ORIENTED_EDGE('',*,*,#3429,.F.);
#4448=ORIENTED_EDGE('',*,*,#3427,.F.);
#4449=ORIENTED_EDGE('',*,*,#3437,.F.);
#4450=ORIENTED_EDGE('',*,*,#3438,.F.);
#4451=ORIENTED_EDGE('',*,*,#3439,.F.);
#4452=ORIENTED_EDGE('',*,*,#3440,.F.);
#4453=ORIENTED_EDGE('',*,*,#3441,.F.);
#4454=ORIENTED_EDGE('',*,*,#3442,.F.);
#4455=ORIENTED_EDGE('',*,*,#3443,.F.);
#4456=ORIENTED_EDGE('',*,*,#3444,.F.);
#4457=ORIENTED_EDGE('',*,*,#3445,.F.);
#4458=ORIENTED_EDGE('',*,*,#3446,.F.);
#4459=ORIENTED_EDGE('',*,*,#3447,.F.);
#4460=ORIENTED_EDGE('',*,*,#3448,.F.);
#4461=ORIENTED_EDGE('',*,*,#3449,.T.);
#4462=ORIENTED_EDGE('',*,*,#3450,.F.);
#4463=ORIENTED_EDGE('',*,*,#3446,.T.);
#4464=ORIENTED_EDGE('',*,*,#3451,.T.);
#4465=ORIENTED_EDGE('',*,*,#3452,.T.);
#4466=ORIENTED_EDGE('',*,*,#3453,.F.);
#4467=ORIENTED_EDGE('',*,*,#3447,.T.);
#4468=ORIENTED_EDGE('',*,*,#3450,.T.);
#4469=ORIENTED_EDGE('',*,*,#3454,.T.);
#4470=ORIENTED_EDGE('',*,*,#3455,.F.);
#4471=ORIENTED_EDGE('',*,*,#3448,.T.);
#4472=ORIENTED_EDGE('',*,*,#3453,.T.);
#4473=ORIENTED_EDGE('',*,*,#3456,.T.);
#4474=ORIENTED_EDGE('',*,*,#3457,.F.);
#4475=ORIENTED_EDGE('',*,*,#3437,.T.);
#4476=ORIENTED_EDGE('',*,*,#3455,.T.);
#4477=ORIENTED_EDGE('',*,*,#3439,.T.);
#4478=ORIENTED_EDGE('',*,*,#3458,.T.);
#4479=ORIENTED_EDGE('',*,*,#3459,.T.);
#4480=ORIENTED_EDGE('',*,*,#3460,.F.);
#4481=ORIENTED_EDGE('',*,*,#3461,.T.);
#4482=ORIENTED_EDGE('',*,*,#3458,.F.);
#4483=ORIENTED_EDGE('',*,*,#3438,.T.);
#4484=ORIENTED_EDGE('',*,*,#3457,.T.);
#4485=ORIENTED_EDGE('',*,*,#3462,.T.);
#4486=ORIENTED_EDGE('',*,*,#3463,.F.);
#4487=ORIENTED_EDGE('',*,*,#3440,.T.);
#4488=ORIENTED_EDGE('',*,*,#3460,.T.);
#4489=ORIENTED_EDGE('',*,*,#3464,.T.);
#4490=ORIENTED_EDGE('',*,*,#3465,.F.);
#4491=ORIENTED_EDGE('',*,*,#3441,.T.);
#4492=ORIENTED_EDGE('',*,*,#3463,.T.);
#4493=ORIENTED_EDGE('',*,*,#3466,.T.);
#4494=ORIENTED_EDGE('',*,*,#3467,.F.);
#4495=ORIENTED_EDGE('',*,*,#3442,.T.);
#4496=ORIENTED_EDGE('',*,*,#3465,.T.);
#4497=ORIENTED_EDGE('',*,*,#3468,.T.);
#4498=ORIENTED_EDGE('',*,*,#3469,.F.);
#4499=ORIENTED_EDGE('',*,*,#3443,.T.);
#4500=ORIENTED_EDGE('',*,*,#3467,.T.);
#4501=ORIENTED_EDGE('',*,*,#3470,.T.);
#4502=ORIENTED_EDGE('',*,*,#3471,.F.);
#4503=ORIENTED_EDGE('',*,*,#3444,.T.);
#4504=ORIENTED_EDGE('',*,*,#3469,.T.);
#4505=ORIENTED_EDGE('',*,*,#3472,.T.);
#4506=ORIENTED_EDGE('',*,*,#3451,.F.);
#4507=ORIENTED_EDGE('',*,*,#3445,.T.);
#4508=ORIENTED_EDGE('',*,*,#3471,.T.);
#4509=ORIENTED_EDGE('',*,*,#3459,.F.);
#4510=ORIENTED_EDGE('',*,*,#3461,.F.);
#4511=ORIENTED_EDGE('',*,*,#3456,.F.);
#4512=ORIENTED_EDGE('',*,*,#3454,.F.);
#4513=ORIENTED_EDGE('',*,*,#3452,.F.);
#4514=ORIENTED_EDGE('',*,*,#3449,.F.);
#4515=ORIENTED_EDGE('',*,*,#3472,.F.);
#4516=ORIENTED_EDGE('',*,*,#3470,.F.);
#4517=ORIENTED_EDGE('',*,*,#3468,.F.);
#4518=ORIENTED_EDGE('',*,*,#3466,.F.);
#4519=ORIENTED_EDGE('',*,*,#3464,.F.);
#4520=ORIENTED_EDGE('',*,*,#3462,.F.);
#4521=ORIENTED_EDGE('',*,*,#3473,.T.);
#4522=ORIENTED_EDGE('',*,*,#3474,.T.);
#4523=ORIENTED_EDGE('',*,*,#3475,.T.);
#4524=ORIENTED_EDGE('',*,*,#3476,.F.);
#4525=ORIENTED_EDGE('',*,*,#3477,.T.);
#4526=ORIENTED_EDGE('',*,*,#3478,.T.);
#4527=ORIENTED_EDGE('',*,*,#3479,.T.);
#4528=ORIENTED_EDGE('',*,*,#3474,.F.);
#4529=ORIENTED_EDGE('',*,*,#3480,.T.);
#4530=ORIENTED_EDGE('',*,*,#3481,.T.);
#4531=ORIENTED_EDGE('',*,*,#3482,.T.);
#4532=ORIENTED_EDGE('',*,*,#3478,.F.);
#4533=ORIENTED_EDGE('',*,*,#3483,.T.);
#4534=ORIENTED_EDGE('',*,*,#3484,.T.);
#4535=ORIENTED_EDGE('',*,*,#3485,.T.);
#4536=ORIENTED_EDGE('',*,*,#3481,.F.);
#4537=ORIENTED_EDGE('',*,*,#3486,.T.);
#4538=ORIENTED_EDGE('',*,*,#3487,.T.);
#4539=ORIENTED_EDGE('',*,*,#3488,.T.);
#4540=ORIENTED_EDGE('',*,*,#3484,.F.);
#4541=ORIENTED_EDGE('',*,*,#3489,.T.);
#4542=ORIENTED_EDGE('',*,*,#3490,.T.);
#4543=ORIENTED_EDGE('',*,*,#3491,.T.);
#4544=ORIENTED_EDGE('',*,*,#3487,.F.);
#4545=ORIENTED_EDGE('',*,*,#3492,.T.);
#4546=ORIENTED_EDGE('',*,*,#3493,.T.);
#4547=ORIENTED_EDGE('',*,*,#3494,.T.);
#4548=ORIENTED_EDGE('',*,*,#3490,.F.);
#4549=ORIENTED_EDGE('',*,*,#3495,.T.);
#4550=ORIENTED_EDGE('',*,*,#3496,.T.);
#4551=ORIENTED_EDGE('',*,*,#3497,.T.);
#4552=ORIENTED_EDGE('',*,*,#3493,.F.);
#4553=ORIENTED_EDGE('',*,*,#3498,.F.);
#4554=ORIENTED_EDGE('',*,*,#3499,.T.);
#4555=ORIENTED_EDGE('',*,*,#3500,.T.);
#4556=ORIENTED_EDGE('',*,*,#3496,.F.);
#4557=ORIENTED_EDGE('',*,*,#3501,.F.);
#4558=ORIENTED_EDGE('',*,*,#3502,.T.);
#4559=ORIENTED_EDGE('',*,*,#3503,.T.);
#4560=ORIENTED_EDGE('',*,*,#3499,.F.);
#4561=ORIENTED_EDGE('',*,*,#3504,.F.);
#4562=ORIENTED_EDGE('',*,*,#3505,.T.);
#4563=ORIENTED_EDGE('',*,*,#3506,.T.);
#4564=ORIENTED_EDGE('',*,*,#3502,.F.);
#4565=ORIENTED_EDGE('',*,*,#3507,.F.);
#4566=ORIENTED_EDGE('',*,*,#3508,.T.);
#4567=ORIENTED_EDGE('',*,*,#3509,.T.);
#4568=ORIENTED_EDGE('',*,*,#3505,.F.);
#4569=ORIENTED_EDGE('',*,*,#3510,.F.);
#4570=ORIENTED_EDGE('',*,*,#3511,.T.);
#4571=ORIENTED_EDGE('',*,*,#3512,.T.);
#4572=ORIENTED_EDGE('',*,*,#3508,.F.);
#4573=ORIENTED_EDGE('',*,*,#3513,.F.);
#4574=ORIENTED_EDGE('',*,*,#3514,.T.);
#4575=ORIENTED_EDGE('',*,*,#3515,.T.);
#4576=ORIENTED_EDGE('',*,*,#3511,.F.);
#4577=ORIENTED_EDGE('',*,*,#3516,.F.);
#4578=ORIENTED_EDGE('',*,*,#3517,.T.);
#4579=ORIENTED_EDGE('',*,*,#3518,.T.);
#4580=ORIENTED_EDGE('',*,*,#3514,.F.);
#4581=ORIENTED_EDGE('',*,*,#3519,.F.);
#4582=ORIENTED_EDGE('',*,*,#3476,.T.);
#4583=ORIENTED_EDGE('',*,*,#3520,.T.);
#4584=ORIENTED_EDGE('',*,*,#3517,.F.);
#4585=ORIENTED_EDGE('',*,*,#3520,.F.);
#4586=ORIENTED_EDGE('',*,*,#3475,.F.);
#4587=ORIENTED_EDGE('',*,*,#3479,.F.);
#4588=ORIENTED_EDGE('',*,*,#3482,.F.);
#4589=ORIENTED_EDGE('',*,*,#3485,.F.);
#4590=ORIENTED_EDGE('',*,*,#3488,.F.);
#4591=ORIENTED_EDGE('',*,*,#3491,.F.);
#4592=ORIENTED_EDGE('',*,*,#3494,.F.);
#4593=ORIENTED_EDGE('',*,*,#3497,.F.);
#4594=ORIENTED_EDGE('',*,*,#3500,.F.);
#4595=ORIENTED_EDGE('',*,*,#3503,.F.);
#4596=ORIENTED_EDGE('',*,*,#3506,.F.);
#4597=ORIENTED_EDGE('',*,*,#3509,.F.);
#4598=ORIENTED_EDGE('',*,*,#3512,.F.);
#4599=ORIENTED_EDGE('',*,*,#3515,.F.);
#4600=ORIENTED_EDGE('',*,*,#3518,.F.);
#4601=ORIENTED_EDGE('',*,*,#3519,.T.);
#4602=ORIENTED_EDGE('',*,*,#3516,.T.);
#4603=ORIENTED_EDGE('',*,*,#3513,.T.);
#4604=ORIENTED_EDGE('',*,*,#3510,.T.);
#4605=ORIENTED_EDGE('',*,*,#3507,.T.);
#4606=ORIENTED_EDGE('',*,*,#3504,.T.);
#4607=ORIENTED_EDGE('',*,*,#3501,.T.);
#4608=ORIENTED_EDGE('',*,*,#3498,.T.);
#4609=ORIENTED_EDGE('',*,*,#3495,.F.);
#4610=ORIENTED_EDGE('',*,*,#3492,.F.);
#4611=ORIENTED_EDGE('',*,*,#3489,.F.);
#4612=ORIENTED_EDGE('',*,*,#3486,.F.);
#4613=ORIENTED_EDGE('',*,*,#3483,.F.);
#4614=ORIENTED_EDGE('',*,*,#3480,.F.);
#4615=ORIENTED_EDGE('',*,*,#3477,.F.);
#4616=ORIENTED_EDGE('',*,*,#3473,.F.);
#4617=ORIENTED_EDGE('',*,*,#3521,.T.);
#4618=ORIENTED_EDGE('',*,*,#3522,.T.);
#4619=ORIENTED_EDGE('',*,*,#3523,.T.);
#4620=ORIENTED_EDGE('',*,*,#3524,.F.);
#4621=ORIENTED_EDGE('',*,*,#3525,.T.);
#4622=ORIENTED_EDGE('',*,*,#3526,.T.);
#4623=ORIENTED_EDGE('',*,*,#3527,.T.);
#4624=ORIENTED_EDGE('',*,*,#3522,.F.);
#4625=ORIENTED_EDGE('',*,*,#3528,.T.);
#4626=ORIENTED_EDGE('',*,*,#3529,.T.);
#4627=ORIENTED_EDGE('',*,*,#3530,.T.);
#4628=ORIENTED_EDGE('',*,*,#3526,.F.);
#4629=ORIENTED_EDGE('',*,*,#3531,.T.);
#4630=ORIENTED_EDGE('',*,*,#3532,.T.);
#4631=ORIENTED_EDGE('',*,*,#3533,.T.);
#4632=ORIENTED_EDGE('',*,*,#3529,.F.);
#4633=ORIENTED_EDGE('',*,*,#3534,.T.);
#4634=ORIENTED_EDGE('',*,*,#3535,.T.);
#4635=ORIENTED_EDGE('',*,*,#3536,.T.);
#4636=ORIENTED_EDGE('',*,*,#3532,.F.);
#4637=ORIENTED_EDGE('',*,*,#3537,.T.);
#4638=ORIENTED_EDGE('',*,*,#3538,.T.);
#4639=ORIENTED_EDGE('',*,*,#3539,.T.);
#4640=ORIENTED_EDGE('',*,*,#3535,.F.);
#4641=ORIENTED_EDGE('',*,*,#3540,.T.);
#4642=ORIENTED_EDGE('',*,*,#3541,.T.);
#4643=ORIENTED_EDGE('',*,*,#3542,.T.);
#4644=ORIENTED_EDGE('',*,*,#3538,.F.);
#4645=ORIENTED_EDGE('',*,*,#3543,.T.);
#4646=ORIENTED_EDGE('',*,*,#3544,.T.);
#4647=ORIENTED_EDGE('',*,*,#3545,.T.);
#4648=ORIENTED_EDGE('',*,*,#3541,.F.);
#4649=ORIENTED_EDGE('',*,*,#3546,.F.);
#4650=ORIENTED_EDGE('',*,*,#3547,.T.);
#4651=ORIENTED_EDGE('',*,*,#3548,.T.);
#4652=ORIENTED_EDGE('',*,*,#3544,.F.);
#4653=ORIENTED_EDGE('',*,*,#3549,.F.);
#4654=ORIENTED_EDGE('',*,*,#3550,.T.);
#4655=ORIENTED_EDGE('',*,*,#3551,.T.);
#4656=ORIENTED_EDGE('',*,*,#3547,.F.);
#4657=ORIENTED_EDGE('',*,*,#3552,.F.);
#4658=ORIENTED_EDGE('',*,*,#3553,.T.);
#4659=ORIENTED_EDGE('',*,*,#3554,.T.);
#4660=ORIENTED_EDGE('',*,*,#3550,.F.);
#4661=ORIENTED_EDGE('',*,*,#3555,.F.);
#4662=ORIENTED_EDGE('',*,*,#3556,.T.);
#4663=ORIENTED_EDGE('',*,*,#3557,.T.);
#4664=ORIENTED_EDGE('',*,*,#3553,.F.);
#4665=ORIENTED_EDGE('',*,*,#3558,.F.);
#4666=ORIENTED_EDGE('',*,*,#3559,.T.);
#4667=ORIENTED_EDGE('',*,*,#3560,.T.);
#4668=ORIENTED_EDGE('',*,*,#3556,.F.);
#4669=ORIENTED_EDGE('',*,*,#3561,.F.);
#4670=ORIENTED_EDGE('',*,*,#3562,.T.);
#4671=ORIENTED_EDGE('',*,*,#3563,.T.);
#4672=ORIENTED_EDGE('',*,*,#3559,.F.);
#4673=ORIENTED_EDGE('',*,*,#3564,.F.);
#4674=ORIENTED_EDGE('',*,*,#3565,.T.);
#4675=ORIENTED_EDGE('',*,*,#3566,.T.);
#4676=ORIENTED_EDGE('',*,*,#3562,.F.);
#4677=ORIENTED_EDGE('',*,*,#3567,.F.);
#4678=ORIENTED_EDGE('',*,*,#3524,.T.);
#4679=ORIENTED_EDGE('',*,*,#3568,.T.);
#4680=ORIENTED_EDGE('',*,*,#3565,.F.);
#4681=ORIENTED_EDGE('',*,*,#3568,.F.);
#4682=ORIENTED_EDGE('',*,*,#3523,.F.);
#4683=ORIENTED_EDGE('',*,*,#3527,.F.);
#4684=ORIENTED_EDGE('',*,*,#3530,.F.);
#4685=ORIENTED_EDGE('',*,*,#3533,.F.);
#4686=ORIENTED_EDGE('',*,*,#3536,.F.);
#4687=ORIENTED_EDGE('',*,*,#3539,.F.);
#4688=ORIENTED_EDGE('',*,*,#3542,.F.);
#4689=ORIENTED_EDGE('',*,*,#3545,.F.);
#4690=ORIENTED_EDGE('',*,*,#3548,.F.);
#4691=ORIENTED_EDGE('',*,*,#3551,.F.);
#4692=ORIENTED_EDGE('',*,*,#3554,.F.);
#4693=ORIENTED_EDGE('',*,*,#3557,.F.);
#4694=ORIENTED_EDGE('',*,*,#3560,.F.);
#4695=ORIENTED_EDGE('',*,*,#3563,.F.);
#4696=ORIENTED_EDGE('',*,*,#3566,.F.);
#4697=ORIENTED_EDGE('',*,*,#3567,.T.);
#4698=ORIENTED_EDGE('',*,*,#3564,.T.);
#4699=ORIENTED_EDGE('',*,*,#3561,.T.);
#4700=ORIENTED_EDGE('',*,*,#3558,.T.);
#4701=ORIENTED_EDGE('',*,*,#3555,.T.);
#4702=ORIENTED_EDGE('',*,*,#3552,.T.);
#4703=ORIENTED_EDGE('',*,*,#3549,.T.);
#4704=ORIENTED_EDGE('',*,*,#3546,.T.);
#4705=ORIENTED_EDGE('',*,*,#3543,.F.);
#4706=ORIENTED_EDGE('',*,*,#3540,.F.);
#4707=ORIENTED_EDGE('',*,*,#3537,.F.);
#4708=ORIENTED_EDGE('',*,*,#3534,.F.);
#4709=ORIENTED_EDGE('',*,*,#3531,.F.);
#4710=ORIENTED_EDGE('',*,*,#3528,.F.);
#4711=ORIENTED_EDGE('',*,*,#3525,.F.);
#4712=ORIENTED_EDGE('',*,*,#3521,.F.);
#4713=ORIENTED_EDGE('',*,*,#3569,.F.);
#4714=ORIENTED_EDGE('',*,*,#3570,.T.);
#4715=ORIENTED_EDGE('',*,*,#3571,.F.);
#4716=ORIENTED_EDGE('',*,*,#3572,.F.);
#4717=ORIENTED_EDGE('',*,*,#3573,.F.);
#4718=ORIENTED_EDGE('',*,*,#3572,.T.);
#4719=ORIENTED_EDGE('',*,*,#3574,.F.);
#4720=ORIENTED_EDGE('',*,*,#3575,.F.);
#4721=ORIENTED_EDGE('',*,*,#3576,.F.);
#4722=ORIENTED_EDGE('',*,*,#3575,.T.);
#4723=ORIENTED_EDGE('',*,*,#3577,.F.);
#4724=ORIENTED_EDGE('',*,*,#3578,.F.);
#4725=ORIENTED_EDGE('',*,*,#3579,.F.);
#4726=ORIENTED_EDGE('',*,*,#3578,.T.);
#4727=ORIENTED_EDGE('',*,*,#3580,.F.);
#4728=ORIENTED_EDGE('',*,*,#3581,.F.);
#4729=ORIENTED_EDGE('',*,*,#3582,.F.);
#4730=ORIENTED_EDGE('',*,*,#3581,.T.);
#4731=ORIENTED_EDGE('',*,*,#3583,.F.);
#4732=ORIENTED_EDGE('',*,*,#3584,.F.);
#4733=ORIENTED_EDGE('',*,*,#3585,.F.);
#4734=ORIENTED_EDGE('',*,*,#3584,.T.);
#4735=ORIENTED_EDGE('',*,*,#3586,.F.);
#4736=ORIENTED_EDGE('',*,*,#3587,.F.);
#4737=ORIENTED_EDGE('',*,*,#3588,.F.);
#4738=ORIENTED_EDGE('',*,*,#3587,.T.);
#4739=ORIENTED_EDGE('',*,*,#3589,.F.);
#4740=ORIENTED_EDGE('',*,*,#3590,.F.);
#4741=ORIENTED_EDGE('',*,*,#3591,.F.);
#4742=ORIENTED_EDGE('',*,*,#3590,.T.);
#4743=ORIENTED_EDGE('',*,*,#3592,.F.);
#4744=ORIENTED_EDGE('',*,*,#3593,.F.);
#4745=ORIENTED_EDGE('',*,*,#3594,.T.);
#4746=ORIENTED_EDGE('',*,*,#3593,.T.);
#4747=ORIENTED_EDGE('',*,*,#3595,.F.);
#4748=ORIENTED_EDGE('',*,*,#3596,.F.);
#4749=ORIENTED_EDGE('',*,*,#3597,.T.);
#4750=ORIENTED_EDGE('',*,*,#3596,.T.);
#4751=ORIENTED_EDGE('',*,*,#3598,.F.);
#4752=ORIENTED_EDGE('',*,*,#3599,.F.);
#4753=ORIENTED_EDGE('',*,*,#3600,.T.);
#4754=ORIENTED_EDGE('',*,*,#3599,.T.);
#4755=ORIENTED_EDGE('',*,*,#3601,.F.);
#4756=ORIENTED_EDGE('',*,*,#3602,.F.);
#4757=ORIENTED_EDGE('',*,*,#3603,.T.);
#4758=ORIENTED_EDGE('',*,*,#3602,.T.);
#4759=ORIENTED_EDGE('',*,*,#3604,.F.);
#4760=ORIENTED_EDGE('',*,*,#3605,.F.);
#4761=ORIENTED_EDGE('',*,*,#3606,.T.);
#4762=ORIENTED_EDGE('',*,*,#3605,.T.);
#4763=ORIENTED_EDGE('',*,*,#3607,.F.);
#4764=ORIENTED_EDGE('',*,*,#3608,.F.);
#4765=ORIENTED_EDGE('',*,*,#3609,.T.);
#4766=ORIENTED_EDGE('',*,*,#3608,.T.);
#4767=ORIENTED_EDGE('',*,*,#3610,.F.);
#4768=ORIENTED_EDGE('',*,*,#3611,.F.);
#4769=ORIENTED_EDGE('',*,*,#3612,.T.);
#4770=ORIENTED_EDGE('',*,*,#3611,.T.);
#4771=ORIENTED_EDGE('',*,*,#3613,.F.);
#4772=ORIENTED_EDGE('',*,*,#3614,.F.);
#4773=ORIENTED_EDGE('',*,*,#3615,.T.);
#4774=ORIENTED_EDGE('',*,*,#3614,.T.);
#4775=ORIENTED_EDGE('',*,*,#3616,.F.);
#4776=ORIENTED_EDGE('',*,*,#3570,.F.);
#4777=ORIENTED_EDGE('',*,*,#3616,.T.);
#4778=ORIENTED_EDGE('',*,*,#3613,.T.);
#4779=ORIENTED_EDGE('',*,*,#3610,.T.);
#4780=ORIENTED_EDGE('',*,*,#3607,.T.);
#4781=ORIENTED_EDGE('',*,*,#3604,.T.);
#4782=ORIENTED_EDGE('',*,*,#3601,.T.);
#4783=ORIENTED_EDGE('',*,*,#3598,.T.);
#4784=ORIENTED_EDGE('',*,*,#3595,.T.);
#4785=ORIENTED_EDGE('',*,*,#3592,.T.);
#4786=ORIENTED_EDGE('',*,*,#3589,.T.);
#4787=ORIENTED_EDGE('',*,*,#3586,.T.);
#4788=ORIENTED_EDGE('',*,*,#3583,.T.);
#4789=ORIENTED_EDGE('',*,*,#3580,.T.);
#4790=ORIENTED_EDGE('',*,*,#3577,.T.);
#4791=ORIENTED_EDGE('',*,*,#3574,.T.);
#4792=ORIENTED_EDGE('',*,*,#3571,.T.);
#4793=ORIENTED_EDGE('',*,*,#3615,.F.);
#4794=ORIENTED_EDGE('',*,*,#3569,.T.);
#4795=ORIENTED_EDGE('',*,*,#3573,.T.);
#4796=ORIENTED_EDGE('',*,*,#3576,.T.);
#4797=ORIENTED_EDGE('',*,*,#3579,.T.);
#4798=ORIENTED_EDGE('',*,*,#3582,.T.);
#4799=ORIENTED_EDGE('',*,*,#3585,.T.);
#4800=ORIENTED_EDGE('',*,*,#3588,.T.);
#4801=ORIENTED_EDGE('',*,*,#3591,.T.);
#4802=ORIENTED_EDGE('',*,*,#3594,.F.);
#4803=ORIENTED_EDGE('',*,*,#3597,.F.);
#4804=ORIENTED_EDGE('',*,*,#3600,.F.);
#4805=ORIENTED_EDGE('',*,*,#3603,.F.);
#4806=ORIENTED_EDGE('',*,*,#3606,.F.);
#4807=ORIENTED_EDGE('',*,*,#3609,.F.);
#4808=ORIENTED_EDGE('',*,*,#3612,.F.);
#4809=ORIENTED_EDGE('',*,*,#3617,.F.);
#4810=ORIENTED_EDGE('',*,*,#3618,.F.);
#4811=ORIENTED_EDGE('',*,*,#3619,.T.);
#4812=ORIENTED_EDGE('',*,*,#3620,.F.);
#4813=ORIENTED_EDGE('',*,*,#3621,.F.);
#4814=ORIENTED_EDGE('',*,*,#3622,.F.);
#4815=ORIENTED_EDGE('',*,*,#3619,.F.);
#4816=ORIENTED_EDGE('',*,*,#3623,.F.);
#4817=ORIENTED_EDGE('',*,*,#3623,.T.);
#4818=ORIENTED_EDGE('',*,*,#3618,.T.);
#4819=ORIENTED_EDGE('',*,*,#3624,.F.);
#4820=ORIENTED_EDGE('',*,*,#3625,.T.);
#4821=ORIENTED_EDGE('',*,*,#3626,.T.);
#4822=ORIENTED_EDGE('',*,*,#3627,.F.);
#4823=ORIENTED_EDGE('',*,*,#3628,.T.);
#4824=ORIENTED_EDGE('',*,*,#3629,.F.);
#4825=ORIENTED_EDGE('',*,*,#3617,.T.);
#4826=ORIENTED_EDGE('',*,*,#3630,.F.);
#4827=ORIENTED_EDGE('',*,*,#3631,.T.);
#4828=ORIENTED_EDGE('',*,*,#3624,.T.);
#4829=ORIENTED_EDGE('',*,*,#3631,.F.);
#4830=ORIENTED_EDGE('',*,*,#3632,.F.);
#4831=ORIENTED_EDGE('',*,*,#3633,.T.);
#4832=ORIENTED_EDGE('',*,*,#3625,.F.);
#4833=ORIENTED_EDGE('',*,*,#3634,.F.);
#4834=ORIENTED_EDGE('',*,*,#3626,.F.);
#4835=ORIENTED_EDGE('',*,*,#3633,.F.);
#4836=ORIENTED_EDGE('',*,*,#3635,.F.);
#4837=ORIENTED_EDGE('',*,*,#3622,.T.);
#4838=ORIENTED_EDGE('',*,*,#3636,.F.);
#4839=ORIENTED_EDGE('',*,*,#3637,.F.);
#4840=ORIENTED_EDGE('',*,*,#3638,.F.);
#4841=ORIENTED_EDGE('',*,*,#3635,.T.);
#4842=ORIENTED_EDGE('',*,*,#3632,.T.);
#4843=ORIENTED_EDGE('',*,*,#3630,.T.);
#4844=ORIENTED_EDGE('',*,*,#3620,.T.);
#4845=ORIENTED_EDGE('',*,*,#3639,.F.);
#4846=ORIENTED_EDGE('',*,*,#3637,.T.);
#4847=ORIENTED_EDGE('',*,*,#3640,.F.);
#4848=ORIENTED_EDGE('',*,*,#3628,.F.);
#4849=ORIENTED_EDGE('',*,*,#3621,.T.);
#4850=ORIENTED_EDGE('',*,*,#3629,.T.);
#4851=ORIENTED_EDGE('',*,*,#3640,.T.);
#4852=ORIENTED_EDGE('',*,*,#3636,.T.);
#4853=ORIENTED_EDGE('',*,*,#3634,.T.);
#4854=ORIENTED_EDGE('',*,*,#3638,.T.);
#4855=ORIENTED_EDGE('',*,*,#3639,.T.);
#4856=ORIENTED_EDGE('',*,*,#3627,.T.);
#4857=ORIENTED_EDGE('',*,*,#3641,.T.);
#4858=ORIENTED_EDGE('',*,*,#3642,.T.);
#4859=ORIENTED_EDGE('',*,*,#3643,.F.);
#4860=ORIENTED_EDGE('',*,*,#3644,.T.);
#4861=ORIENTED_EDGE('',*,*,#3645,.T.);
#4862=ORIENTED_EDGE('',*,*,#3646,.T.);
#4863=ORIENTED_EDGE('',*,*,#3643,.T.);
#4864=ORIENTED_EDGE('',*,*,#3647,.T.);
#4865=ORIENTED_EDGE('',*,*,#3646,.F.);
#4866=ORIENTED_EDGE('',*,*,#3648,.T.);
#4867=ORIENTED_EDGE('',*,*,#3649,.F.);
#4868=ORIENTED_EDGE('',*,*,#3650,.T.);
#4869=ORIENTED_EDGE('',*,*,#3651,.F.);
#4870=ORIENTED_EDGE('',*,*,#3652,.F.);
#4871=ORIENTED_EDGE('',*,*,#3653,.T.);
#4872=ORIENTED_EDGE('',*,*,#3644,.F.);
#4873=ORIENTED_EDGE('',*,*,#3641,.F.);
#4874=ORIENTED_EDGE('',*,*,#3653,.F.);
#4875=ORIENTED_EDGE('',*,*,#3654,.F.);
#4876=ORIENTED_EDGE('',*,*,#3655,.T.);
#4877=ORIENTED_EDGE('',*,*,#3654,.T.);
#4878=ORIENTED_EDGE('',*,*,#3652,.T.);
#4879=ORIENTED_EDGE('',*,*,#3656,.F.);
#4880=ORIENTED_EDGE('',*,*,#3657,.T.);
#4881=ORIENTED_EDGE('',*,*,#3658,.T.);
#4882=ORIENTED_EDGE('',*,*,#3659,.T.);
#4883=ORIENTED_EDGE('',*,*,#3656,.T.);
#4884=ORIENTED_EDGE('',*,*,#3651,.T.);
#4885=ORIENTED_EDGE('',*,*,#3647,.F.);
#4886=ORIENTED_EDGE('',*,*,#3642,.F.);
#4887=ORIENTED_EDGE('',*,*,#3655,.F.);
#4888=ORIENTED_EDGE('',*,*,#3657,.F.);
#4889=ORIENTED_EDGE('',*,*,#3659,.F.);
#4890=ORIENTED_EDGE('',*,*,#3660,.T.);
#4891=ORIENTED_EDGE('',*,*,#3661,.T.);
#4892=ORIENTED_EDGE('',*,*,#3662,.T.);
#4893=ORIENTED_EDGE('',*,*,#3663,.T.);
#4894=ORIENTED_EDGE('',*,*,#3649,.T.);
#4895=ORIENTED_EDGE('',*,*,#3664,.T.);
#4896=ORIENTED_EDGE('',*,*,#3661,.F.);
#4897=ORIENTED_EDGE('',*,*,#3645,.F.);
#4898=ORIENTED_EDGE('',*,*,#3662,.F.);
#4899=ORIENTED_EDGE('',*,*,#3664,.F.);
#4900=ORIENTED_EDGE('',*,*,#3648,.F.);
#4901=ORIENTED_EDGE('',*,*,#3658,.F.);
#4902=ORIENTED_EDGE('',*,*,#3650,.F.);
#4903=ORIENTED_EDGE('',*,*,#3663,.F.);
#4904=ORIENTED_EDGE('',*,*,#3660,.F.);
#4905=ORIENTED_EDGE('',*,*,#3665,.F.);
#4906=ORIENTED_EDGE('',*,*,#3666,.T.);
#4907=ORIENTED_EDGE('',*,*,#3667,.T.);
#4908=ORIENTED_EDGE('',*,*,#3668,.F.);
#4909=ORIENTED_EDGE('',*,*,#3669,.F.);
#4910=ORIENTED_EDGE('',*,*,#3670,.T.);
#4911=ORIENTED_EDGE('',*,*,#3671,.T.);
#4912=ORIENTED_EDGE('',*,*,#3666,.F.);
#4913=ORIENTED_EDGE('',*,*,#3672,.F.);
#4914=ORIENTED_EDGE('',*,*,#3673,.T.);
#4915=ORIENTED_EDGE('',*,*,#3674,.T.);
#4916=ORIENTED_EDGE('',*,*,#3670,.F.);
#4917=ORIENTED_EDGE('',*,*,#3675,.F.);
#4918=ORIENTED_EDGE('',*,*,#3668,.T.);
#4919=ORIENTED_EDGE('',*,*,#3676,.T.);
#4920=ORIENTED_EDGE('',*,*,#3673,.F.);
#4921=ORIENTED_EDGE('',*,*,#3676,.F.);
#4922=ORIENTED_EDGE('',*,*,#3667,.F.);
#4923=ORIENTED_EDGE('',*,*,#3671,.F.);
#4924=ORIENTED_EDGE('',*,*,#3674,.F.);
#4925=ORIENTED_EDGE('',*,*,#3675,.T.);
#4926=ORIENTED_EDGE('',*,*,#3672,.T.);
#4927=ORIENTED_EDGE('',*,*,#3669,.T.);
#4928=ORIENTED_EDGE('',*,*,#3665,.T.);
#4929=ORIENTED_EDGE('',*,*,#3677,.T.);
#4930=ORIENTED_EDGE('',*,*,#3678,.T.);
#4931=ORIENTED_EDGE('',*,*,#3679,.F.);
#4932=ORIENTED_EDGE('',*,*,#3680,.F.);
#4933=ORIENTED_EDGE('',*,*,#3681,.T.);
#4934=ORIENTED_EDGE('',*,*,#3680,.T.);
#4935=ORIENTED_EDGE('',*,*,#3682,.F.);
#4936=ORIENTED_EDGE('',*,*,#3683,.F.);
#4937=ORIENTED_EDGE('',*,*,#3684,.T.);
#4938=ORIENTED_EDGE('',*,*,#3683,.T.);
#4939=ORIENTED_EDGE('',*,*,#3685,.F.);
#4940=ORIENTED_EDGE('',*,*,#3686,.F.);
#4941=ORIENTED_EDGE('',*,*,#3687,.T.);
#4942=ORIENTED_EDGE('',*,*,#3686,.T.);
#4943=ORIENTED_EDGE('',*,*,#3688,.F.);
#4944=ORIENTED_EDGE('',*,*,#3678,.F.);
#4945=ORIENTED_EDGE('',*,*,#3688,.T.);
#4946=ORIENTED_EDGE('',*,*,#3685,.T.);
#4947=ORIENTED_EDGE('',*,*,#3682,.T.);
#4948=ORIENTED_EDGE('',*,*,#3679,.T.);
#4949=ORIENTED_EDGE('',*,*,#3687,.F.);
#4950=ORIENTED_EDGE('',*,*,#3677,.F.);
#4951=ORIENTED_EDGE('',*,*,#3681,.F.);
#4952=ORIENTED_EDGE('',*,*,#3684,.F.);
#4953=ORIENTED_EDGE('',*,*,#3689,.F.);
#4954=ORIENTED_EDGE('',*,*,#3690,.T.);
#4955=ORIENTED_EDGE('',*,*,#3691,.T.);
#4956=ORIENTED_EDGE('',*,*,#3692,.F.);
#4957=ORIENTED_EDGE('',*,*,#3693,.F.);
#4958=ORIENTED_EDGE('',*,*,#3694,.T.);
#4959=ORIENTED_EDGE('',*,*,#3695,.T.);
#4960=ORIENTED_EDGE('',*,*,#3690,.F.);
#4961=ORIENTED_EDGE('',*,*,#3696,.F.);
#4962=ORIENTED_EDGE('',*,*,#3697,.T.);
#4963=ORIENTED_EDGE('',*,*,#3698,.T.);
#4964=ORIENTED_EDGE('',*,*,#3694,.F.);
#4965=ORIENTED_EDGE('',*,*,#3699,.F.);
#4966=ORIENTED_EDGE('',*,*,#3692,.T.);
#4967=ORIENTED_EDGE('',*,*,#3700,.T.);
#4968=ORIENTED_EDGE('',*,*,#3697,.F.);
#4969=ORIENTED_EDGE('',*,*,#3700,.F.);
#4970=ORIENTED_EDGE('',*,*,#3691,.F.);
#4971=ORIENTED_EDGE('',*,*,#3695,.F.);
#4972=ORIENTED_EDGE('',*,*,#3698,.F.);
#4973=ORIENTED_EDGE('',*,*,#3699,.T.);
#4974=ORIENTED_EDGE('',*,*,#3696,.T.);
#4975=ORIENTED_EDGE('',*,*,#3693,.T.);
#4976=ORIENTED_EDGE('',*,*,#3689,.T.);
#4977=ORIENTED_EDGE('',*,*,#3701,.F.);
#4978=ORIENTED_EDGE('',*,*,#3702,.T.);
#4979=ORIENTED_EDGE('',*,*,#3703,.T.);
#4980=ORIENTED_EDGE('',*,*,#3704,.F.);
#4981=ORIENTED_EDGE('',*,*,#3705,.F.);
#4982=ORIENTED_EDGE('',*,*,#3706,.T.);
#4983=ORIENTED_EDGE('',*,*,#3707,.T.);
#4984=ORIENTED_EDGE('',*,*,#3702,.F.);
#4985=ORIENTED_EDGE('',*,*,#3708,.F.);
#4986=ORIENTED_EDGE('',*,*,#3709,.T.);
#4987=ORIENTED_EDGE('',*,*,#3710,.T.);
#4988=ORIENTED_EDGE('',*,*,#3706,.F.);
#4989=ORIENTED_EDGE('',*,*,#3711,.F.);
#4990=ORIENTED_EDGE('',*,*,#3704,.T.);
#4991=ORIENTED_EDGE('',*,*,#3712,.T.);
#4992=ORIENTED_EDGE('',*,*,#3709,.F.);
#4993=ORIENTED_EDGE('',*,*,#3712,.F.);
#4994=ORIENTED_EDGE('',*,*,#3703,.F.);
#4995=ORIENTED_EDGE('',*,*,#3707,.F.);
#4996=ORIENTED_EDGE('',*,*,#3710,.F.);
#4997=ORIENTED_EDGE('',*,*,#3711,.T.);
#4998=ORIENTED_EDGE('',*,*,#3708,.T.);
#4999=ORIENTED_EDGE('',*,*,#3705,.T.);
#5000=ORIENTED_EDGE('',*,*,#3701,.T.);
#5001=ORIENTED_EDGE('',*,*,#3713,.T.);
#5002=ORIENTED_EDGE('',*,*,#3714,.T.);
#5003=ORIENTED_EDGE('',*,*,#3715,.F.);
#5004=ORIENTED_EDGE('',*,*,#3716,.F.);
#5005=ORIENTED_EDGE('',*,*,#3717,.T.);
#5006=ORIENTED_EDGE('',*,*,#3716,.T.);
#5007=ORIENTED_EDGE('',*,*,#3718,.F.);
#5008=ORIENTED_EDGE('',*,*,#3719,.F.);
#5009=ORIENTED_EDGE('',*,*,#3720,.T.);
#5010=ORIENTED_EDGE('',*,*,#3719,.T.);
#5011=ORIENTED_EDGE('',*,*,#3721,.F.);
#5012=ORIENTED_EDGE('',*,*,#3722,.F.);
#5013=ORIENTED_EDGE('',*,*,#3723,.T.);
#5014=ORIENTED_EDGE('',*,*,#3722,.T.);
#5015=ORIENTED_EDGE('',*,*,#3724,.F.);
#5016=ORIENTED_EDGE('',*,*,#3714,.F.);
#5017=ORIENTED_EDGE('',*,*,#3724,.T.);
#5018=ORIENTED_EDGE('',*,*,#3721,.T.);
#5019=ORIENTED_EDGE('',*,*,#3718,.T.);
#5020=ORIENTED_EDGE('',*,*,#3715,.T.);
#5021=ORIENTED_EDGE('',*,*,#3723,.F.);
#5022=ORIENTED_EDGE('',*,*,#3713,.F.);
#5023=ORIENTED_EDGE('',*,*,#3717,.F.);
#5024=ORIENTED_EDGE('',*,*,#3720,.F.);
#5025=ORIENTED_EDGE('',*,*,#3725,.F.);
#5026=ORIENTED_EDGE('',*,*,#3726,.T.);
#5027=ORIENTED_EDGE('',*,*,#3727,.T.);
#5028=ORIENTED_EDGE('',*,*,#3728,.F.);
#5029=ORIENTED_EDGE('',*,*,#3729,.F.);
#5030=ORIENTED_EDGE('',*,*,#3730,.T.);
#5031=ORIENTED_EDGE('',*,*,#3731,.T.);
#5032=ORIENTED_EDGE('',*,*,#3726,.F.);
#5033=ORIENTED_EDGE('',*,*,#3732,.F.);
#5034=ORIENTED_EDGE('',*,*,#3733,.T.);
#5035=ORIENTED_EDGE('',*,*,#3734,.T.);
#5036=ORIENTED_EDGE('',*,*,#3730,.F.);
#5037=ORIENTED_EDGE('',*,*,#3735,.F.);
#5038=ORIENTED_EDGE('',*,*,#3728,.T.);
#5039=ORIENTED_EDGE('',*,*,#3736,.T.);
#5040=ORIENTED_EDGE('',*,*,#3733,.F.);
#5041=ORIENTED_EDGE('',*,*,#3736,.F.);
#5042=ORIENTED_EDGE('',*,*,#3727,.F.);
#5043=ORIENTED_EDGE('',*,*,#3731,.F.);
#5044=ORIENTED_EDGE('',*,*,#3734,.F.);
#5045=ORIENTED_EDGE('',*,*,#3735,.T.);
#5046=ORIENTED_EDGE('',*,*,#3732,.T.);
#5047=ORIENTED_EDGE('',*,*,#3729,.T.);
#5048=ORIENTED_EDGE('',*,*,#3725,.T.);
#5049=ORIENTED_EDGE('',*,*,#3737,.T.);
#5050=ORIENTED_EDGE('',*,*,#3738,.T.);
#5051=ORIENTED_EDGE('',*,*,#3739,.F.);
#5052=ORIENTED_EDGE('',*,*,#3740,.F.);
#5053=ORIENTED_EDGE('',*,*,#3741,.T.);
#5054=ORIENTED_EDGE('',*,*,#3740,.T.);
#5055=ORIENTED_EDGE('',*,*,#3742,.F.);
#5056=ORIENTED_EDGE('',*,*,#3743,.F.);
#5057=ORIENTED_EDGE('',*,*,#3744,.T.);
#5058=ORIENTED_EDGE('',*,*,#3743,.T.);
#5059=ORIENTED_EDGE('',*,*,#3745,.F.);
#5060=ORIENTED_EDGE('',*,*,#3746,.F.);
#5061=ORIENTED_EDGE('',*,*,#3747,.T.);
#5062=ORIENTED_EDGE('',*,*,#3746,.T.);
#5063=ORIENTED_EDGE('',*,*,#3748,.F.);
#5064=ORIENTED_EDGE('',*,*,#3738,.F.);
#5065=ORIENTED_EDGE('',*,*,#3748,.T.);
#5066=ORIENTED_EDGE('',*,*,#3745,.T.);
#5067=ORIENTED_EDGE('',*,*,#3742,.T.);
#5068=ORIENTED_EDGE('',*,*,#3739,.T.);
#5069=ORIENTED_EDGE('',*,*,#3747,.F.);
#5070=ORIENTED_EDGE('',*,*,#3737,.F.);
#5071=ORIENTED_EDGE('',*,*,#3741,.F.);
#5072=ORIENTED_EDGE('',*,*,#3744,.F.);
#5073=ORIENTED_EDGE('',*,*,#3749,.T.);
#5074=ORIENTED_EDGE('',*,*,#3750,.T.);
#5075=ORIENTED_EDGE('',*,*,#3751,.F.);
#5076=ORIENTED_EDGE('',*,*,#3752,.T.);
#5077=ORIENTED_EDGE('',*,*,#3753,.T.);
#5078=ORIENTED_EDGE('',*,*,#3754,.T.);
#5079=ORIENTED_EDGE('',*,*,#3751,.T.);
#5080=ORIENTED_EDGE('',*,*,#3755,.T.);
#5081=ORIENTED_EDGE('',*,*,#3754,.F.);
#5082=ORIENTED_EDGE('',*,*,#3756,.T.);
#5083=ORIENTED_EDGE('',*,*,#3757,.F.);
#5084=ORIENTED_EDGE('',*,*,#3758,.T.);
#5085=ORIENTED_EDGE('',*,*,#3759,.F.);
#5086=ORIENTED_EDGE('',*,*,#3760,.F.);
#5087=ORIENTED_EDGE('',*,*,#3761,.T.);
#5088=ORIENTED_EDGE('',*,*,#3752,.F.);
#5089=ORIENTED_EDGE('',*,*,#3749,.F.);
#5090=ORIENTED_EDGE('',*,*,#3761,.F.);
#5091=ORIENTED_EDGE('',*,*,#3762,.F.);
#5092=ORIENTED_EDGE('',*,*,#3763,.T.);
#5093=ORIENTED_EDGE('',*,*,#3762,.T.);
#5094=ORIENTED_EDGE('',*,*,#3760,.T.);
#5095=ORIENTED_EDGE('',*,*,#3764,.F.);
#5096=ORIENTED_EDGE('',*,*,#3765,.T.);
#5097=ORIENTED_EDGE('',*,*,#3766,.T.);
#5098=ORIENTED_EDGE('',*,*,#3767,.T.);
#5099=ORIENTED_EDGE('',*,*,#3764,.T.);
#5100=ORIENTED_EDGE('',*,*,#3759,.T.);
#5101=ORIENTED_EDGE('',*,*,#3755,.F.);
#5102=ORIENTED_EDGE('',*,*,#3750,.F.);
#5103=ORIENTED_EDGE('',*,*,#3763,.F.);
#5104=ORIENTED_EDGE('',*,*,#3765,.F.);
#5105=ORIENTED_EDGE('',*,*,#3767,.F.);
#5106=ORIENTED_EDGE('',*,*,#3768,.T.);
#5107=ORIENTED_EDGE('',*,*,#3769,.T.);
#5108=ORIENTED_EDGE('',*,*,#3770,.T.);
#5109=ORIENTED_EDGE('',*,*,#3771,.T.);
#5110=ORIENTED_EDGE('',*,*,#3757,.T.);
#5111=ORIENTED_EDGE('',*,*,#3772,.T.);
#5112=ORIENTED_EDGE('',*,*,#3769,.F.);
#5113=ORIENTED_EDGE('',*,*,#3753,.F.);
#5114=ORIENTED_EDGE('',*,*,#3770,.F.);
#5115=ORIENTED_EDGE('',*,*,#3772,.F.);
#5116=ORIENTED_EDGE('',*,*,#3756,.F.);
#5117=ORIENTED_EDGE('',*,*,#3766,.F.);
#5118=ORIENTED_EDGE('',*,*,#3758,.F.);
#5119=ORIENTED_EDGE('',*,*,#3771,.F.);
#5120=ORIENTED_EDGE('',*,*,#3768,.F.);
#5121=ORIENTED_EDGE('',*,*,#3773,.F.);
#5122=ORIENTED_EDGE('',*,*,#3774,.F.);
#5123=ORIENTED_EDGE('',*,*,#3775,.T.);
#5124=ORIENTED_EDGE('',*,*,#3776,.F.);
#5125=ORIENTED_EDGE('',*,*,#3777,.F.);
#5126=ORIENTED_EDGE('',*,*,#3778,.F.);
#5127=ORIENTED_EDGE('',*,*,#3775,.F.);
#5128=ORIENTED_EDGE('',*,*,#3779,.F.);
#5129=ORIENTED_EDGE('',*,*,#3779,.T.);
#5130=ORIENTED_EDGE('',*,*,#3774,.T.);
#5131=ORIENTED_EDGE('',*,*,#3780,.F.);
#5132=ORIENTED_EDGE('',*,*,#3781,.T.);
#5133=ORIENTED_EDGE('',*,*,#3782,.T.);
#5134=ORIENTED_EDGE('',*,*,#3783,.F.);
#5135=ORIENTED_EDGE('',*,*,#3784,.T.);
#5136=ORIENTED_EDGE('',*,*,#3785,.F.);
#5137=ORIENTED_EDGE('',*,*,#3773,.T.);
#5138=ORIENTED_EDGE('',*,*,#3786,.F.);
#5139=ORIENTED_EDGE('',*,*,#3787,.T.);
#5140=ORIENTED_EDGE('',*,*,#3780,.T.);
#5141=ORIENTED_EDGE('',*,*,#3787,.F.);
#5142=ORIENTED_EDGE('',*,*,#3788,.F.);
#5143=ORIENTED_EDGE('',*,*,#3789,.T.);
#5144=ORIENTED_EDGE('',*,*,#3781,.F.);
#5145=ORIENTED_EDGE('',*,*,#3790,.F.);
#5146=ORIENTED_EDGE('',*,*,#3782,.F.);
#5147=ORIENTED_EDGE('',*,*,#3789,.F.);
#5148=ORIENTED_EDGE('',*,*,#3791,.F.);
#5149=ORIENTED_EDGE('',*,*,#3778,.T.);
#5150=ORIENTED_EDGE('',*,*,#3792,.F.);
#5151=ORIENTED_EDGE('',*,*,#3793,.F.);
#5152=ORIENTED_EDGE('',*,*,#3794,.F.);
#5153=ORIENTED_EDGE('',*,*,#3791,.T.);
#5154=ORIENTED_EDGE('',*,*,#3788,.T.);
#5155=ORIENTED_EDGE('',*,*,#3786,.T.);
#5156=ORIENTED_EDGE('',*,*,#3776,.T.);
#5157=ORIENTED_EDGE('',*,*,#3795,.F.);
#5158=ORIENTED_EDGE('',*,*,#3793,.T.);
#5159=ORIENTED_EDGE('',*,*,#3796,.F.);
#5160=ORIENTED_EDGE('',*,*,#3784,.F.);
#5161=ORIENTED_EDGE('',*,*,#3777,.T.);
#5162=ORIENTED_EDGE('',*,*,#3785,.T.);
#5163=ORIENTED_EDGE('',*,*,#3796,.T.);
#5164=ORIENTED_EDGE('',*,*,#3792,.T.);
#5165=ORIENTED_EDGE('',*,*,#3790,.T.);
#5166=ORIENTED_EDGE('',*,*,#3794,.T.);
#5167=ORIENTED_EDGE('',*,*,#3795,.T.);
#5168=ORIENTED_EDGE('',*,*,#3783,.T.);
#5169=ORIENTED_EDGE('',*,*,#3797,.T.);
#5170=ORIENTED_EDGE('',*,*,#3798,.T.);
#5171=ORIENTED_EDGE('',*,*,#3799,.F.);
#5172=ORIENTED_EDGE('',*,*,#3800,.F.);
#5173=ORIENTED_EDGE('',*,*,#3801,.T.);
#5174=ORIENTED_EDGE('',*,*,#3800,.T.);
#5175=ORIENTED_EDGE('',*,*,#3802,.F.);
#5176=ORIENTED_EDGE('',*,*,#3803,.F.);
#5177=ORIENTED_EDGE('',*,*,#3804,.T.);
#5178=ORIENTED_EDGE('',*,*,#3803,.T.);
#5179=ORIENTED_EDGE('',*,*,#3805,.F.);
#5180=ORIENTED_EDGE('',*,*,#3806,.F.);
#5181=ORIENTED_EDGE('',*,*,#3807,.T.);
#5182=ORIENTED_EDGE('',*,*,#3806,.T.);
#5183=ORIENTED_EDGE('',*,*,#3808,.F.);
#5184=ORIENTED_EDGE('',*,*,#3798,.F.);
#5185=ORIENTED_EDGE('',*,*,#3808,.T.);
#5186=ORIENTED_EDGE('',*,*,#3805,.T.);
#5187=ORIENTED_EDGE('',*,*,#3802,.T.);
#5188=ORIENTED_EDGE('',*,*,#3799,.T.);
#5189=ORIENTED_EDGE('',*,*,#3807,.F.);
#5190=ORIENTED_EDGE('',*,*,#3797,.F.);
#5191=ORIENTED_EDGE('',*,*,#3801,.F.);
#5192=ORIENTED_EDGE('',*,*,#3804,.F.);
#5193=ORIENTED_EDGE('',*,*,#3809,.T.);
#5194=ORIENTED_EDGE('',*,*,#3810,.T.);
#5195=ORIENTED_EDGE('',*,*,#3811,.T.);
#5196=ORIENTED_EDGE('',*,*,#3812,.T.);
#5197=ORIENTED_EDGE('',*,*,#3813,.F.);
#5198=ORIENTED_EDGE('',*,*,#3814,.T.);
#5199=ORIENTED_EDGE('',*,*,#3815,.T.);
#5200=ORIENTED_EDGE('',*,*,#3810,.F.);
#5201=ORIENTED_EDGE('',*,*,#3816,.T.);
#5202=ORIENTED_EDGE('',*,*,#3812,.F.);
#5203=ORIENTED_EDGE('',*,*,#3817,.F.);
#5204=ORIENTED_EDGE('',*,*,#3818,.F.);
#5205=ORIENTED_EDGE('',*,*,#3819,.T.);
#5206=ORIENTED_EDGE('',*,*,#3818,.T.);
#5207=ORIENTED_EDGE('',*,*,#3820,.F.);
#5208=ORIENTED_EDGE('',*,*,#3814,.F.);
#5209=ORIENTED_EDGE('',*,*,#3820,.T.);
#5210=ORIENTED_EDGE('',*,*,#3817,.T.);
#5211=ORIENTED_EDGE('',*,*,#3811,.F.);
#5212=ORIENTED_EDGE('',*,*,#3815,.F.);
#5213=ORIENTED_EDGE('',*,*,#3819,.F.);
#5214=ORIENTED_EDGE('',*,*,#3813,.T.);
#5215=ORIENTED_EDGE('',*,*,#3809,.F.);
#5216=ORIENTED_EDGE('',*,*,#3816,.F.);
#5217=ORIENTED_EDGE('',*,*,#3821,.F.);
#5218=ORIENTED_EDGE('',*,*,#3822,.T.);
#5219=ORIENTED_EDGE('',*,*,#3823,.T.);
#5220=ORIENTED_EDGE('',*,*,#3824,.F.);
#5221=ORIENTED_EDGE('',*,*,#3825,.F.);
#5222=ORIENTED_EDGE('',*,*,#3826,.T.);
#5223=ORIENTED_EDGE('',*,*,#3827,.T.);
#5224=ORIENTED_EDGE('',*,*,#3822,.F.);
#5225=ORIENTED_EDGE('',*,*,#3828,.F.);
#5226=ORIENTED_EDGE('',*,*,#3829,.T.);
#5227=ORIENTED_EDGE('',*,*,#3830,.T.);
#5228=ORIENTED_EDGE('',*,*,#3826,.F.);
#5229=ORIENTED_EDGE('',*,*,#3831,.F.);
#5230=ORIENTED_EDGE('',*,*,#3824,.T.);
#5231=ORIENTED_EDGE('',*,*,#3832,.T.);
#5232=ORIENTED_EDGE('',*,*,#3829,.F.);
#5233=ORIENTED_EDGE('',*,*,#3832,.F.);
#5234=ORIENTED_EDGE('',*,*,#3823,.F.);
#5235=ORIENTED_EDGE('',*,*,#3827,.F.);
#5236=ORIENTED_EDGE('',*,*,#3830,.F.);
#5237=ORIENTED_EDGE('',*,*,#3831,.T.);
#5238=ORIENTED_EDGE('',*,*,#3828,.T.);
#5239=ORIENTED_EDGE('',*,*,#3825,.T.);
#5240=ORIENTED_EDGE('',*,*,#3821,.T.);
#5241=ORIENTED_EDGE('',*,*,#3833,.F.);
#5242=ORIENTED_EDGE('',*,*,#3834,.F.);
#5243=ORIENTED_EDGE('',*,*,#3835,.F.);
#5244=ORIENTED_EDGE('',*,*,#3836,.F.);
#5245=ORIENTED_EDGE('',*,*,#3837,.T.);
#5246=ORIENTED_EDGE('',*,*,#3836,.T.);
#5247=ORIENTED_EDGE('',*,*,#3838,.F.);
#5248=ORIENTED_EDGE('',*,*,#3839,.F.);
#5249=ORIENTED_EDGE('',*,*,#3840,.F.);
#5250=ORIENTED_EDGE('',*,*,#3841,.T.);
#5251=ORIENTED_EDGE('',*,*,#3842,.T.);
#5252=ORIENTED_EDGE('',*,*,#3834,.T.);
#5253=ORIENTED_EDGE('',*,*,#3843,.F.);
#5254=ORIENTED_EDGE('',*,*,#3839,.T.);
#5255=ORIENTED_EDGE('',*,*,#3844,.T.);
#5256=ORIENTED_EDGE('',*,*,#3841,.F.);
#5257=ORIENTED_EDGE('',*,*,#3844,.F.);
#5258=ORIENTED_EDGE('',*,*,#3838,.T.);
#5259=ORIENTED_EDGE('',*,*,#3835,.T.);
#5260=ORIENTED_EDGE('',*,*,#3842,.F.);
#5261=ORIENTED_EDGE('',*,*,#3843,.T.);
#5262=ORIENTED_EDGE('',*,*,#3840,.T.);
#5263=ORIENTED_EDGE('',*,*,#3833,.T.);
#5264=ORIENTED_EDGE('',*,*,#3837,.F.);
#5265=ORIENTED_EDGE('',*,*,#3845,.F.);
#5266=ORIENTED_EDGE('',*,*,#3846,.T.);
#5267=ORIENTED_EDGE('',*,*,#3847,.F.);
#5268=ORIENTED_EDGE('',*,*,#3848,.F.);
#5269=ORIENTED_EDGE('',*,*,#3849,.F.);
#5270=ORIENTED_EDGE('',*,*,#3848,.T.);
#5271=ORIENTED_EDGE('',*,*,#3850,.F.);
#5272=ORIENTED_EDGE('',*,*,#3851,.F.);
#5273=ORIENTED_EDGE('',*,*,#3852,.F.);
#5274=ORIENTED_EDGE('',*,*,#3851,.T.);
#5275=ORIENTED_EDGE('',*,*,#3853,.F.);
#5276=ORIENTED_EDGE('',*,*,#3854,.F.);
#5277=ORIENTED_EDGE('',*,*,#3855,.F.);
#5278=ORIENTED_EDGE('',*,*,#3854,.T.);
#5279=ORIENTED_EDGE('',*,*,#3856,.F.);
#5280=ORIENTED_EDGE('',*,*,#3846,.F.);
#5281=ORIENTED_EDGE('',*,*,#3856,.T.);
#5282=ORIENTED_EDGE('',*,*,#3853,.T.);
#5283=ORIENTED_EDGE('',*,*,#3850,.T.);
#5284=ORIENTED_EDGE('',*,*,#3847,.T.);
#5285=ORIENTED_EDGE('',*,*,#3855,.T.);
#5286=ORIENTED_EDGE('',*,*,#3845,.T.);
#5287=ORIENTED_EDGE('',*,*,#3849,.T.);
#5288=ORIENTED_EDGE('',*,*,#3852,.T.);
#5289=ORIENTED_EDGE('',*,*,#3857,.T.);
#5290=ORIENTED_EDGE('',*,*,#3858,.T.);
#5291=ORIENTED_EDGE('',*,*,#3859,.T.);
#5292=ORIENTED_EDGE('',*,*,#3860,.T.);
#5293=ORIENTED_EDGE('',*,*,#3861,.T.);
#5294=ORIENTED_EDGE('',*,*,#3862,.T.);
#5295=ORIENTED_EDGE('',*,*,#3860,.F.);
#5296=ORIENTED_EDGE('',*,*,#3863,.F.);
#5297=ORIENTED_EDGE('',*,*,#3864,.T.);
#5298=ORIENTED_EDGE('',*,*,#3863,.T.);
#5299=ORIENTED_EDGE('',*,*,#3859,.F.);
#5300=ORIENTED_EDGE('',*,*,#3865,.F.);
#5301=ORIENTED_EDGE('',*,*,#3866,.T.);
#5302=ORIENTED_EDGE('',*,*,#3865,.T.);
#5303=ORIENTED_EDGE('',*,*,#3858,.F.);
#5304=ORIENTED_EDGE('',*,*,#3867,.F.);
#5305=ORIENTED_EDGE('',*,*,#3868,.T.);
#5306=ORIENTED_EDGE('',*,*,#3867,.T.);
#5307=ORIENTED_EDGE('',*,*,#3857,.F.);
#5308=ORIENTED_EDGE('',*,*,#3862,.F.);
#5309=ORIENTED_EDGE('',*,*,#3868,.F.);
#5310=ORIENTED_EDGE('',*,*,#3861,.F.);
#5311=ORIENTED_EDGE('',*,*,#3864,.F.);
#5312=ORIENTED_EDGE('',*,*,#3866,.F.);
#5313=ORIENTED_EDGE('',*,*,#3869,.F.);
#5314=ORIENTED_EDGE('',*,*,#3870,.F.);
#5315=ORIENTED_EDGE('',*,*,#3871,.F.);
#5316=ORIENTED_EDGE('',*,*,#3872,.F.);
#5317=ORIENTED_EDGE('',*,*,#3873,.F.);
#5318=ORIENTED_EDGE('',*,*,#3874,.T.);
#5319=ORIENTED_EDGE('',*,*,#3870,.T.);
#5320=ORIENTED_EDGE('',*,*,#3875,.F.);
#5321=ORIENTED_EDGE('',*,*,#3876,.F.);
#5322=ORIENTED_EDGE('',*,*,#3877,.T.);
#5323=ORIENTED_EDGE('',*,*,#3871,.T.);
#5324=ORIENTED_EDGE('',*,*,#3874,.F.);
#5325=ORIENTED_EDGE('',*,*,#3878,.F.);
#5326=ORIENTED_EDGE('',*,*,#3879,.T.);
#5327=ORIENTED_EDGE('',*,*,#3872,.T.);
#5328=ORIENTED_EDGE('',*,*,#3877,.F.);
#5329=ORIENTED_EDGE('',*,*,#3880,.F.);
#5330=ORIENTED_EDGE('',*,*,#3875,.T.);
#5331=ORIENTED_EDGE('',*,*,#3869,.T.);
#5332=ORIENTED_EDGE('',*,*,#3879,.F.);
#5333=ORIENTED_EDGE('',*,*,#3880,.T.);
#5334=ORIENTED_EDGE('',*,*,#3878,.T.);
#5335=ORIENTED_EDGE('',*,*,#3876,.T.);
#5336=ORIENTED_EDGE('',*,*,#3873,.T.);
#5337=ORIENTED_EDGE('',*,*,#3881,.T.);
#5338=ORIENTED_EDGE('',*,*,#3882,.T.);
#5339=ORIENTED_EDGE('',*,*,#3883,.T.);
#5340=ORIENTED_EDGE('',*,*,#3884,.F.);
#5341=ORIENTED_EDGE('',*,*,#3885,.T.);
#5342=ORIENTED_EDGE('',*,*,#3886,.T.);
#5343=ORIENTED_EDGE('',*,*,#3887,.T.);
#5344=ORIENTED_EDGE('',*,*,#3882,.F.);
#5345=ORIENTED_EDGE('',*,*,#3888,.T.);
#5346=ORIENTED_EDGE('',*,*,#3889,.T.);
#5347=ORIENTED_EDGE('',*,*,#3890,.T.);
#5348=ORIENTED_EDGE('',*,*,#3886,.F.);
#5349=ORIENTED_EDGE('',*,*,#3891,.T.);
#5350=ORIENTED_EDGE('',*,*,#3884,.T.);
#5351=ORIENTED_EDGE('',*,*,#3892,.T.);
#5352=ORIENTED_EDGE('',*,*,#3889,.F.);
#5353=ORIENTED_EDGE('',*,*,#3892,.F.);
#5354=ORIENTED_EDGE('',*,*,#3883,.F.);
#5355=ORIENTED_EDGE('',*,*,#3887,.F.);
#5356=ORIENTED_EDGE('',*,*,#3890,.F.);
#5357=ORIENTED_EDGE('',*,*,#3891,.F.);
#5358=ORIENTED_EDGE('',*,*,#3888,.F.);
#5359=ORIENTED_EDGE('',*,*,#3885,.F.);
#5360=ORIENTED_EDGE('',*,*,#3881,.F.);
#5361=ORIENTED_EDGE('',*,*,#3893,.T.);
#5362=ORIENTED_EDGE('',*,*,#3894,.T.);
#5363=ORIENTED_EDGE('',*,*,#3895,.F.);
#5364=ORIENTED_EDGE('',*,*,#3896,.F.);
#5365=ORIENTED_EDGE('',*,*,#3897,.T.);
#5366=ORIENTED_EDGE('',*,*,#3896,.T.);
#5367=ORIENTED_EDGE('',*,*,#3898,.F.);
#5368=ORIENTED_EDGE('',*,*,#3899,.F.);
#5369=ORIENTED_EDGE('',*,*,#3900,.T.);
#5370=ORIENTED_EDGE('',*,*,#3899,.T.);
#5371=ORIENTED_EDGE('',*,*,#3901,.F.);
#5372=ORIENTED_EDGE('',*,*,#3902,.F.);
#5373=ORIENTED_EDGE('',*,*,#3903,.T.);
#5374=ORIENTED_EDGE('',*,*,#3902,.T.);
#5375=ORIENTED_EDGE('',*,*,#3904,.F.);
#5376=ORIENTED_EDGE('',*,*,#3894,.F.);
#5377=ORIENTED_EDGE('',*,*,#3904,.T.);
#5378=ORIENTED_EDGE('',*,*,#3901,.T.);
#5379=ORIENTED_EDGE('',*,*,#3898,.T.);
#5380=ORIENTED_EDGE('',*,*,#3895,.T.);
#5381=ORIENTED_EDGE('',*,*,#3903,.F.);
#5382=ORIENTED_EDGE('',*,*,#3893,.F.);
#5383=ORIENTED_EDGE('',*,*,#3897,.F.);
#5384=ORIENTED_EDGE('',*,*,#3900,.F.);
#5385=ORIENTED_EDGE('',*,*,#3905,.T.);
#5386=ORIENTED_EDGE('',*,*,#3906,.T.);
#5387=ORIENTED_EDGE('',*,*,#3907,.F.);
#5388=ORIENTED_EDGE('',*,*,#3908,.F.);
#5389=ORIENTED_EDGE('',*,*,#3909,.T.);
#5390=ORIENTED_EDGE('',*,*,#3908,.T.);
#5391=ORIENTED_EDGE('',*,*,#3910,.F.);
#5392=ORIENTED_EDGE('',*,*,#3911,.F.);
#5393=ORIENTED_EDGE('',*,*,#3912,.T.);
#5394=ORIENTED_EDGE('',*,*,#3911,.T.);
#5395=ORIENTED_EDGE('',*,*,#3913,.F.);
#5396=ORIENTED_EDGE('',*,*,#3914,.F.);
#5397=ORIENTED_EDGE('',*,*,#3915,.T.);
#5398=ORIENTED_EDGE('',*,*,#3914,.T.);
#5399=ORIENTED_EDGE('',*,*,#3916,.F.);
#5400=ORIENTED_EDGE('',*,*,#3906,.F.);
#5401=ORIENTED_EDGE('',*,*,#3916,.T.);
#5402=ORIENTED_EDGE('',*,*,#3913,.T.);
#5403=ORIENTED_EDGE('',*,*,#3910,.T.);
#5404=ORIENTED_EDGE('',*,*,#3907,.T.);
#5405=ORIENTED_EDGE('',*,*,#3915,.F.);
#5406=ORIENTED_EDGE('',*,*,#3905,.F.);
#5407=ORIENTED_EDGE('',*,*,#3909,.F.);
#5408=ORIENTED_EDGE('',*,*,#3912,.F.);
#5409=ORIENTED_EDGE('',*,*,#3917,.F.);
#5410=ORIENTED_EDGE('',*,*,#3918,.T.);
#5411=ORIENTED_EDGE('',*,*,#3919,.F.);
#5412=ORIENTED_EDGE('',*,*,#3920,.F.);
#5413=ORIENTED_EDGE('',*,*,#3921,.F.);
#5414=ORIENTED_EDGE('',*,*,#3920,.T.);
#5415=ORIENTED_EDGE('',*,*,#3922,.F.);
#5416=ORIENTED_EDGE('',*,*,#3923,.F.);
#5417=ORIENTED_EDGE('',*,*,#3924,.F.);
#5418=ORIENTED_EDGE('',*,*,#3923,.T.);
#5419=ORIENTED_EDGE('',*,*,#3925,.F.);
#5420=ORIENTED_EDGE('',*,*,#3926,.F.);
#5421=ORIENTED_EDGE('',*,*,#3927,.F.);
#5422=ORIENTED_EDGE('',*,*,#3926,.T.);
#5423=ORIENTED_EDGE('',*,*,#3928,.F.);
#5424=ORIENTED_EDGE('',*,*,#3918,.F.);
#5425=ORIENTED_EDGE('',*,*,#3928,.T.);
#5426=ORIENTED_EDGE('',*,*,#3925,.T.);
#5427=ORIENTED_EDGE('',*,*,#3922,.T.);
#5428=ORIENTED_EDGE('',*,*,#3919,.T.);
#5429=ORIENTED_EDGE('',*,*,#3927,.T.);
#5430=ORIENTED_EDGE('',*,*,#3917,.T.);
#5431=ORIENTED_EDGE('',*,*,#3921,.T.);
#5432=ORIENTED_EDGE('',*,*,#3924,.T.);
#5433=ORIENTED_EDGE('',*,*,#3929,.F.);
#5434=ORIENTED_EDGE('',*,*,#3930,.T.);
#5435=ORIENTED_EDGE('',*,*,#3931,.T.);
#5436=ORIENTED_EDGE('',*,*,#3932,.F.);
#5437=ORIENTED_EDGE('',*,*,#3933,.F.);
#5438=ORIENTED_EDGE('',*,*,#3934,.T.);
#5439=ORIENTED_EDGE('',*,*,#3935,.T.);
#5440=ORIENTED_EDGE('',*,*,#3930,.F.);
#5441=ORIENTED_EDGE('',*,*,#3936,.F.);
#5442=ORIENTED_EDGE('',*,*,#3937,.T.);
#5443=ORIENTED_EDGE('',*,*,#3938,.T.);
#5444=ORIENTED_EDGE('',*,*,#3934,.F.);
#5445=ORIENTED_EDGE('',*,*,#3939,.F.);
#5446=ORIENTED_EDGE('',*,*,#3932,.T.);
#5447=ORIENTED_EDGE('',*,*,#3940,.T.);
#5448=ORIENTED_EDGE('',*,*,#3937,.F.);
#5449=ORIENTED_EDGE('',*,*,#3940,.F.);
#5450=ORIENTED_EDGE('',*,*,#3931,.F.);
#5451=ORIENTED_EDGE('',*,*,#3935,.F.);
#5452=ORIENTED_EDGE('',*,*,#3938,.F.);
#5453=ORIENTED_EDGE('',*,*,#3939,.T.);
#5454=ORIENTED_EDGE('',*,*,#3936,.T.);
#5455=ORIENTED_EDGE('',*,*,#3933,.T.);
#5456=ORIENTED_EDGE('',*,*,#3929,.T.);
#5457=ORIENTED_EDGE('',*,*,#3941,.F.);
#5458=ORIENTED_EDGE('',*,*,#3942,.T.);
#5459=ORIENTED_EDGE('',*,*,#3943,.T.);
#5460=ORIENTED_EDGE('',*,*,#3944,.F.);
#5461=ORIENTED_EDGE('',*,*,#3945,.F.);
#5462=ORIENTED_EDGE('',*,*,#3946,.T.);
#5463=ORIENTED_EDGE('',*,*,#3947,.T.);
#5464=ORIENTED_EDGE('',*,*,#3942,.F.);
#5465=ORIENTED_EDGE('',*,*,#3948,.F.);
#5466=ORIENTED_EDGE('',*,*,#3949,.T.);
#5467=ORIENTED_EDGE('',*,*,#3950,.T.);
#5468=ORIENTED_EDGE('',*,*,#3946,.F.);
#5469=ORIENTED_EDGE('',*,*,#3951,.F.);
#5470=ORIENTED_EDGE('',*,*,#3944,.T.);
#5471=ORIENTED_EDGE('',*,*,#3952,.T.);
#5472=ORIENTED_EDGE('',*,*,#3949,.F.);
#5473=ORIENTED_EDGE('',*,*,#3952,.F.);
#5474=ORIENTED_EDGE('',*,*,#3943,.F.);
#5475=ORIENTED_EDGE('',*,*,#3947,.F.);
#5476=ORIENTED_EDGE('',*,*,#3950,.F.);
#5477=ORIENTED_EDGE('',*,*,#3951,.T.);
#5478=ORIENTED_EDGE('',*,*,#3948,.T.);
#5479=ORIENTED_EDGE('',*,*,#3945,.T.);
#5480=ORIENTED_EDGE('',*,*,#3941,.T.);
#5481=ORIENTED_EDGE('',*,*,#3953,.T.);
#5482=ORIENTED_EDGE('',*,*,#3954,.T.);
#5483=ORIENTED_EDGE('',*,*,#3955,.T.);
#5484=ORIENTED_EDGE('',*,*,#3956,.F.);
#5485=ORIENTED_EDGE('',*,*,#3957,.T.);
#5486=ORIENTED_EDGE('',*,*,#3958,.T.);
#5487=ORIENTED_EDGE('',*,*,#3959,.T.);
#5488=ORIENTED_EDGE('',*,*,#3954,.F.);
#5489=ORIENTED_EDGE('',*,*,#3960,.T.);
#5490=ORIENTED_EDGE('',*,*,#3961,.T.);
#5491=ORIENTED_EDGE('',*,*,#3962,.T.);
#5492=ORIENTED_EDGE('',*,*,#3958,.F.);
#5493=ORIENTED_EDGE('',*,*,#3963,.T.);
#5494=ORIENTED_EDGE('',*,*,#3956,.T.);
#5495=ORIENTED_EDGE('',*,*,#3964,.T.);
#5496=ORIENTED_EDGE('',*,*,#3961,.F.);
#5497=ORIENTED_EDGE('',*,*,#3964,.F.);
#5498=ORIENTED_EDGE('',*,*,#3955,.F.);
#5499=ORIENTED_EDGE('',*,*,#3959,.F.);
#5500=ORIENTED_EDGE('',*,*,#3962,.F.);
#5501=ORIENTED_EDGE('',*,*,#3963,.F.);
#5502=ORIENTED_EDGE('',*,*,#3960,.F.);
#5503=ORIENTED_EDGE('',*,*,#3957,.F.);
#5504=ORIENTED_EDGE('',*,*,#3953,.F.);
#5505=ORIENTED_EDGE('',*,*,#3965,.T.);
#5506=ORIENTED_EDGE('',*,*,#3966,.T.);
#5507=ORIENTED_EDGE('',*,*,#3967,.T.);
#5508=ORIENTED_EDGE('',*,*,#3968,.F.);
#5509=ORIENTED_EDGE('',*,*,#3969,.T.);
#5510=ORIENTED_EDGE('',*,*,#3970,.T.);
#5511=ORIENTED_EDGE('',*,*,#3971,.T.);
#5512=ORIENTED_EDGE('',*,*,#3966,.F.);
#5513=ORIENTED_EDGE('',*,*,#3972,.T.);
#5514=ORIENTED_EDGE('',*,*,#3973,.T.);
#5515=ORIENTED_EDGE('',*,*,#3974,.T.);
#5516=ORIENTED_EDGE('',*,*,#3970,.F.);
#5517=ORIENTED_EDGE('',*,*,#3975,.T.);
#5518=ORIENTED_EDGE('',*,*,#3968,.T.);
#5519=ORIENTED_EDGE('',*,*,#3976,.T.);
#5520=ORIENTED_EDGE('',*,*,#3973,.F.);
#5521=ORIENTED_EDGE('',*,*,#3976,.F.);
#5522=ORIENTED_EDGE('',*,*,#3967,.F.);
#5523=ORIENTED_EDGE('',*,*,#3971,.F.);
#5524=ORIENTED_EDGE('',*,*,#3974,.F.);
#5525=ORIENTED_EDGE('',*,*,#3975,.F.);
#5526=ORIENTED_EDGE('',*,*,#3972,.F.);
#5527=ORIENTED_EDGE('',*,*,#3969,.F.);
#5528=ORIENTED_EDGE('',*,*,#3965,.F.);
#5529=ORIENTED_EDGE('',*,*,#3977,.F.);
#5530=ORIENTED_EDGE('',*,*,#3978,.F.);
#5531=ORIENTED_EDGE('',*,*,#3979,.F.);
#5532=ORIENTED_EDGE('',*,*,#3980,.F.);
#5533=ORIENTED_EDGE('',*,*,#3981,.F.);
#5534=ORIENTED_EDGE('',*,*,#3982,.T.);
#5535=ORIENTED_EDGE('',*,*,#3978,.T.);
#5536=ORIENTED_EDGE('',*,*,#3983,.F.);
#5537=ORIENTED_EDGE('',*,*,#3984,.F.);
#5538=ORIENTED_EDGE('',*,*,#3985,.T.);
#5539=ORIENTED_EDGE('',*,*,#3979,.T.);
#5540=ORIENTED_EDGE('',*,*,#3982,.F.);
#5541=ORIENTED_EDGE('',*,*,#3986,.F.);
#5542=ORIENTED_EDGE('',*,*,#3987,.T.);
#5543=ORIENTED_EDGE('',*,*,#3980,.T.);
#5544=ORIENTED_EDGE('',*,*,#3985,.F.);
#5545=ORIENTED_EDGE('',*,*,#3988,.F.);
#5546=ORIENTED_EDGE('',*,*,#3983,.T.);
#5547=ORIENTED_EDGE('',*,*,#3977,.T.);
#5548=ORIENTED_EDGE('',*,*,#3987,.F.);
#5549=ORIENTED_EDGE('',*,*,#3988,.T.);
#5550=ORIENTED_EDGE('',*,*,#3986,.T.);
#5551=ORIENTED_EDGE('',*,*,#3984,.T.);
#5552=ORIENTED_EDGE('',*,*,#3981,.T.);
#5553=ORIENTED_EDGE('',*,*,#3989,.T.);
#5554=ORIENTED_EDGE('',*,*,#3990,.T.);
#5555=ORIENTED_EDGE('',*,*,#3991,.T.);
#5556=ORIENTED_EDGE('',*,*,#3992,.T.);
#5557=ORIENTED_EDGE('',*,*,#3993,.T.);
#5558=ORIENTED_EDGE('',*,*,#3994,.T.);
#5559=ORIENTED_EDGE('',*,*,#3992,.F.);
#5560=ORIENTED_EDGE('',*,*,#3995,.F.);
#5561=ORIENTED_EDGE('',*,*,#3996,.T.);
#5562=ORIENTED_EDGE('',*,*,#3995,.T.);
#5563=ORIENTED_EDGE('',*,*,#3991,.F.);
#5564=ORIENTED_EDGE('',*,*,#3997,.F.);
#5565=ORIENTED_EDGE('',*,*,#3998,.T.);
#5566=ORIENTED_EDGE('',*,*,#3997,.T.);
#5567=ORIENTED_EDGE('',*,*,#3990,.F.);
#5568=ORIENTED_EDGE('',*,*,#3999,.F.);
#5569=ORIENTED_EDGE('',*,*,#4000,.T.);
#5570=ORIENTED_EDGE('',*,*,#3999,.T.);
#5571=ORIENTED_EDGE('',*,*,#3989,.F.);
#5572=ORIENTED_EDGE('',*,*,#3994,.F.);
#5573=ORIENTED_EDGE('',*,*,#4000,.F.);
#5574=ORIENTED_EDGE('',*,*,#3993,.F.);
#5575=ORIENTED_EDGE('',*,*,#3996,.F.);
#5576=ORIENTED_EDGE('',*,*,#3998,.F.);
#5577=ORIENTED_EDGE('',*,*,#4001,.F.);
#5578=ORIENTED_EDGE('',*,*,#4002,.T.);
#5579=ORIENTED_EDGE('',*,*,#4003,.F.);
#5580=ORIENTED_EDGE('',*,*,#4004,.F.);
#5581=ORIENTED_EDGE('',*,*,#4005,.F.);
#5582=ORIENTED_EDGE('',*,*,#4004,.T.);
#5583=ORIENTED_EDGE('',*,*,#4006,.F.);
#5584=ORIENTED_EDGE('',*,*,#4007,.F.);
#5585=ORIENTED_EDGE('',*,*,#4008,.F.);
#5586=ORIENTED_EDGE('',*,*,#4007,.T.);
#5587=ORIENTED_EDGE('',*,*,#4009,.F.);
#5588=ORIENTED_EDGE('',*,*,#4010,.F.);
#5589=ORIENTED_EDGE('',*,*,#4011,.F.);
#5590=ORIENTED_EDGE('',*,*,#4010,.T.);
#5591=ORIENTED_EDGE('',*,*,#4012,.F.);
#5592=ORIENTED_EDGE('',*,*,#4002,.F.);
#5593=ORIENTED_EDGE('',*,*,#4012,.T.);
#5594=ORIENTED_EDGE('',*,*,#4009,.T.);
#5595=ORIENTED_EDGE('',*,*,#4006,.T.);
#5596=ORIENTED_EDGE('',*,*,#4003,.T.);
#5597=ORIENTED_EDGE('',*,*,#4011,.T.);
#5598=ORIENTED_EDGE('',*,*,#4001,.T.);
#5599=ORIENTED_EDGE('',*,*,#4005,.T.);
#5600=ORIENTED_EDGE('',*,*,#4008,.T.);
#5601=ORIENTED_EDGE('',*,*,#4013,.F.);
#5602=ORIENTED_EDGE('',*,*,#4014,.T.);
#5603=ORIENTED_EDGE('',*,*,#4015,.T.);
#5604=ORIENTED_EDGE('',*,*,#4016,.F.);
#5605=ORIENTED_EDGE('',*,*,#4017,.F.);
#5606=ORIENTED_EDGE('',*,*,#4018,.T.);
#5607=ORIENTED_EDGE('',*,*,#4019,.T.);
#5608=ORIENTED_EDGE('',*,*,#4014,.F.);
#5609=ORIENTED_EDGE('',*,*,#4020,.F.);
#5610=ORIENTED_EDGE('',*,*,#4021,.T.);
#5611=ORIENTED_EDGE('',*,*,#4022,.T.);
#5612=ORIENTED_EDGE('',*,*,#4018,.F.);
#5613=ORIENTED_EDGE('',*,*,#4023,.F.);
#5614=ORIENTED_EDGE('',*,*,#4016,.T.);
#5615=ORIENTED_EDGE('',*,*,#4024,.T.);
#5616=ORIENTED_EDGE('',*,*,#4021,.F.);
#5617=ORIENTED_EDGE('',*,*,#4024,.F.);
#5618=ORIENTED_EDGE('',*,*,#4015,.F.);
#5619=ORIENTED_EDGE('',*,*,#4019,.F.);
#5620=ORIENTED_EDGE('',*,*,#4022,.F.);
#5621=ORIENTED_EDGE('',*,*,#4023,.T.);
#5622=ORIENTED_EDGE('',*,*,#4020,.T.);
#5623=ORIENTED_EDGE('',*,*,#4017,.T.);
#5624=ORIENTED_EDGE('',*,*,#4013,.T.);
#5625=ORIENTED_EDGE('',*,*,#4025,.T.);
#5626=ORIENTED_EDGE('',*,*,#4026,.T.);
#5627=ORIENTED_EDGE('',*,*,#4027,.F.);
#5628=ORIENTED_EDGE('',*,*,#4028,.F.);
#5629=ORIENTED_EDGE('',*,*,#4029,.T.);
#5630=ORIENTED_EDGE('',*,*,#4028,.T.);
#5631=ORIENTED_EDGE('',*,*,#4030,.F.);
#5632=ORIENTED_EDGE('',*,*,#4031,.F.);
#5633=ORIENTED_EDGE('',*,*,#4032,.T.);
#5634=ORIENTED_EDGE('',*,*,#4031,.T.);
#5635=ORIENTED_EDGE('',*,*,#4033,.F.);
#5636=ORIENTED_EDGE('',*,*,#4034,.F.);
#5637=ORIENTED_EDGE('',*,*,#4035,.T.);
#5638=ORIENTED_EDGE('',*,*,#4034,.T.);
#5639=ORIENTED_EDGE('',*,*,#4036,.F.);
#5640=ORIENTED_EDGE('',*,*,#4026,.F.);
#5641=ORIENTED_EDGE('',*,*,#4036,.T.);
#5642=ORIENTED_EDGE('',*,*,#4033,.T.);
#5643=ORIENTED_EDGE('',*,*,#4030,.T.);
#5644=ORIENTED_EDGE('',*,*,#4027,.T.);
#5645=ORIENTED_EDGE('',*,*,#4035,.F.);
#5646=ORIENTED_EDGE('',*,*,#4025,.F.);
#5647=ORIENTED_EDGE('',*,*,#4029,.F.);
#5648=ORIENTED_EDGE('',*,*,#4032,.F.);
#5649=ORIENTED_EDGE('',*,*,#4037,.F.);
#5650=ORIENTED_EDGE('',*,*,#4038,.F.);
#5651=ORIENTED_EDGE('',*,*,#4039,.F.);
#5652=ORIENTED_EDGE('',*,*,#4040,.F.);
#5653=ORIENTED_EDGE('',*,*,#4041,.T.);
#5654=ORIENTED_EDGE('',*,*,#4040,.T.);
#5655=ORIENTED_EDGE('',*,*,#4042,.F.);
#5656=ORIENTED_EDGE('',*,*,#4043,.F.);
#5657=ORIENTED_EDGE('',*,*,#4044,.F.);
#5658=ORIENTED_EDGE('',*,*,#4045,.T.);
#5659=ORIENTED_EDGE('',*,*,#4046,.T.);
#5660=ORIENTED_EDGE('',*,*,#4038,.T.);
#5661=ORIENTED_EDGE('',*,*,#4047,.F.);
#5662=ORIENTED_EDGE('',*,*,#4043,.T.);
#5663=ORIENTED_EDGE('',*,*,#4048,.T.);
#5664=ORIENTED_EDGE('',*,*,#4045,.F.);
#5665=ORIENTED_EDGE('',*,*,#4048,.F.);
#5666=ORIENTED_EDGE('',*,*,#4042,.T.);
#5667=ORIENTED_EDGE('',*,*,#4039,.T.);
#5668=ORIENTED_EDGE('',*,*,#4046,.F.);
#5669=ORIENTED_EDGE('',*,*,#4047,.T.);
#5670=ORIENTED_EDGE('',*,*,#4044,.T.);
#5671=ORIENTED_EDGE('',*,*,#4037,.T.);
#5672=ORIENTED_EDGE('',*,*,#4041,.F.);
#5673=ORIENTED_EDGE('',*,*,#4049,.T.);
#5674=ORIENTED_EDGE('',*,*,#4050,.T.);
#5675=ORIENTED_EDGE('',*,*,#4051,.T.);
#5676=ORIENTED_EDGE('',*,*,#4052,.T.);
#5677=ORIENTED_EDGE('',*,*,#4053,.F.);
#5678=ORIENTED_EDGE('',*,*,#4054,.T.);
#5679=ORIENTED_EDGE('',*,*,#4055,.T.);
#5680=ORIENTED_EDGE('',*,*,#4050,.F.);
#5681=ORIENTED_EDGE('',*,*,#4056,.T.);
#5682=ORIENTED_EDGE('',*,*,#4052,.F.);
#5683=ORIENTED_EDGE('',*,*,#4057,.F.);
#5684=ORIENTED_EDGE('',*,*,#4058,.F.);
#5685=ORIENTED_EDGE('',*,*,#4059,.T.);
#5686=ORIENTED_EDGE('',*,*,#4058,.T.);
#5687=ORIENTED_EDGE('',*,*,#4060,.F.);
#5688=ORIENTED_EDGE('',*,*,#4054,.F.);
#5689=ORIENTED_EDGE('',*,*,#4060,.T.);
#5690=ORIENTED_EDGE('',*,*,#4057,.T.);
#5691=ORIENTED_EDGE('',*,*,#4051,.F.);
#5692=ORIENTED_EDGE('',*,*,#4055,.F.);
#5693=ORIENTED_EDGE('',*,*,#4059,.F.);
#5694=ORIENTED_EDGE('',*,*,#4053,.T.);
#5695=ORIENTED_EDGE('',*,*,#4049,.F.);
#5696=ORIENTED_EDGE('',*,*,#4056,.F.);
#5697=PLANE('',#6861);
#5698=PLANE('',#6862);
#5699=PLANE('',#6863);
#5700=PLANE('',#6867);
#5701=PLANE('',#6871);
#5702=PLANE('',#6875);
#5703=PLANE('',#6876);
#5704=PLANE('',#6877);
#5705=PLANE('',#6881);
#5706=PLANE('',#6885);
#5707=PLANE('',#6889);
#5708=PLANE('',#6890);
#5709=PLANE('',#6892);
#5710=PLANE('',#6899);
#5711=PLANE('',#6900);
#5712=PLANE('',#6901);
#5713=PLANE('',#6902);
#5714=PLANE('',#6907);
#5715=PLANE('',#6908);
#5716=PLANE('',#6909);
#5717=PLANE('',#6912);
#5718=PLANE('',#6913);
#5719=PLANE('',#6915);
#5720=PLANE('',#6916);
#5721=PLANE('',#6918);
#5722=PLANE('',#6919);
#5723=PLANE('',#6920);
#5724=PLANE('',#6925);
#5725=PLANE('',#6929);
#5726=PLANE('',#6932);
#5727=PLANE('',#6933);
#5728=PLANE('',#6934);
#5729=PLANE('',#6937);
#5730=PLANE('',#6938);
#5731=PLANE('',#6939);
#5732=PLANE('',#6940);
#5733=PLANE('',#6943);
#5734=PLANE('',#6945);
#5735=PLANE('',#6947);
#5736=PLANE('',#6948);
#5737=PLANE('',#6950);
#5738=PLANE('',#6951);
#5739=PLANE('',#6952);
#5740=PLANE('',#6953);
#5741=PLANE('',#6954);
#5742=PLANE('',#6958);
#5743=PLANE('',#6959);
#5744=PLANE('',#6960);
#5745=PLANE('',#6964);
#5746=PLANE('',#6967);
#5747=PLANE('',#6968);
#5748=PLANE('',#6969);
#5749=PLANE('',#6972);
#5750=PLANE('',#6975);
#5751=PLANE('',#6977);
#5752=PLANE('',#6984);
#5753=PLANE('',#6985);
#5754=PLANE('',#6986);
#5755=PLANE('',#6987);
#5756=PLANE('',#6992);
#5757=PLANE('',#6993);
#5758=PLANE('',#6994);
#5759=PLANE('',#6997);
#5760=PLANE('',#6998);
#5761=PLANE('',#7000);
#5762=PLANE('',#7001);
#5763=PLANE('',#7002);
#5764=PLANE('',#7006);
#5765=PLANE('',#7010);
#5766=PLANE('',#7014);
#5767=PLANE('',#7015);
#5768=PLANE('',#7016);
#5769=PLANE('',#7020);
#5770=PLANE('',#7024);
#5771=PLANE('',#7028);
#5772=PLANE('',#7029);
#5773=PLANE('',#7031);
#5774=PLANE('',#7032);
#5775=PLANE('',#7033);
#5776=PLANE('',#7037);
#5777=PLANE('',#7041);
#5778=PLANE('',#7045);
#5779=PLANE('',#7046);
#5780=PLANE('',#7047);
#5781=PLANE('',#7051);
#5782=PLANE('',#7055);
#5783=PLANE('',#7059);
#5784=PLANE('',#7060);
#5785=PLANE('',#7062);
#5786=PLANE('',#7063);
#5787=PLANE('',#7064);
#5788=PLANE('',#7068);
#5789=PLANE('',#7072);
#5790=PLANE('',#7076);
#5791=PLANE('',#7077);
#5792=PLANE('',#7078);
#5793=PLANE('',#7082);
#5794=PLANE('',#7086);
#5795=PLANE('',#7090);
#5796=PLANE('',#7091);
#5797=PLANE('',#7106);
#5798=PLANE('',#7107);
#5799=PLANE('',#7108);
#5800=PLANE('',#7109);
#5801=PLANE('',#7110);
#5802=PLANE('',#7111);
#5803=PLANE('',#7112);
#5804=PLANE('',#7113);
#5805=PLANE('',#7114);
#5806=PLANE('',#7115);
#5807=PLANE('',#7117);
#5808=PLANE('',#7118);
#5809=PLANE('',#7119);
#5810=PLANE('',#7120);
#5811=PLANE('',#7121);
#5812=PLANE('',#7122);
#5813=PLANE('',#7123);
#5814=PLANE('',#7124);
#5815=PLANE('',#7125);
#5816=PLANE('',#7126);
#5817=PLANE('',#7131);
#5818=PLANE('',#7132);
#5819=PLANE('',#7133);
#5820=PLANE('',#7134);
#5821=PLANE('',#7135);
#5822=PLANE('',#7136);
#5823=PLANE('',#7138);
#5824=PLANE('',#7139);
#5825=PLANE('',#7140);
#5826=PLANE('',#7141);
#5827=PLANE('',#7142);
#5828=PLANE('',#7143);
#5829=PLANE('',#7145);
#5830=PLANE('',#7146);
#5831=PLANE('',#7147);
#5832=PLANE('',#7148);
#5833=PLANE('',#7149);
#5834=PLANE('',#7150);
#5835=PLANE('',#7152);
#5836=PLANE('',#7153);
#5837=PLANE('',#7154);
#5838=PLANE('',#7155);
#5839=PLANE('',#7156);
#5840=PLANE('',#7157);
#5841=PLANE('',#7159);
#5842=PLANE('',#7160);
#5843=PLANE('',#7161);
#5844=PLANE('',#7162);
#5845=PLANE('',#7163);
#5846=PLANE('',#7164);
#5847=PLANE('',#7173);
#5848=PLANE('',#7174);
#5849=PLANE('',#7175);
#5850=PLANE('',#7176);
#5851=PLANE('',#7177);
#5852=PLANE('',#7178);
#5853=PLANE('',#7180);
#5854=PLANE('',#7181);
#5855=PLANE('',#7182);
#5856=PLANE('',#7183);
#5857=PLANE('',#7184);
#5858=PLANE('',#7185);
#5859=PLANE('',#7190);
#5860=PLANE('',#7191);
#5861=PLANE('',#7192);
#5862=PLANE('',#7193);
#5863=PLANE('',#7194);
#5864=PLANE('',#7195);
#5865=PLANE('',#7196);
#5866=PLANE('',#7197);
#5867=PLANE('',#7198);
#5868=PLANE('',#7199);
#5869=PLANE('',#7201);
#5870=PLANE('',#7202);
#5871=PLANE('',#7203);
#5872=PLANE('',#7204);
#5873=PLANE('',#7205);
#5874=PLANE('',#7206);
#5875=PLANE('',#7207);
#5876=PLANE('',#7208);
#5877=PLANE('',#7209);
#5878=PLANE('',#7210);
#5879=PLANE('',#7215);
#5880=PLANE('',#7216);
#5881=PLANE('',#7217);
#5882=PLANE('',#7218);
#5883=PLANE('',#7219);
#5884=PLANE('',#7220);
#5885=PLANE('',#7222);
#5886=PLANE('',#7223);
#5887=PLANE('',#7224);
#5888=PLANE('',#7225);
#5889=PLANE('',#7226);
#5890=PLANE('',#7227);
#5891=PLANE('',#7229);
#5892=PLANE('',#7230);
#5893=PLANE('',#7231);
#5894=PLANE('',#7232);
#5895=PLANE('',#7233);
#5896=PLANE('',#7234);
#5897=PLANE('',#7236);
#5898=PLANE('',#7237);
#5899=PLANE('',#7238);
#5900=PLANE('',#7239);
#5901=PLANE('',#7240);
#5902=PLANE('',#7241);
#5903=PLANE('',#7248);
#5904=PLANE('',#7249);
#5905=PLANE('',#7250);
#5906=PLANE('',#7251);
#5907=PLANE('',#7252);
#5908=PLANE('',#7253);
#5909=PLANE('',#7255);
#5910=PLANE('',#7256);
#5911=PLANE('',#7257);
#5912=PLANE('',#7258);
#5913=PLANE('',#7259);
#5914=PLANE('',#7260);
#5915=PLANE('',#7262);
#5916=PLANE('',#7263);
#5917=PLANE('',#7264);
#5918=PLANE('',#7265);
#5919=PLANE('',#7266);
#5920=PLANE('',#7267);
#5921=PLANE('',#7269);
#5922=PLANE('',#7270);
#5923=PLANE('',#7271);
#5924=PLANE('',#7272);
#5925=PLANE('',#7273);
#5926=PLANE('',#7274);
#5927=PLANE('',#7281);
#5928=PLANE('',#7282);
#5929=PLANE('',#7283);
#5930=PLANE('',#7284);
#5931=PLANE('',#7285);
#5932=PLANE('',#7286);
#5933=PLANE('',#7288);
#5934=PLANE('',#7289);
#5935=PLANE('',#7290);
#5936=PLANE('',#7291);
#5937=PLANE('',#7292);
#5938=PLANE('',#7293);
#5939=PLANE('',#7295);
#5940=PLANE('',#7296);
#5941=PLANE('',#7297);
#5942=PLANE('',#7298);
#5943=PLANE('',#7299);
#5944=PLANE('',#7300);
#5945=PLANE('',#7302);
#5946=PLANE('',#7303);
#5947=PLANE('',#7304);
#5948=PLANE('',#7305);
#5949=PLANE('',#7306);
#5950=PLANE('',#7307);
#5951=PLANE('',#7309);
#5952=PLANE('',#7310);
#5953=PLANE('',#7311);
#5954=PLANE('',#7312);
#5955=PLANE('',#7313);
#5956=PLANE('',#7314);
#5957=PLANE('',#7316);
#5958=PLANE('',#7317);
#5959=PLANE('',#7318);
#5960=PLANE('',#7319);
#5961=PLANE('',#7320);
#5962=PLANE('',#7321);
#5963=PLANE('',#7330);
#5964=PLANE('',#7331);
#5965=PLANE('',#7332);
#5966=PLANE('',#7333);
#5967=PLANE('',#7334);
#5968=PLANE('',#7335);
#5969=PLANE('',#7337);
#5970=PLANE('',#7338);
#5971=PLANE('',#7339);
#5972=PLANE('',#7340);
#5973=PLANE('',#7341);
#5974=PLANE('',#7342);
#5975=PLANE('',#7344);
#5976=PLANE('',#7345);
#5977=PLANE('',#7346);
#5978=PLANE('',#7347);
#5979=PLANE('',#7348);
#5980=PLANE('',#7349);
#5981=PLANE('',#7351);
#5982=PLANE('',#7352);
#5983=PLANE('',#7353);
#5984=PLANE('',#7354);
#5985=PLANE('',#7355);
#5986=PLANE('',#7356);
#5987=PLANE('',#7363);
#5988=PLANE('',#7364);
#5989=PLANE('',#7365);
#5990=PLANE('',#7366);
#5991=PLANE('',#7367);
#5992=PLANE('',#7368);
#5993=PLANE('',#7370);
#5994=PLANE('',#7371);
#5995=PLANE('',#7372);
#5996=PLANE('',#7373);
#5997=PLANE('',#7374);
#5998=PLANE('',#7375);
#5999=PLANE('',#7377);
#6000=PLANE('',#7378);
#6001=PLANE('',#7379);
#6002=PLANE('',#7380);
#6003=PLANE('',#7381);
#6004=PLANE('',#7382);
#6005=PLANE('',#7384);
#6006=PLANE('',#7385);
#6007=PLANE('',#7386);
#6008=PLANE('',#7387);
#6009=PLANE('',#7388);
#6010=PLANE('',#7389);
#6011=ADVANCED_FACE('',(#523),#5697,.T.);
#6012=ADVANCED_FACE('',(#524),#5698,.T.);
#6013=ADVANCED_FACE('',(#525),#5699,.T.);
#6014=ADVANCED_FACE('',(#526),#483,.F.);
#6015=ADVANCED_FACE('',(#527),#5700,.T.);
#6016=ADVANCED_FACE('',(#528),#484,.F.);
#6017=ADVANCED_FACE('',(#529),#5701,.T.);
#6018=ADVANCED_FACE('',(#530),#485,.F.);
#6019=ADVANCED_FACE('',(#531),#5702,.T.);
#6020=ADVANCED_FACE('',(#532),#5703,.T.);
#6021=ADVANCED_FACE('',(#533),#5704,.T.);
#6022=ADVANCED_FACE('',(#534),#486,.T.);
#6023=ADVANCED_FACE('',(#535),#5705,.T.);
#6024=ADVANCED_FACE('',(#536),#487,.T.);
#6025=ADVANCED_FACE('',(#537),#5706,.T.);
#6026=ADVANCED_FACE('',(#538),#488,.T.);
#6027=ADVANCED_FACE('',(#539),#5707,.T.);
#6028=ADVANCED_FACE('',(#540),#5708,.F.);
#6029=ADVANCED_FACE('',(#541),#5709,.T.);
#6030=ADVANCED_FACE('',(#542),#489,.F.);
#6031=ADVANCED_FACE('',(#543),#5710,.T.);
#6032=ADVANCED_FACE('',(#544),#5711,.T.);
#6033=ADVANCED_FACE('',(#545),#5712,.T.);
#6034=ADVANCED_FACE('',(#546),#5713,.T.);
#6035=ADVANCED_FACE('',(#547),#490,.T.);
#6036=ADVANCED_FACE('',(#548),#491,.T.);
#6037=ADVANCED_FACE('',(#549),#5714,.T.);
#6038=ADVANCED_FACE('',(#550),#5715,.T.);
#6039=ADVANCED_FACE('',(#551),#5716,.T.);
#6040=ADVANCED_FACE('',(#552),#492,.F.);
#6041=ADVANCED_FACE('',(#553),#5717,.T.);
#6042=ADVANCED_FACE('',(#554),#5718,.T.);
#6043=ADVANCED_FACE('',(#555),#5719,.F.);
#6044=ADVANCED_FACE('',(#556),#5720,.F.);
#6045=ADVANCED_FACE('',(#557),#5721,.F.);
#6046=ADVANCED_FACE('',(#558),#5722,.F.);
#6047=ADVANCED_FACE('',(#559),#5723,.F.);
#6048=ADVANCED_FACE('',(#560),#493,.T.);
#6049=ADVANCED_FACE('',(#561),#5724,.F.);
#6050=ADVANCED_FACE('',(#562),#5725,.T.);
#6051=ADVANCED_FACE('',(#563),#494,.F.);
#6052=ADVANCED_FACE('',(#564),#5726,.T.);
#6053=ADVANCED_FACE('',(#565),#5727,.T.);
#6054=ADVANCED_FACE('',(#566),#5728,.T.);
#6055=ADVANCED_FACE('',(#567),#495,.T.);
#6056=ADVANCED_FACE('',(#568),#5729,.T.);
#6057=ADVANCED_FACE('',(#569),#5730,.T.);
#6058=ADVANCED_FACE('',(#570),#5731,.T.);
#6059=ADVANCED_FACE('',(#571),#5732,.T.);
#6060=ADVANCED_FACE('',(#572),#496,.F.);
#6061=ADVANCED_FACE('',(#573),#5733,.T.);
#6062=ADVANCED_FACE('',(#574),#5734,.F.);
#6063=ADVANCED_FACE('',(#575),#5735,.F.);
#6064=ADVANCED_FACE('',(#576),#5736,.F.);
#6065=ADVANCED_FACE('',(#577),#5737,.F.);
#6066=ADVANCED_FACE('',(#578),#5738,.F.);
#6067=ADVANCED_FACE('',(#579),#5739,.F.);
#6068=ADVANCED_FACE('',(#580),#5740,.F.);
#6069=ADVANCED_FACE('',(#581),#5741,.F.);
#6070=ADVANCED_FACE('',(#582),#497,.T.);
#6071=ADVANCED_FACE('',(#583),#5742,.F.);
#6072=ADVANCED_FACE('',(#584),#5743,.F.);
#6073=ADVANCED_FACE('',(#585),#5744,.T.);
#6074=ADVANCED_FACE('',(#586),#5745,.F.);
#6075=ADVANCED_FACE('',(#587),#498,.F.);
#6076=ADVANCED_FACE('',(#588),#5746,.F.);
#6077=ADVANCED_FACE('',(#589),#5747,.F.);
#6078=ADVANCED_FACE('',(#590),#5748,.F.);
#6079=ADVANCED_FACE('',(#591),#499,.T.);
#6080=ADVANCED_FACE('',(#592),#5749,.F.);
#6081=ADVANCED_FACE('',(#593),#500,.F.);
#6082=ADVANCED_FACE('',(#594),#5750,.F.);
#6083=ADVANCED_FACE('',(#595),#5751,.F.);
#6084=ADVANCED_FACE('',(#596),#501,.F.);
#6085=ADVANCED_FACE('',(#597),#5752,.F.);
#6086=ADVANCED_FACE('',(#598),#5753,.F.);
#6087=ADVANCED_FACE('',(#599),#5754,.F.);
#6088=ADVANCED_FACE('',(#600),#5755,.F.);
#6089=ADVANCED_FACE('',(#601),#502,.T.);
#6090=ADVANCED_FACE('',(#602),#503,.T.);
#6091=ADVANCED_FACE('',(#603),#5756,.F.);
#6092=ADVANCED_FACE('',(#604),#5757,.F.);
#6093=ADVANCED_FACE('',(#605),#5758,.F.);
#6094=ADVANCED_FACE('',(#606),#504,.F.);
#6095=ADVANCED_FACE('',(#607),#5759,.F.);
#6096=ADVANCED_FACE('',(#608),#5760,.F.);
#6097=ADVANCED_FACE('',(#609),#5761,.F.);
#6098=ADVANCED_FACE('',(#610),#5762,.F.);
#6099=ADVANCED_FACE('',(#611),#5763,.F.);
#6100=ADVANCED_FACE('',(#612),#505,.F.);
#6101=ADVANCED_FACE('',(#613),#5764,.F.);
#6102=ADVANCED_FACE('',(#614),#506,.F.);
#6103=ADVANCED_FACE('',(#615),#5765,.F.);
#6104=ADVANCED_FACE('',(#616),#507,.F.);
#6105=ADVANCED_FACE('',(#617),#5766,.F.);
#6106=ADVANCED_FACE('',(#618),#5767,.F.);
#6107=ADVANCED_FACE('',(#619),#5768,.F.);
#6108=ADVANCED_FACE('',(#620),#508,.T.);
#6109=ADVANCED_FACE('',(#621),#5769,.F.);
#6110=ADVANCED_FACE('',(#622),#509,.T.);
#6111=ADVANCED_FACE('',(#623),#5770,.F.);
#6112=ADVANCED_FACE('',(#624),#510,.T.);
#6113=ADVANCED_FACE('',(#625),#5771,.F.);
#6114=ADVANCED_FACE('',(#626),#5772,.T.);
#6115=ADVANCED_FACE('',(#627),#5773,.F.);
#6116=ADVANCED_FACE('',(#628),#5774,.F.);
#6117=ADVANCED_FACE('',(#629),#5775,.F.);
#6118=ADVANCED_FACE('',(#630),#511,.F.);
#6119=ADVANCED_FACE('',(#631),#5776,.F.);
#6120=ADVANCED_FACE('',(#632),#512,.F.);
#6121=ADVANCED_FACE('',(#633),#5777,.F.);
#6122=ADVANCED_FACE('',(#634),#513,.F.);
#6123=ADVANCED_FACE('',(#635),#5778,.F.);
#6124=ADVANCED_FACE('',(#636),#5779,.F.);
#6125=ADVANCED_FACE('',(#637),#5780,.F.);
#6126=ADVANCED_FACE('',(#638),#514,.T.);
#6127=ADVANCED_FACE('',(#639),#5781,.F.);
#6128=ADVANCED_FACE('',(#640),#515,.T.);
#6129=ADVANCED_FACE('',(#641),#5782,.F.);
#6130=ADVANCED_FACE('',(#642),#516,.T.);
#6131=ADVANCED_FACE('',(#643),#5783,.F.);
#6132=ADVANCED_FACE('',(#644),#5784,.T.);
#6133=ADVANCED_FACE('',(#645),#5785,.T.);
#6134=ADVANCED_FACE('',(#646),#5786,.T.);
#6135=ADVANCED_FACE('',(#647),#5787,.T.);
#6136=ADVANCED_FACE('',(#648),#517,.F.);
#6137=ADVANCED_FACE('',(#649),#5788,.T.);
#6138=ADVANCED_FACE('',(#650),#518,.F.);
#6139=ADVANCED_FACE('',(#651),#5789,.T.);
#6140=ADVANCED_FACE('',(#652),#519,.F.);
#6141=ADVANCED_FACE('',(#653),#5790,.T.);
#6142=ADVANCED_FACE('',(#654),#5791,.T.);
#6143=ADVANCED_FACE('',(#655),#5792,.T.);
#6144=ADVANCED_FACE('',(#656),#520,.T.);
#6145=ADVANCED_FACE('',(#657),#5793,.T.);
#6146=ADVANCED_FACE('',(#658),#521,.T.);
#6147=ADVANCED_FACE('',(#659),#5794,.T.);
#6148=ADVANCED_FACE('',(#660),#522,.T.);
#6149=ADVANCED_FACE('',(#661),#5795,.T.);
#6150=ADVANCED_FACE('',(#662),#5796,.F.);
#6151=ADVANCED_FACE('',(#663),#5797,.F.);
#6152=ADVANCED_FACE('',(#664),#5798,.F.);
#6153=ADVANCED_FACE('',(#665),#5799,.T.);
#6154=ADVANCED_FACE('',(#666),#5800,.T.);
#6155=ADVANCED_FACE('',(#667),#5801,.F.);
#6156=ADVANCED_FACE('',(#668),#5802,.F.);
#6157=ADVANCED_FACE('',(#669),#5803,.T.);
#6158=ADVANCED_FACE('',(#670),#5804,.T.);
#6159=ADVANCED_FACE('',(#671),#5805,.T.);
#6160=ADVANCED_FACE('',(#672),#5806,.F.);
#6161=ADVANCED_FACE('',(#673),#5807,.T.);
#6162=ADVANCED_FACE('',(#674),#5808,.T.);
#6163=ADVANCED_FACE('',(#675),#5809,.F.);
#6164=ADVANCED_FACE('',(#676),#5810,.F.);
#6165=ADVANCED_FACE('',(#677),#5811,.T.);
#6166=ADVANCED_FACE('',(#678),#5812,.T.);
#6167=ADVANCED_FACE('',(#679),#5813,.F.);
#6168=ADVANCED_FACE('',(#680),#5814,.F.);
#6169=ADVANCED_FACE('',(#681),#5815,.F.);
#6170=ADVANCED_FACE('',(#682),#5816,.T.);
#6171=ADVANCED_FACE('',(#683),#5817,.F.);
#6172=ADVANCED_FACE('',(#684),#5818,.F.);
#6173=ADVANCED_FACE('',(#685),#5819,.F.);
#6174=ADVANCED_FACE('',(#686),#5820,.F.);
#6175=ADVANCED_FACE('',(#687),#5821,.F.);
#6176=ADVANCED_FACE('',(#688),#5822,.T.);
#6177=ADVANCED_FACE('',(#689),#5823,.T.);
#6178=ADVANCED_FACE('',(#690),#5824,.T.);
#6179=ADVANCED_FACE('',(#691),#5825,.T.);
#6180=ADVANCED_FACE('',(#692),#5826,.T.);
#6181=ADVANCED_FACE('',(#693),#5827,.T.);
#6182=ADVANCED_FACE('',(#694),#5828,.F.);
#6183=ADVANCED_FACE('',(#695),#5829,.F.);
#6184=ADVANCED_FACE('',(#696),#5830,.F.);
#6185=ADVANCED_FACE('',(#697),#5831,.F.);
#6186=ADVANCED_FACE('',(#698),#5832,.F.);
#6187=ADVANCED_FACE('',(#699),#5833,.F.);
#6188=ADVANCED_FACE('',(#700),#5834,.T.);
#6189=ADVANCED_FACE('',(#701),#5835,.F.);
#6190=ADVANCED_FACE('',(#702),#5836,.F.);
#6191=ADVANCED_FACE('',(#703),#5837,.F.);
#6192=ADVANCED_FACE('',(#704),#5838,.F.);
#6193=ADVANCED_FACE('',(#705),#5839,.F.);
#6194=ADVANCED_FACE('',(#706),#5840,.T.);
#6195=ADVANCED_FACE('',(#707),#5841,.T.);
#6196=ADVANCED_FACE('',(#708),#5842,.T.);
#6197=ADVANCED_FACE('',(#709),#5843,.T.);
#6198=ADVANCED_FACE('',(#710),#5844,.T.);
#6199=ADVANCED_FACE('',(#711),#5845,.T.);
#6200=ADVANCED_FACE('',(#712),#5846,.F.);
#6201=ADVANCED_FACE('',(#713),#5847,.F.);
#6202=ADVANCED_FACE('',(#714),#5848,.F.);
#6203=ADVANCED_FACE('',(#715),#5849,.F.);
#6204=ADVANCED_FACE('',(#716),#5850,.F.);
#6205=ADVANCED_FACE('',(#717),#5851,.F.);
#6206=ADVANCED_FACE('',(#718),#5852,.T.);
#6207=ADVANCED_FACE('',(#719),#5853,.T.);
#6208=ADVANCED_FACE('',(#720),#5854,.T.);
#6209=ADVANCED_FACE('',(#721),#5855,.T.);
#6210=ADVANCED_FACE('',(#722),#5856,.T.);
#6211=ADVANCED_FACE('',(#723),#5857,.T.);
#6212=ADVANCED_FACE('',(#724),#5858,.F.);
#6213=ADVANCED_FACE('',(#725),#5859,.T.);
#6214=ADVANCED_FACE('',(#726),#5860,.T.);
#6215=ADVANCED_FACE('',(#727),#5861,.F.);
#6216=ADVANCED_FACE('',(#728),#5862,.F.);
#6217=ADVANCED_FACE('',(#729),#5863,.T.);
#6218=ADVANCED_FACE('',(#730),#5864,.T.);
#6219=ADVANCED_FACE('',(#731),#5865,.F.);
#6220=ADVANCED_FACE('',(#732),#5866,.F.);
#6221=ADVANCED_FACE('',(#733),#5867,.F.);
#6222=ADVANCED_FACE('',(#734),#5868,.T.);
#6223=ADVANCED_FACE('',(#735),#5869,.F.);
#6224=ADVANCED_FACE('',(#736),#5870,.F.);
#6225=ADVANCED_FACE('',(#737),#5871,.T.);
#6226=ADVANCED_FACE('',(#738),#5872,.T.);
#6227=ADVANCED_FACE('',(#739),#5873,.F.);
#6228=ADVANCED_FACE('',(#740),#5874,.F.);
#6229=ADVANCED_FACE('',(#741),#5875,.T.);
#6230=ADVANCED_FACE('',(#742),#5876,.T.);
#6231=ADVANCED_FACE('',(#743),#5877,.T.);
#6232=ADVANCED_FACE('',(#744),#5878,.F.);
#6233=ADVANCED_FACE('',(#745),#5879,.T.);
#6234=ADVANCED_FACE('',(#746),#5880,.T.);
#6235=ADVANCED_FACE('',(#747),#5881,.T.);
#6236=ADVANCED_FACE('',(#748),#5882,.T.);
#6237=ADVANCED_FACE('',(#749),#5883,.T.);
#6238=ADVANCED_FACE('',(#750),#5884,.F.);
#6239=ADVANCED_FACE('',(#751),#5885,.T.);
#6240=ADVANCED_FACE('',(#752),#5886,.T.);
#6241=ADVANCED_FACE('',(#753),#5887,.T.);
#6242=ADVANCED_FACE('',(#754),#5888,.T.);
#6243=ADVANCED_FACE('',(#755),#5889,.T.);
#6244=ADVANCED_FACE('',(#756),#5890,.F.);
#6245=ADVANCED_FACE('',(#757),#5891,.F.);
#6246=ADVANCED_FACE('',(#758),#5892,.F.);
#6247=ADVANCED_FACE('',(#759),#5893,.F.);
#6248=ADVANCED_FACE('',(#760),#5894,.F.);
#6249=ADVANCED_FACE('',(#761),#5895,.F.);
#6250=ADVANCED_FACE('',(#762),#5896,.T.);
#6251=ADVANCED_FACE('',(#763),#5897,.F.);
#6252=ADVANCED_FACE('',(#764),#5898,.F.);
#6253=ADVANCED_FACE('',(#765),#5899,.F.);
#6254=ADVANCED_FACE('',(#766),#5900,.F.);
#6255=ADVANCED_FACE('',(#767),#5901,.F.);
#6256=ADVANCED_FACE('',(#768),#5902,.T.);
#6257=ADVANCED_FACE('',(#769),#5903,.T.);
#6258=ADVANCED_FACE('',(#770),#5904,.T.);
#6259=ADVANCED_FACE('',(#771),#5905,.T.);
#6260=ADVANCED_FACE('',(#772),#5906,.T.);
#6261=ADVANCED_FACE('',(#773),#5907,.T.);
#6262=ADVANCED_FACE('',(#774),#5908,.F.);
#6263=ADVANCED_FACE('',(#775),#5909,.T.);
#6264=ADVANCED_FACE('',(#776),#5910,.T.);
#6265=ADVANCED_FACE('',(#777),#5911,.T.);
#6266=ADVANCED_FACE('',(#778),#5912,.T.);
#6267=ADVANCED_FACE('',(#779),#5913,.T.);
#6268=ADVANCED_FACE('',(#780),#5914,.F.);
#6269=ADVANCED_FACE('',(#781),#5915,.F.);
#6270=ADVANCED_FACE('',(#782),#5916,.F.);
#6271=ADVANCED_FACE('',(#783),#5917,.F.);
#6272=ADVANCED_FACE('',(#784),#5918,.F.);
#6273=ADVANCED_FACE('',(#785),#5919,.F.);
#6274=ADVANCED_FACE('',(#786),#5920,.T.);
#6275=ADVANCED_FACE('',(#787),#5921,.F.);
#6276=ADVANCED_FACE('',(#788),#5922,.F.);
#6277=ADVANCED_FACE('',(#789),#5923,.F.);
#6278=ADVANCED_FACE('',(#790),#5924,.F.);
#6279=ADVANCED_FACE('',(#791),#5925,.F.);
#6280=ADVANCED_FACE('',(#792),#5926,.T.);
#6281=ADVANCED_FACE('',(#793),#5927,.T.);
#6282=ADVANCED_FACE('',(#794),#5928,.T.);
#6283=ADVANCED_FACE('',(#795),#5929,.T.);
#6284=ADVANCED_FACE('',(#796),#5930,.T.);
#6285=ADVANCED_FACE('',(#797),#5931,.T.);
#6286=ADVANCED_FACE('',(#798),#5932,.F.);
#6287=ADVANCED_FACE('',(#799),#5933,.T.);
#6288=ADVANCED_FACE('',(#800),#5934,.T.);
#6289=ADVANCED_FACE('',(#801),#5935,.T.);
#6290=ADVANCED_FACE('',(#802),#5936,.T.);
#6291=ADVANCED_FACE('',(#803),#5937,.T.);
#6292=ADVANCED_FACE('',(#804),#5938,.F.);
#6293=ADVANCED_FACE('',(#805),#5939,.T.);
#6294=ADVANCED_FACE('',(#806),#5940,.T.);
#6295=ADVANCED_FACE('',(#807),#5941,.T.);
#6296=ADVANCED_FACE('',(#808),#5942,.T.);
#6297=ADVANCED_FACE('',(#809),#5943,.T.);
#6298=ADVANCED_FACE('',(#810),#5944,.F.);
#6299=ADVANCED_FACE('',(#811),#5945,.F.);
#6300=ADVANCED_FACE('',(#812),#5946,.F.);
#6301=ADVANCED_FACE('',(#813),#5947,.F.);
#6302=ADVANCED_FACE('',(#814),#5948,.F.);
#6303=ADVANCED_FACE('',(#815),#5949,.F.);
#6304=ADVANCED_FACE('',(#816),#5950,.T.);
#6305=ADVANCED_FACE('',(#817),#5951,.F.);
#6306=ADVANCED_FACE('',(#818),#5952,.F.);
#6307=ADVANCED_FACE('',(#819),#5953,.F.);
#6308=ADVANCED_FACE('',(#820),#5954,.F.);
#6309=ADVANCED_FACE('',(#821),#5955,.F.);
#6310=ADVANCED_FACE('',(#822),#5956,.T.);
#6311=ADVANCED_FACE('',(#823),#5957,.F.);
#6312=ADVANCED_FACE('',(#824),#5958,.F.);
#6313=ADVANCED_FACE('',(#825),#5959,.F.);
#6314=ADVANCED_FACE('',(#826),#5960,.F.);
#6315=ADVANCED_FACE('',(#827),#5961,.F.);
#6316=ADVANCED_FACE('',(#828),#5962,.T.);
#6317=ADVANCED_FACE('',(#829),#5963,.F.);
#6318=ADVANCED_FACE('',(#830),#5964,.F.);
#6319=ADVANCED_FACE('',(#831),#5965,.F.);
#6320=ADVANCED_FACE('',(#832),#5966,.F.);
#6321=ADVANCED_FACE('',(#833),#5967,.F.);
#6322=ADVANCED_FACE('',(#834),#5968,.T.);
#6323=ADVANCED_FACE('',(#835),#5969,.F.);
#6324=ADVANCED_FACE('',(#836),#5970,.F.);
#6325=ADVANCED_FACE('',(#837),#5971,.F.);
#6326=ADVANCED_FACE('',(#838),#5972,.F.);
#6327=ADVANCED_FACE('',(#839),#5973,.F.);
#6328=ADVANCED_FACE('',(#840),#5974,.T.);
#6329=ADVANCED_FACE('',(#841),#5975,.T.);
#6330=ADVANCED_FACE('',(#842),#5976,.T.);
#6331=ADVANCED_FACE('',(#843),#5977,.T.);
#6332=ADVANCED_FACE('',(#844),#5978,.T.);
#6333=ADVANCED_FACE('',(#845),#5979,.T.);
#6334=ADVANCED_FACE('',(#846),#5980,.F.);
#6335=ADVANCED_FACE('',(#847),#5981,.T.);
#6336=ADVANCED_FACE('',(#848),#5982,.T.);
#6337=ADVANCED_FACE('',(#849),#5983,.T.);
#6338=ADVANCED_FACE('',(#850),#5984,.T.);
#6339=ADVANCED_FACE('',(#851),#5985,.T.);
#6340=ADVANCED_FACE('',(#852),#5986,.F.);
#6341=ADVANCED_FACE('',(#853),#5987,.F.);
#6342=ADVANCED_FACE('',(#854),#5988,.F.);
#6343=ADVANCED_FACE('',(#855),#5989,.F.);
#6344=ADVANCED_FACE('',(#856),#5990,.F.);
#6345=ADVANCED_FACE('',(#857),#5991,.F.);
#6346=ADVANCED_FACE('',(#858),#5992,.T.);
#6347=ADVANCED_FACE('',(#859),#5993,.T.);
#6348=ADVANCED_FACE('',(#860),#5994,.T.);
#6349=ADVANCED_FACE('',(#861),#5995,.T.);
#6350=ADVANCED_FACE('',(#862),#5996,.T.);
#6351=ADVANCED_FACE('',(#863),#5997,.T.);
#6352=ADVANCED_FACE('',(#864),#5998,.F.);
#6353=ADVANCED_FACE('',(#865),#5999,.F.);
#6354=ADVANCED_FACE('',(#866),#6000,.F.);
#6355=ADVANCED_FACE('',(#867),#6001,.F.);
#6356=ADVANCED_FACE('',(#868),#6002,.F.);
#6357=ADVANCED_FACE('',(#869),#6003,.F.);
#6358=ADVANCED_FACE('',(#870),#6004,.T.);
#6359=ADVANCED_FACE('',(#871),#6005,.T.);
#6360=ADVANCED_FACE('',(#872),#6006,.T.);
#6361=ADVANCED_FACE('',(#873),#6007,.T.);
#6362=ADVANCED_FACE('',(#874),#6008,.T.);
#6363=ADVANCED_FACE('',(#875),#6009,.T.);
#6364=ADVANCED_FACE('',(#876),#6010,.F.);
#6365=CLOSED_SHELL('',(#6011,#6012,#6013,#6014,#6015,#6016,#6017,#6018,
#6019,#6020,#6021,#6022,#6023,#6024,#6025,#6026,#6027,#6028));
#6366=CLOSED_SHELL('',(#6029,#6030,#6031,#6032,#6033,#6034,#6035,#6036,
#6037,#6038,#6039,#6040,#6041,#6042));
#6367=CLOSED_SHELL('',(#6043,#6044,#6045,#6046,#6047,#6048,#6049,#6050,
#6051,#6052,#6053,#6054,#6055,#6056,#6057,#6058,#6059,#6060,#6061));
#6368=CLOSED_SHELL('',(#6062,#6063,#6064,#6065,#6066,#6067,#6068,#6069,
#6070,#6071,#6072,#6073,#6074,#6075,#6076,#6077,#6078,#6079,#6080,#6081,
#6082));
#6369=CLOSED_SHELL('',(#6083,#6084,#6085,#6086,#6087,#6088,#6089,#6090,
#6091,#6092,#6093,#6094,#6095,#6096));
#6370=CLOSED_SHELL('',(#6097,#6098,#6099,#6100,#6101,#6102,#6103,#6104,
#6105,#6106,#6107,#6108,#6109,#6110,#6111,#6112,#6113,#6114));
#6371=CLOSED_SHELL('',(#6115,#6116,#6117,#6118,#6119,#6120,#6121,#6122,
#6123,#6124,#6125,#6126,#6127,#6128,#6129,#6130,#6131,#6132));
#6372=CLOSED_SHELL('',(#6133,#6134,#6135,#6136,#6137,#6138,#6139,#6140,
#6141,#6142,#6143,#6144,#6145,#6146,#6147,#6148,#6149,#6150));
#6373=CLOSED_SHELL('',(#6151,#6152,#6153,#6154,#6155,#6156,#6157,#6158,
#6159,#6160));
#6374=CLOSED_SHELL('',(#6161,#6162,#6163,#6164,#6165,#6166,#6167,#6168,
#6169,#6170));
#6375=CLOSED_SHELL('',(#6171,#6172,#6173,#6174,#6175,#6176));
#6376=CLOSED_SHELL('',(#6177,#6178,#6179,#6180,#6181,#6182));
#6377=CLOSED_SHELL('',(#6183,#6184,#6185,#6186,#6187,#6188));
#6378=CLOSED_SHELL('',(#6189,#6190,#6191,#6192,#6193,#6194));
#6379=CLOSED_SHELL('',(#6195,#6196,#6197,#6198,#6199,#6200));
#6380=CLOSED_SHELL('',(#6201,#6202,#6203,#6204,#6205,#6206));
#6381=CLOSED_SHELL('',(#6207,#6208,#6209,#6210,#6211,#6212));
#6382=CLOSED_SHELL('',(#6213,#6214,#6215,#6216,#6217,#6218,#6219,#6220,
#6221,#6222));
#6383=CLOSED_SHELL('',(#6223,#6224,#6225,#6226,#6227,#6228,#6229,#6230,
#6231,#6232));
#6384=CLOSED_SHELL('',(#6233,#6234,#6235,#6236,#6237,#6238));
#6385=CLOSED_SHELL('',(#6239,#6240,#6241,#6242,#6243,#6244));
#6386=CLOSED_SHELL('',(#6245,#6246,#6247,#6248,#6249,#6250));
#6387=CLOSED_SHELL('',(#6251,#6252,#6253,#6254,#6255,#6256));
#6388=CLOSED_SHELL('',(#6257,#6258,#6259,#6260,#6261,#6262));
#6389=CLOSED_SHELL('',(#6263,#6264,#6265,#6266,#6267,#6268));
#6390=CLOSED_SHELL('',(#6269,#6270,#6271,#6272,#6273,#6274));
#6391=CLOSED_SHELL('',(#6275,#6276,#6277,#6278,#6279,#6280));
#6392=CLOSED_SHELL('',(#6281,#6282,#6283,#6284,#6285,#6286));
#6393=CLOSED_SHELL('',(#6287,#6288,#6289,#6290,#6291,#6292));
#6394=CLOSED_SHELL('',(#6293,#6294,#6295,#6296,#6297,#6298));
#6395=CLOSED_SHELL('',(#6299,#6300,#6301,#6302,#6303,#6304));
#6396=CLOSED_SHELL('',(#6305,#6306,#6307,#6308,#6309,#6310));
#6397=CLOSED_SHELL('',(#6311,#6312,#6313,#6314,#6315,#6316));
#6398=CLOSED_SHELL('',(#6317,#6318,#6319,#6320,#6321,#6322));
#6399=CLOSED_SHELL('',(#6323,#6324,#6325,#6326,#6327,#6328));
#6400=CLOSED_SHELL('',(#6329,#6330,#6331,#6332,#6333,#6334));
#6401=CLOSED_SHELL('',(#6335,#6336,#6337,#6338,#6339,#6340));
#6402=CLOSED_SHELL('',(#6341,#6342,#6343,#6344,#6345,#6346));
#6403=CLOSED_SHELL('',(#6347,#6348,#6349,#6350,#6351,#6352));
#6404=CLOSED_SHELL('',(#6353,#6354,#6355,#6356,#6357,#6358));
#6405=CLOSED_SHELL('',(#6359,#6360,#6361,#6362,#6363,#6364));
#6406=DERIVED_UNIT_ELEMENT(#6488,1.);
#6407=DERIVED_UNIT_ELEMENT(#11161,-3.);
#6408=DERIVED_UNIT_ELEMENT(#6488,1.);
#6409=DERIVED_UNIT_ELEMENT(#11161,-3.);
#6410=DERIVED_UNIT_ELEMENT(#6488,1.);
#6411=DERIVED_UNIT_ELEMENT(#11161,-3.);
#6412=DERIVED_UNIT_ELEMENT(#6488,1.);
#6413=DERIVED_UNIT_ELEMENT(#11161,-3.);
#6414=DERIVED_UNIT_ELEMENT(#6488,1.);
#6415=DERIVED_UNIT_ELEMENT(#11161,-3.);
#6416=DERIVED_UNIT_ELEMENT(#6488,1.);
#6417=DERIVED_UNIT_ELEMENT(#11161,-3.);
#6418=DERIVED_UNIT_ELEMENT(#6488,1.);
#6419=DERIVED_UNIT_ELEMENT(#11161,-3.);
#6420=DERIVED_UNIT_ELEMENT(#6488,1.);
#6421=DERIVED_UNIT_ELEMENT(#11161,-3.);
#6422=DERIVED_UNIT_ELEMENT(#6488,1.);
#6423=DERIVED_UNIT_ELEMENT(#11161,-3.);
#6424=DERIVED_UNIT_ELEMENT(#6488,1.);
#6425=DERIVED_UNIT_ELEMENT(#11161,-3.);
#6426=DERIVED_UNIT_ELEMENT(#6488,1.);
#6427=DERIVED_UNIT_ELEMENT(#11161,-3.);
#6428=DERIVED_UNIT_ELEMENT(#6488,1.);
#6429=DERIVED_UNIT_ELEMENT(#11161,-3.);
#6430=DERIVED_UNIT_ELEMENT(#6488,1.);
#6431=DERIVED_UNIT_ELEMENT(#11161,-3.);
#6432=DERIVED_UNIT_ELEMENT(#6488,1.);
#6433=DERIVED_UNIT_ELEMENT(#11161,-3.);
#6434=DERIVED_UNIT_ELEMENT(#6488,1.);
#6435=DERIVED_UNIT_ELEMENT(#11161,-3.);
#6436=DERIVED_UNIT_ELEMENT(#6488,1.);
#6437=DERIVED_UNIT_ELEMENT(#11161,-3.);
#6438=DERIVED_UNIT_ELEMENT(#6488,1.);
#6439=DERIVED_UNIT_ELEMENT(#11161,-3.);
#6440=DERIVED_UNIT_ELEMENT(#6488,1.);
#6441=DERIVED_UNIT_ELEMENT(#11161,-3.);
#6442=DERIVED_UNIT_ELEMENT(#6488,1.);
#6443=DERIVED_UNIT_ELEMENT(#11161,-3.);
#6444=DERIVED_UNIT_ELEMENT(#6488,1.);
#6445=DERIVED_UNIT_ELEMENT(#11161,-3.);
#6446=DERIVED_UNIT_ELEMENT(#6488,1.);
#6447=DERIVED_UNIT_ELEMENT(#11161,-3.);
#6448=DERIVED_UNIT_ELEMENT(#6488,1.);
#6449=DERIVED_UNIT_ELEMENT(#11161,-3.);
#6450=DERIVED_UNIT_ELEMENT(#6488,1.);
#6451=DERIVED_UNIT_ELEMENT(#11161,-3.);
#6452=DERIVED_UNIT_ELEMENT(#6488,1.);
#6453=DERIVED_UNIT_ELEMENT(#11161,-3.);
#6454=DERIVED_UNIT_ELEMENT(#6488,1.);
#6455=DERIVED_UNIT_ELEMENT(#11161,-3.);
#6456=DERIVED_UNIT_ELEMENT(#6488,1.);
#6457=DERIVED_UNIT_ELEMENT(#11161,-3.);
#6458=DERIVED_UNIT_ELEMENT(#6488,1.);
#6459=DERIVED_UNIT_ELEMENT(#11161,-3.);
#6460=DERIVED_UNIT_ELEMENT(#6488,1.);
#6461=DERIVED_UNIT_ELEMENT(#11161,-3.);
#6462=DERIVED_UNIT_ELEMENT(#6488,1.);
#6463=DERIVED_UNIT_ELEMENT(#11161,-3.);
#6464=DERIVED_UNIT_ELEMENT(#6488,1.);
#6465=DERIVED_UNIT_ELEMENT(#11161,-3.);
#6466=DERIVED_UNIT_ELEMENT(#6488,1.);
#6467=DERIVED_UNIT_ELEMENT(#11161,-3.);
#6468=DERIVED_UNIT_ELEMENT(#6488,1.);
#6469=DERIVED_UNIT_ELEMENT(#11161,-3.);
#6470=DERIVED_UNIT_ELEMENT(#6488,1.);
#6471=DERIVED_UNIT_ELEMENT(#11161,-3.);
#6472=DERIVED_UNIT_ELEMENT(#6488,1.);
#6473=DERIVED_UNIT_ELEMENT(#11161,-3.);
#6474=DERIVED_UNIT_ELEMENT(#6488,1.);
#6475=DERIVED_UNIT_ELEMENT(#11161,-3.);
#6476=DERIVED_UNIT_ELEMENT(#6488,1.);
#6477=DERIVED_UNIT_ELEMENT(#11161,-3.);
#6478=DERIVED_UNIT_ELEMENT(#6488,1.);
#6479=DERIVED_UNIT_ELEMENT(#11161,-3.);
#6480=DERIVED_UNIT_ELEMENT(#6488,1.);
#6481=DERIVED_UNIT_ELEMENT(#11161,-3.);
#6482=DERIVED_UNIT_ELEMENT(#6488,1.);
#6483=DERIVED_UNIT_ELEMENT(#11161,-3.);
#6484=DERIVED_UNIT_ELEMENT(#6488,1.);
#6485=DERIVED_UNIT_ELEMENT(#11161,-3.);
#6486=DERIVED_UNIT_ELEMENT(#6488,1.);
#6487=DERIVED_UNIT_ELEMENT(#11161,-3.);
#6488=(
MASS_UNIT()
NAMED_UNIT(*)
SI_UNIT(.KILO.,.GRAM.)
);
#6489=DERIVED_UNIT((#6406,#6407));
#6490=DERIVED_UNIT((#6408,#6409));
#6491=DERIVED_UNIT((#6410,#6411));
#6492=DERIVED_UNIT((#6412,#6413));
#6493=DERIVED_UNIT((#6414,#6415));
#6494=DERIVED_UNIT((#6416,#6417));
#6495=DERIVED_UNIT((#6418,#6419));
#6496=DERIVED_UNIT((#6420,#6421));
#6497=DERIVED_UNIT((#6422,#6423));
#6498=DERIVED_UNIT((#6424,#6425));
#6499=DERIVED_UNIT((#6426,#6427));
#6500=DERIVED_UNIT((#6428,#6429));
#6501=DERIVED_UNIT((#6430,#6431));
#6502=DERIVED_UNIT((#6432,#6433));
#6503=DERIVED_UNIT((#6434,#6435));
#6504=DERIVED_UNIT((#6436,#6437));
#6505=DERIVED_UNIT((#6438,#6439));
#6506=DERIVED_UNIT((#6440,#6441));
#6507=DERIVED_UNIT((#6442,#6443));
#6508=DERIVED_UNIT((#6444,#6445));
#6509=DERIVED_UNIT((#6446,#6447));
#6510=DERIVED_UNIT((#6448,#6449));
#6511=DERIVED_UNIT((#6450,#6451));
#6512=DERIVED_UNIT((#6452,#6453));
#6513=DERIVED_UNIT((#6454,#6455));
#6514=DERIVED_UNIT((#6456,#6457));
#6515=DERIVED_UNIT((#6458,#6459));
#6516=DERIVED_UNIT((#6460,#6461));
#6517=DERIVED_UNIT((#6462,#6463));
#6518=DERIVED_UNIT((#6464,#6465));
#6519=DERIVED_UNIT((#6466,#6467));
#6520=DERIVED_UNIT((#6468,#6469));
#6521=DERIVED_UNIT((#6470,#6471));
#6522=DERIVED_UNIT((#6472,#6473));
#6523=DERIVED_UNIT((#6474,#6475));
#6524=DERIVED_UNIT((#6476,#6477));
#6525=DERIVED_UNIT((#6478,#6479));
#6526=DERIVED_UNIT((#6480,#6481));
#6527=DERIVED_UNIT((#6482,#6483));
#6528=DERIVED_UNIT((#6484,#6485));
#6529=DERIVED_UNIT((#6486,#6487));
#6530=MEASURE_REPRESENTATION_ITEM('density measure',
POSITIVE_RATIO_MEASURE(7850.),#6489);
#6531=MEASURE_REPRESENTATION_ITEM('density measure',
POSITIVE_RATIO_MEASURE(7850.),#6490);
#6532=MEASURE_REPRESENTATION_ITEM('density measure',
POSITIVE_RATIO_MEASURE(7850.),#6491);
#6533=MEASURE_REPRESENTATION_ITEM('density measure',
POSITIVE_RATIO_MEASURE(7850.),#6492);
#6534=MEASURE_REPRESENTATION_ITEM('density measure',
POSITIVE_RATIO_MEASURE(7850.),#6493);
#6535=MEASURE_REPRESENTATION_ITEM('density measure',
POSITIVE_RATIO_MEASURE(7850.),#6494);
#6536=MEASURE_REPRESENTATION_ITEM('density measure',
POSITIVE_RATIO_MEASURE(7850.),#6495);
#6537=MEASURE_REPRESENTATION_ITEM('density measure',
POSITIVE_RATIO_MEASURE(7850.),#6496);
#6538=MEASURE_REPRESENTATION_ITEM('density measure',
POSITIVE_RATIO_MEASURE(480.),#6497);
#6539=MEASURE_REPRESENTATION_ITEM('density measure',
POSITIVE_RATIO_MEASURE(480.),#6498);
#6540=MEASURE_REPRESENTATION_ITEM('density measure',
POSITIVE_RATIO_MEASURE(480.),#6499);
#6541=MEASURE_REPRESENTATION_ITEM('density measure',
POSITIVE_RATIO_MEASURE(480.),#6500);
#6542=MEASURE_REPRESENTATION_ITEM('density measure',
POSITIVE_RATIO_MEASURE(480.),#6501);
#6543=MEASURE_REPRESENTATION_ITEM('density measure',
POSITIVE_RATIO_MEASURE(480.),#6502);
#6544=MEASURE_REPRESENTATION_ITEM('density measure',
POSITIVE_RATIO_MEASURE(480.),#6503);
#6545=MEASURE_REPRESENTATION_ITEM('density measure',
POSITIVE_RATIO_MEASURE(7850.),#6504);
#6546=MEASURE_REPRESENTATION_ITEM('density measure',
POSITIVE_RATIO_MEASURE(7850.),#6505);
#6547=MEASURE_REPRESENTATION_ITEM('density measure',
POSITIVE_RATIO_MEASURE(7850.),#6506);
#6548=MEASURE_REPRESENTATION_ITEM('density measure',
POSITIVE_RATIO_MEASURE(7850.),#6507);
#6549=MEASURE_REPRESENTATION_ITEM('density measure',
POSITIVE_RATIO_MEASURE(7850.),#6508);
#6550=MEASURE_REPRESENTATION_ITEM('density measure',
POSITIVE_RATIO_MEASURE(7850.),#6509);
#6551=MEASURE_REPRESENTATION_ITEM('density measure',
POSITIVE_RATIO_MEASURE(7850.),#6510);
#6552=MEASURE_REPRESENTATION_ITEM('density measure',
POSITIVE_RATIO_MEASURE(7850.),#6511);
#6553=MEASURE_REPRESENTATION_ITEM('density measure',
POSITIVE_RATIO_MEASURE(7850.),#6512);
#6554=MEASURE_REPRESENTATION_ITEM('density measure',
POSITIVE_RATIO_MEASURE(7850.),#6513);
#6555=MEASURE_REPRESENTATION_ITEM('density measure',
POSITIVE_RATIO_MEASURE(7850.),#6514);
#6556=MEASURE_REPRESENTATION_ITEM('density measure',
POSITIVE_RATIO_MEASURE(7850.),#6515);
#6557=MEASURE_REPRESENTATION_ITEM('density measure',
POSITIVE_RATIO_MEASURE(7850.),#6516);
#6558=MEASURE_REPRESENTATION_ITEM('density measure',
POSITIVE_RATIO_MEASURE(7850.),#6517);
#6559=MEASURE_REPRESENTATION_ITEM('density measure',
POSITIVE_RATIO_MEASURE(7850.),#6518);
#6560=MEASURE_REPRESENTATION_ITEM('density measure',
POSITIVE_RATIO_MEASURE(7850.),#6519);
#6561=MEASURE_REPRESENTATION_ITEM('density measure',
POSITIVE_RATIO_MEASURE(7850.),#6520);
#6562=MEASURE_REPRESENTATION_ITEM('density measure',
POSITIVE_RATIO_MEASURE(7850.),#6521);
#6563=MEASURE_REPRESENTATION_ITEM('density measure',
POSITIVE_RATIO_MEASURE(7850.),#6522);
#6564=MEASURE_REPRESENTATION_ITEM('density measure',
POSITIVE_RATIO_MEASURE(7850.),#6523);
#6565=MEASURE_REPRESENTATION_ITEM('density measure',
POSITIVE_RATIO_MEASURE(7850.),#6524);
#6566=MEASURE_REPRESENTATION_ITEM('density measure',
POSITIVE_RATIO_MEASURE(7850.),#6525);
#6567=MEASURE_REPRESENTATION_ITEM('density measure',
POSITIVE_RATIO_MEASURE(7850.),#6526);
#6568=MEASURE_REPRESENTATION_ITEM('density measure',
POSITIVE_RATIO_MEASURE(7850.),#6527);
#6569=MEASURE_REPRESENTATION_ITEM('density measure',
POSITIVE_RATIO_MEASURE(7850.),#6528);
#6570=MEASURE_REPRESENTATION_ITEM('density measure',
POSITIVE_RATIO_MEASURE(7850.),#6529);
#6571=PROPERTY_DEFINITION_REPRESENTATION(#6776,#6653);
#6572=PROPERTY_DEFINITION_REPRESENTATION(#6777,#6654);
#6573=PROPERTY_DEFINITION_REPRESENTATION(#6778,#6655);
#6574=PROPERTY_DEFINITION_REPRESENTATION(#6779,#6656);
#6575=PROPERTY_DEFINITION_REPRESENTATION(#6780,#6657);
#6576=PROPERTY_DEFINITION_REPRESENTATION(#6781,#6658);
#6577=PROPERTY_DEFINITION_REPRESENTATION(#6782,#6659);
#6578=PROPERTY_DEFINITION_REPRESENTATION(#6783,#6660);
#6579=PROPERTY_DEFINITION_REPRESENTATION(#6784,#6661);
#6580=PROPERTY_DEFINITION_REPRESENTATION(#6785,#6662);
#6581=PROPERTY_DEFINITION_REPRESENTATION(#6786,#6663);
#6582=PROPERTY_DEFINITION_REPRESENTATION(#6787,#6664);
#6583=PROPERTY_DEFINITION_REPRESENTATION(#6788,#6665);
#6584=PROPERTY_DEFINITION_REPRESENTATION(#6789,#6666);
#6585=PROPERTY_DEFINITION_REPRESENTATION(#6790,#6667);
#6586=PROPERTY_DEFINITION_REPRESENTATION(#6791,#6668);
#6587=PROPERTY_DEFINITION_REPRESENTATION(#6792,#6669);
#6588=PROPERTY_DEFINITION_REPRESENTATION(#6793,#6670);
#6589=PROPERTY_DEFINITION_REPRESENTATION(#6794,#6671);
#6590=PROPERTY_DEFINITION_REPRESENTATION(#6795,#6672);
#6591=PROPERTY_DEFINITION_REPRESENTATION(#6796,#6673);
#6592=PROPERTY_DEFINITION_REPRESENTATION(#6797,#6674);
#6593=PROPERTY_DEFINITION_REPRESENTATION(#6798,#6675);
#6594=PROPERTY_DEFINITION_REPRESENTATION(#6799,#6676);
#6595=PROPERTY_DEFINITION_REPRESENTATION(#6800,#6677);
#6596=PROPERTY_DEFINITION_REPRESENTATION(#6801,#6678);
#6597=PROPERTY_DEFINITION_REPRESENTATION(#6802,#6679);
#6598=PROPERTY_DEFINITION_REPRESENTATION(#6803,#6680);
#6599=PROPERTY_DEFINITION_REPRESENTATION(#6804,#6681);
#6600=PROPERTY_DEFINITION_REPRESENTATION(#6805,#6682);
#6601=PROPERTY_DEFINITION_REPRESENTATION(#6806,#6683);
#6602=PROPERTY_DEFINITION_REPRESENTATION(#6807,#6684);
#6603=PROPERTY_DEFINITION_REPRESENTATION(#6808,#6685);
#6604=PROPERTY_DEFINITION_REPRESENTATION(#6809,#6686);
#6605=PROPERTY_DEFINITION_REPRESENTATION(#6810,#6687);
#6606=PROPERTY_DEFINITION_REPRESENTATION(#6811,#6688);
#6607=PROPERTY_DEFINITION_REPRESENTATION(#6812,#6689);
#6608=PROPERTY_DEFINITION_REPRESENTATION(#6813,#6690);
#6609=PROPERTY_DEFINITION_REPRESENTATION(#6814,#6691);
#6610=PROPERTY_DEFINITION_REPRESENTATION(#6815,#6692);
#6611=PROPERTY_DEFINITION_REPRESENTATION(#6816,#6693);
#6612=PROPERTY_DEFINITION_REPRESENTATION(#6817,#6694);
#6613=PROPERTY_DEFINITION_REPRESENTATION(#6818,#6695);
#6614=PROPERTY_DEFINITION_REPRESENTATION(#6819,#6696);
#6615=PROPERTY_DEFINITION_REPRESENTATION(#6820,#6697);
#6616=PROPERTY_DEFINITION_REPRESENTATION(#6821,#6698);
#6617=PROPERTY_DEFINITION_REPRESENTATION(#6822,#6699);
#6618=PROPERTY_DEFINITION_REPRESENTATION(#6823,#6700);
#6619=PROPERTY_DEFINITION_REPRESENTATION(#6824,#6701);
#6620=PROPERTY_DEFINITION_REPRESENTATION(#6825,#6702);
#6621=PROPERTY_DEFINITION_REPRESENTATION(#6826,#6703);
#6622=PROPERTY_DEFINITION_REPRESENTATION(#6827,#6704);
#6623=PROPERTY_DEFINITION_REPRESENTATION(#6828,#6705);
#6624=PROPERTY_DEFINITION_REPRESENTATION(#6829,#6706);
#6625=PROPERTY_DEFINITION_REPRESENTATION(#6830,#6707);
#6626=PROPERTY_DEFINITION_REPRESENTATION(#6831,#6708);
#6627=PROPERTY_DEFINITION_REPRESENTATION(#6832,#6709);
#6628=PROPERTY_DEFINITION_REPRESENTATION(#6833,#6710);
#6629=PROPERTY_DEFINITION_REPRESENTATION(#6834,#6711);
#6630=PROPERTY_DEFINITION_REPRESENTATION(#6835,#6712);
#6631=PROPERTY_DEFINITION_REPRESENTATION(#6836,#6713);
#6632=PROPERTY_DEFINITION_REPRESENTATION(#6837,#6714);
#6633=PROPERTY_DEFINITION_REPRESENTATION(#6838,#6715);
#6634=PROPERTY_DEFINITION_REPRESENTATION(#6839,#6716);
#6635=PROPERTY_DEFINITION_REPRESENTATION(#6840,#6717);
#6636=PROPERTY_DEFINITION_REPRESENTATION(#6841,#6718);
#6637=PROPERTY_DEFINITION_REPRESENTATION(#6842,#6719);
#6638=PROPERTY_DEFINITION_REPRESENTATION(#6843,#6720);
#6639=PROPERTY_DEFINITION_REPRESENTATION(#6844,#6721);
#6640=PROPERTY_DEFINITION_REPRESENTATION(#6845,#6722);
#6641=PROPERTY_DEFINITION_REPRESENTATION(#6846,#6723);
#6642=PROPERTY_DEFINITION_REPRESENTATION(#6847,#6724);
#6643=PROPERTY_DEFINITION_REPRESENTATION(#6848,#6725);
#6644=PROPERTY_DEFINITION_REPRESENTATION(#6849,#6726);
#6645=PROPERTY_DEFINITION_REPRESENTATION(#6850,#6727);
#6646=PROPERTY_DEFINITION_REPRESENTATION(#6851,#6728);
#6647=PROPERTY_DEFINITION_REPRESENTATION(#6852,#6729);
#6648=PROPERTY_DEFINITION_REPRESENTATION(#6853,#6730);
#6649=PROPERTY_DEFINITION_REPRESENTATION(#6854,#6731);
#6650=PROPERTY_DEFINITION_REPRESENTATION(#6855,#6732);
#6651=PROPERTY_DEFINITION_REPRESENTATION(#6856,#6733);
#6652=PROPERTY_DEFINITION_REPRESENTATION(#6857,#6734);
#6653=REPRESENTATION('material name',(#6735),#11109);
#6654=REPRESENTATION('density',(#6530),#11109);
#6655=REPRESENTATION('material name',(#6736),#11110);
#6656=REPRESENTATION('density',(#6531),#11110);
#6657=REPRESENTATION('material name',(#6737),#11111);
#6658=REPRESENTATION('density',(#6532),#11111);
#6659=REPRESENTATION('material name',(#6738),#11112);
#6660=REPRESENTATION('density',(#6533),#11112);
#6661=REPRESENTATION('material name',(#6739),#11113);
#6662=REPRESENTATION('density',(#6534),#11113);
#6663=REPRESENTATION('material name',(#6740),#11114);
#6664=REPRESENTATION('density',(#6535),#11114);
#6665=REPRESENTATION('material name',(#6741),#11115);
#6666=REPRESENTATION('density',(#6536),#11115);
#6667=REPRESENTATION('material name',(#6742),#11116);
#6668=REPRESENTATION('density',(#6537),#11116);
#6669=REPRESENTATION('material name',(#6743),#11118);
#6670=REPRESENTATION('density',(#6538),#11118);
#6671=REPRESENTATION('material name',(#6744),#11119);
#6672=REPRESENTATION('density',(#6539),#11119);
#6673=REPRESENTATION('material name',(#6745),#11121);
#6674=REPRESENTATION('density',(#6540),#11121);
#6675=REPRESENTATION('material name',(#6746),#11122);
#6676=REPRESENTATION('density',(#6541),#11122);
#6677=REPRESENTATION('material name',(#6747),#11123);
#6678=REPRESENTATION('density',(#6542),#11123);
#6679=REPRESENTATION('material name',(#6748),#11124);
#6680=REPRESENTATION('density',(#6543),#11124);
#6681=REPRESENTATION('material name',(#6749),#11125);
#6682=REPRESENTATION('density',(#6544),#11125);
#6683=REPRESENTATION('material name',(#6750),#11127);
#6684=REPRESENTATION('density',(#6545),#11127);
#6685=REPRESENTATION('material name',(#6751),#11128);
#6686=REPRESENTATION('density',(#6546),#11128);
#6687=REPRESENTATION('material name',(#6752),#11130);
#6688=REPRESENTATION('density',(#6547),#11130);
#6689=REPRESENTATION('material name',(#6753),#11131);
#6690=REPRESENTATION('density',(#6548),#11131);
#6691=REPRESENTATION('material name',(#6754),#11133);
#6692=REPRESENTATION('density',(#6549),#11133);
#6693=REPRESENTATION('material name',(#6755),#11134);
#6694=REPRESENTATION('density',(#6550),#11134);
#6695=REPRESENTATION('material name',(#6756),#11135);
#6696=REPRESENTATION('density',(#6551),#11135);
#6697=REPRESENTATION('material name',(#6757),#11136);
#6698=REPRESENTATION('density',(#6552),#11136);
#6699=REPRESENTATION('material name',(#6758),#11138);
#6700=REPRESENTATION('density',(#6553),#11138);
#6701=REPRESENTATION('material name',(#6759),#11139);
#6702=REPRESENTATION('density',(#6554),#11139);
#6703=REPRESENTATION('material name',(#6760),#11140);
#6704=REPRESENTATION('density',(#6555),#11140);
#6705=REPRESENTATION('material name',(#6761),#11141);
#6706=REPRESENTATION('density',(#6556),#11141);
#6707=REPRESENTATION('material name',(#6762),#11143);
#6708=REPRESENTATION('density',(#6557),#11143);
#6709=REPRESENTATION('material name',(#6763),#11144);
#6710=REPRESENTATION('density',(#6558),#11144);
#6711=REPRESENTATION('material name',(#6764),#11145);
#6712=REPRESENTATION('density',(#6559),#11145);
#6713=REPRESENTATION('material name',(#6765),#11146);
#6714=REPRESENTATION('density',(#6560),#11146);
#6715=REPRESENTATION('material name',(#6766),#11147);
#6716=REPRESENTATION('density',(#6561),#11147);
#6717=REPRESENTATION('material name',(#6767),#11148);
#6718=REPRESENTATION('density',(#6562),#11148);
#6719=REPRESENTATION('material name',(#6768),#11150);
#6720=REPRESENTATION('density',(#6563),#11150);
#6721=REPRESENTATION('material name',(#6769),#11151);
#6722=REPRESENTATION('density',(#6564),#11151);
#6723=REPRESENTATION('material name',(#6770),#11152);
#6724=REPRESENTATION('density',(#6565),#11152);
#6725=REPRESENTATION('material name',(#6771),#11153);
#6726=REPRESENTATION('density',(#6566),#11153);
#6727=REPRESENTATION('material name',(#6772),#11155);
#6728=REPRESENTATION('density',(#6567),#11155);
#6729=REPRESENTATION('material name',(#6773),#11156);
#6730=REPRESENTATION('density',(#6568),#11156);
#6731=REPRESENTATION('material name',(#6774),#11157);
#6732=REPRESENTATION('density',(#6569),#11157);
#6733=REPRESENTATION('material name',(#6775),#11158);
#6734=REPRESENTATION('density',(#6570),#11158);
#6735=DESCRIPTIVE_REPRESENTATION_ITEM('Steel','Steel');
#6736=DESCRIPTIVE_REPRESENTATION_ITEM('Steel','Steel');
#6737=DESCRIPTIVE_REPRESENTATION_ITEM('Steel','Steel');
#6738=DESCRIPTIVE_REPRESENTATION_ITEM('Steel','Steel');
#6739=DESCRIPTIVE_REPRESENTATION_ITEM('Steel','Steel');
#6740=DESCRIPTIVE_REPRESENTATION_ITEM('Steel','Steel');
#6741=DESCRIPTIVE_REPRESENTATION_ITEM('Steel','Steel');
#6742=DESCRIPTIVE_REPRESENTATION_ITEM('Steel','Steel');
#6743=DESCRIPTIVE_REPRESENTATION_ITEM('Pine, Radiata','Pine, Radiata');
#6744=DESCRIPTIVE_REPRESENTATION_ITEM('Pine, Radiata','Pine, Radiata');
#6745=DESCRIPTIVE_REPRESENTATION_ITEM('Pine, Radiata','Pine, Radiata');
#6746=DESCRIPTIVE_REPRESENTATION_ITEM('Pine, Radiata','Pine, Radiata');
#6747=DESCRIPTIVE_REPRESENTATION_ITEM('Pine, Radiata','Pine, Radiata');
#6748=DESCRIPTIVE_REPRESENTATION_ITEM('Pine, Radiata','Pine, Radiata');
#6749=DESCRIPTIVE_REPRESENTATION_ITEM('Pine, Radiata','Pine, Radiata');
#6750=DESCRIPTIVE_REPRESENTATION_ITEM('Steel','Steel');
#6751=DESCRIPTIVE_REPRESENTATION_ITEM('Steel','Steel');
#6752=DESCRIPTIVE_REPRESENTATION_ITEM('Steel','Steel');
#6753=DESCRIPTIVE_REPRESENTATION_ITEM('Steel','Steel');
#6754=DESCRIPTIVE_REPRESENTATION_ITEM('Steel','Steel');
#6755=DESCRIPTIVE_REPRESENTATION_ITEM('Steel','Steel');
#6756=DESCRIPTIVE_REPRESENTATION_ITEM('Steel','Steel');
#6757=DESCRIPTIVE_REPRESENTATION_ITEM('Steel','Steel');
#6758=DESCRIPTIVE_REPRESENTATION_ITEM('Steel','Steel');
#6759=DESCRIPTIVE_REPRESENTATION_ITEM('Steel','Steel');
#6760=DESCRIPTIVE_REPRESENTATION_ITEM('Steel','Steel');
#6761=DESCRIPTIVE_REPRESENTATION_ITEM('Steel','Steel');
#6762=DESCRIPTIVE_REPRESENTATION_ITEM('Steel','Steel');
#6763=DESCRIPTIVE_REPRESENTATION_ITEM('Steel','Steel');
#6764=DESCRIPTIVE_REPRESENTATION_ITEM('Steel','Steel');
#6765=DESCRIPTIVE_REPRESENTATION_ITEM('Steel','Steel');
#6766=DESCRIPTIVE_REPRESENTATION_ITEM('Steel','Steel');
#6767=DESCRIPTIVE_REPRESENTATION_ITEM('Steel','Steel');
#6768=DESCRIPTIVE_REPRESENTATION_ITEM('Steel','Steel');
#6769=DESCRIPTIVE_REPRESENTATION_ITEM('Steel','Steel');
#6770=DESCRIPTIVE_REPRESENTATION_ITEM('Steel','Steel');
#6771=DESCRIPTIVE_REPRESENTATION_ITEM('Steel','Steel');
#6772=DESCRIPTIVE_REPRESENTATION_ITEM('Steel','Steel');
#6773=DESCRIPTIVE_REPRESENTATION_ITEM('Steel','Steel');
#6774=DESCRIPTIVE_REPRESENTATION_ITEM('Steel','Steel');
#6775=DESCRIPTIVE_REPRESENTATION_ITEM('Steel','Steel');
#6776=PROPERTY_DEFINITION('material property','material name',#11379);
#6777=PROPERTY_DEFINITION('material property','density of part',#11379);
#6778=PROPERTY_DEFINITION('material property','material name',#11380);
#6779=PROPERTY_DEFINITION('material property','density of part',#11380);
#6780=PROPERTY_DEFINITION('material property','material name',#11381);
#6781=PROPERTY_DEFINITION('material property','density of part',#11381);
#6782=PROPERTY_DEFINITION('material property','material name',#11382);
#6783=PROPERTY_DEFINITION('material property','density of part',#11382);
#6784=PROPERTY_DEFINITION('material property','material name',#11383);
#6785=PROPERTY_DEFINITION('material property','density of part',#11383);
#6786=PROPERTY_DEFINITION('material property','material name',#11384);
#6787=PROPERTY_DEFINITION('material property','density of part',#11384);
#6788=PROPERTY_DEFINITION('material property','material name',#11385);
#6789=PROPERTY_DEFINITION('material property','density of part',#11385);
#6790=PROPERTY_DEFINITION('material property','material name',#11386);
#6791=PROPERTY_DEFINITION('material property','density of part',#11386);
#6792=PROPERTY_DEFINITION('material property','material name',#11388);
#6793=PROPERTY_DEFINITION('material property','density of part',#11388);
#6794=PROPERTY_DEFINITION('material property','material name',#11389);
#6795=PROPERTY_DEFINITION('material property','density of part',#11389);
#6796=PROPERTY_DEFINITION('material property','material name',#11391);
#6797=PROPERTY_DEFINITION('material property','density of part',#11391);
#6798=PROPERTY_DEFINITION('material property','material name',#11392);
#6799=PROPERTY_DEFINITION('material property','density of part',#11392);
#6800=PROPERTY_DEFINITION('material property','material name',#11393);
#6801=PROPERTY_DEFINITION('material property','density of part',#11393);
#6802=PROPERTY_DEFINITION('material property','material name',#11394);
#6803=PROPERTY_DEFINITION('material property','density of part',#11394);
#6804=PROPERTY_DEFINITION('material property','material name',#11395);
#6805=PROPERTY_DEFINITION('material property','density of part',#11395);
#6806=PROPERTY_DEFINITION('material property','material name',#11397);
#6807=PROPERTY_DEFINITION('material property','density of part',#11397);
#6808=PROPERTY_DEFINITION('material property','material name',#11398);
#6809=PROPERTY_DEFINITION('material property','density of part',#11398);
#6810=PROPERTY_DEFINITION('material property','material name',#11400);
#6811=PROPERTY_DEFINITION('material property','density of part',#11400);
#6812=PROPERTY_DEFINITION('material property','material name',#11401);
#6813=PROPERTY_DEFINITION('material property','density of part',#11401);
#6814=PROPERTY_DEFINITION('material property','material name',#11403);
#6815=PROPERTY_DEFINITION('material property','density of part',#11403);
#6816=PROPERTY_DEFINITION('material property','material name',#11404);
#6817=PROPERTY_DEFINITION('material property','density of part',#11404);
#6818=PROPERTY_DEFINITION('material property','material name',#11405);
#6819=PROPERTY_DEFINITION('material property','density of part',#11405);
#6820=PROPERTY_DEFINITION('material property','material name',#11406);
#6821=PROPERTY_DEFINITION('material property','density of part',#11406);
#6822=PROPERTY_DEFINITION('material property','material name',#11408);
#6823=PROPERTY_DEFINITION('material property','density of part',#11408);
#6824=PROPERTY_DEFINITION('material property','material name',#11409);
#6825=PROPERTY_DEFINITION('material property','density of part',#11409);
#6826=PROPERTY_DEFINITION('material property','material name',#11410);
#6827=PROPERTY_DEFINITION('material property','density of part',#11410);
#6828=PROPERTY_DEFINITION('material property','material name',#11411);
#6829=PROPERTY_DEFINITION('material property','density of part',#11411);
#6830=PROPERTY_DEFINITION('material property','material name',#11413);
#6831=PROPERTY_DEFINITION('material property','density of part',#11413);
#6832=PROPERTY_DEFINITION('material property','material name',#11414);
#6833=PROPERTY_DEFINITION('material property','density of part',#11414);
#6834=PROPERTY_DEFINITION('material property','material name',#11415);
#6835=PROPERTY_DEFINITION('material property','density of part',#11415);
#6836=PROPERTY_DEFINITION('material property','material name',#11416);
#6837=PROPERTY_DEFINITION('material property','density of part',#11416);
#6838=PROPERTY_DEFINITION('material property','material name',#11417);
#6839=PROPERTY_DEFINITION('material property','density of part',#11417);
#6840=PROPERTY_DEFINITION('material property','material name',#11418);
#6841=PROPERTY_DEFINITION('material property','density of part',#11418);
#6842=PROPERTY_DEFINITION('material property','material name',#11420);
#6843=PROPERTY_DEFINITION('material property','density of part',#11420);
#6844=PROPERTY_DEFINITION('material property','material name',#11421);
#6845=PROPERTY_DEFINITION('material property','density of part',#11421);
#6846=PROPERTY_DEFINITION('material property','material name',#11422);
#6847=PROPERTY_DEFINITION('material property','density of part',#11422);
#6848=PROPERTY_DEFINITION('material property','material name',#11423);
#6849=PROPERTY_DEFINITION('material property','density of part',#11423);
#6850=PROPERTY_DEFINITION('material property','material name',#11425);
#6851=PROPERTY_DEFINITION('material property','density of part',#11425);
#6852=PROPERTY_DEFINITION('material property','material name',#11426);
#6853=PROPERTY_DEFINITION('material property','density of part',#11426);
#6854=PROPERTY_DEFINITION('material property','material name',#11427);
#6855=PROPERTY_DEFINITION('material property','density of part',#11427);
#6856=PROPERTY_DEFINITION('material property','material name',#11428);
#6857=PROPERTY_DEFINITION('material property','density of part',#11428);
#6858=AXIS2_PLACEMENT_3D('',#9230,#7404,#7405);
#6859=AXIS2_PLACEMENT_3D('',#9231,#7406,#7407);
#6860=AXIS2_PLACEMENT_3D('',#9232,#7408,#7409);
#6861=AXIS2_PLACEMENT_3D('',#9233,#7410,#7411);
#6862=AXIS2_PLACEMENT_3D('',#9242,#7416,#7417);
#6863=AXIS2_PLACEMENT_3D('',#9248,#7421,#7422);
#6864=AXIS2_PLACEMENT_3D('',#9254,#7426,#7427);
#6865=AXIS2_PLACEMENT_3D('',#9256,#7428,#7429);
#6866=AXIS2_PLACEMENT_3D('',#9258,#7430,#7431);
#6867=AXIS2_PLACEMENT_3D('',#9260,#7433,#7434);
#6868=AXIS2_PLACEMENT_3D('',#9266,#7438,#7439);
#6869=AXIS2_PLACEMENT_3D('',#9268,#7440,#7441);
#6870=AXIS2_PLACEMENT_3D('',#9270,#7442,#7443);
#6871=AXIS2_PLACEMENT_3D('',#9272,#7445,#7446);
#6872=AXIS2_PLACEMENT_3D('',#9278,#7450,#7451);
#6873=AXIS2_PLACEMENT_3D('',#9280,#7452,#7453);
#6874=AXIS2_PLACEMENT_3D('',#9282,#7454,#7455);
#6875=AXIS2_PLACEMENT_3D('',#9284,#7457,#7458);
#6876=AXIS2_PLACEMENT_3D('',#9290,#7462,#7463);
#6877=AXIS2_PLACEMENT_3D('',#9296,#7467,#7468);
#6878=AXIS2_PLACEMENT_3D('',#9302,#7472,#7473);
#6879=AXIS2_PLACEMENT_3D('',#9304,#7474,#7475);
#6880=AXIS2_PLACEMENT_3D('',#9306,#7476,#7477);
#6881=AXIS2_PLACEMENT_3D('',#9308,#7479,#7480);
#6882=AXIS2_PLACEMENT_3D('',#9314,#7484,#7485);
#6883=AXIS2_PLACEMENT_3D('',#9316,#7486,#7487);
#6884=AXIS2_PLACEMENT_3D('',#9318,#7488,#7489);
#6885=AXIS2_PLACEMENT_3D('',#9320,#7491,#7492);
#6886=AXIS2_PLACEMENT_3D('',#9326,#7496,#7497);
#6887=AXIS2_PLACEMENT_3D('',#9327,#7498,#7499);
#6888=AXIS2_PLACEMENT_3D('',#9328,#7500,#7501);
#6889=AXIS2_PLACEMENT_3D('',#9329,#7502,#7503);
#6890=AXIS2_PLACEMENT_3D('',#9330,#7504,#7505);
#6891=AXIS2_PLACEMENT_3D('',#9331,#7506,#7507);
#6892=AXIS2_PLACEMENT_3D('',#9332,#7508,#7509);
#6893=AXIS2_PLACEMENT_3D('',#9341,#7513,#7514);
#6894=AXIS2_PLACEMENT_3D('',#9345,#7516,#7517);
#6895=AXIS2_PLACEMENT_3D('',#9353,#7521,#7522);
#6896=AXIS2_PLACEMENT_3D('',#9356,#7524,#7525);
#6897=AXIS2_PLACEMENT_3D('',#9357,#7526,#7527);
#6898=AXIS2_PLACEMENT_3D('',#9360,#7528,#7529);
#6899=AXIS2_PLACEMENT_3D('',#9363,#7532,#7533);
#6900=AXIS2_PLACEMENT_3D('',#9367,#7536,#7537);
#6901=AXIS2_PLACEMENT_3D('',#9371,#7540,#7541);
#6902=AXIS2_PLACEMENT_3D('',#9375,#7544,#7545);
#6903=AXIS2_PLACEMENT_3D('',#9381,#7549,#7550);
#6904=AXIS2_PLACEMENT_3D('',#9382,#7551,#7552);
#6905=AXIS2_PLACEMENT_3D('',#9383,#7553,#7554);
#6906=AXIS2_PLACEMENT_3D('',#9385,#7555,#7556);
#6907=AXIS2_PLACEMENT_3D('',#9387,#7558,#7559);
#6908=AXIS2_PLACEMENT_3D('',#9391,#7562,#7563);
#6909=AXIS2_PLACEMENT_3D('',#9395,#7566,#7567);
#6910=AXIS2_PLACEMENT_3D('',#9399,#7570,#7571);
#6911=AXIS2_PLACEMENT_3D('',#9401,#7572,#7573);
#6912=AXIS2_PLACEMENT_3D('',#9403,#7575,#7576);
#6913=AXIS2_PLACEMENT_3D('',#9405,#7578,#7579);
#6914=AXIS2_PLACEMENT_3D('',#9406,#7580,#7581);
#6915=AXIS2_PLACEMENT_3D('',#9407,#7582,#7583);
#6916=AXIS2_PLACEMENT_3D('',#9416,#7588,#7589);
#6917=AXIS2_PLACEMENT_3D('',#9425,#7594,#7595);
#6918=AXIS2_PLACEMENT_3D('',#9426,#7596,#7597);
#6919=AXIS2_PLACEMENT_3D('',#9430,#7600,#7601);
#6920=AXIS2_PLACEMENT_3D('',#9436,#7605,#7606);
#6921=AXIS2_PLACEMENT_3D('',#9439,#7608,#7609);
#6922=AXIS2_PLACEMENT_3D('',#9441,#7611,#7612);
#6923=AXIS2_PLACEMENT_3D('',#9445,#7614,#7615);
#6924=AXIS2_PLACEMENT_3D('',#9449,#7617,#7618);
#6925=AXIS2_PLACEMENT_3D('',#9451,#7620,#7621);
#6926=AXIS2_PLACEMENT_3D('',#9455,#7623,#7624);
#6927=AXIS2_PLACEMENT_3D('',#9463,#7628,#7629);
#6928=AXIS2_PLACEMENT_3D('',#9467,#7631,#7632);
#6929=AXIS2_PLACEMENT_3D('',#9473,#7636,#7637);
#6930=AXIS2_PLACEMENT_3D('',#9479,#7641,#7642);
#6931=AXIS2_PLACEMENT_3D('',#9482,#7644,#7645);
#6932=AXIS2_PLACEMENT_3D('',#9483,#7646,#7647);
#6933=AXIS2_PLACEMENT_3D('',#9487,#7650,#7651);
#6934=AXIS2_PLACEMENT_3D('',#9491,#7654,#7655);
#6935=AXIS2_PLACEMENT_3D('',#9495,#7658,#7659);
#6936=AXIS2_PLACEMENT_3D('',#9498,#7661,#7662);
#6937=AXIS2_PLACEMENT_3D('',#9499,#7663,#7664);
#6938=AXIS2_PLACEMENT_3D('',#9501,#7666,#7667);
#6939=AXIS2_PLACEMENT_3D('',#9505,#7670,#7671);
#6940=AXIS2_PLACEMENT_3D('',#9509,#7674,#7675);
#6941=AXIS2_PLACEMENT_3D('',#9514,#7679,#7680);
#6942=AXIS2_PLACEMENT_3D('',#9515,#7681,#7682);
#6943=AXIS2_PLACEMENT_3D('',#9516,#7683,#7684);
#6944=AXIS2_PLACEMENT_3D('',#9517,#7685,#7686);
#6945=AXIS2_PLACEMENT_3D('',#9518,#7687,#7688);
#6946=AXIS2_PLACEMENT_3D('',#9530,#7694,#7695);
#6947=AXIS2_PLACEMENT_3D('',#9531,#7696,#7697);
#6948=AXIS2_PLACEMENT_3D('',#9537,#7701,#7702);
#6949=AXIS2_PLACEMENT_3D('',#9541,#7704,#7705);
#6950=AXIS2_PLACEMENT_3D('',#9547,#7709,#7710);
#6951=AXIS2_PLACEMENT_3D('',#9549,#7712,#7713);
#6952=AXIS2_PLACEMENT_3D('',#9555,#7717,#7718);
#6953=AXIS2_PLACEMENT_3D('',#9561,#7722,#7723);
#6954=AXIS2_PLACEMENT_3D('',#9565,#7726,#7727);
#6955=AXIS2_PLACEMENT_3D('',#9569,#7730,#7731);
#6956=AXIS2_PLACEMENT_3D('',#9573,#7733,#7734);
#6957=AXIS2_PLACEMENT_3D('',#9577,#7736,#7737);
#6958=AXIS2_PLACEMENT_3D('',#9579,#7739,#7740);
#6959=AXIS2_PLACEMENT_3D('',#9581,#7742,#7743);
#6960=AXIS2_PLACEMENT_3D('',#9583,#7745,#7746);
#6961=AXIS2_PLACEMENT_3D('',#9587,#7748,#7749);
#6962=AXIS2_PLACEMENT_3D('',#9591,#7751,#7752);
#6963=AXIS2_PLACEMENT_3D('',#9598,#7756,#7757);
#6964=AXIS2_PLACEMENT_3D('',#9599,#7758,#7759);
#6965=AXIS2_PLACEMENT_3D('',#9605,#7763,#7764);
#6966=AXIS2_PLACEMENT_3D('',#9607,#7765,#7766);
#6967=AXIS2_PLACEMENT_3D('',#9609,#7768,#7769);
#6968=AXIS2_PLACEMENT_3D('',#9613,#7772,#7773);
#6969=AXIS2_PLACEMENT_3D('',#9617,#7776,#7777);
#6970=AXIS2_PLACEMENT_3D('',#9621,#7780,#7781);
#6971=AXIS2_PLACEMENT_3D('',#9623,#7782,#7783);
#6972=AXIS2_PLACEMENT_3D('',#9625,#7785,#7786);
#6973=AXIS2_PLACEMENT_3D('',#9627,#7788,#7789);
#6974=AXIS2_PLACEMENT_3D('',#9628,#7790,#7791);
#6975=AXIS2_PLACEMENT_3D('',#9629,#7792,#7793);
#6976=AXIS2_PLACEMENT_3D('',#9630,#7794,#7795);
#6977=AXIS2_PLACEMENT_3D('',#9631,#7796,#7797);
#6978=AXIS2_PLACEMENT_3D('',#9636,#7799,#7800);
#6979=AXIS2_PLACEMENT_3D('',#9640,#7802,#7803);
#6980=AXIS2_PLACEMENT_3D('',#9648,#7807,#7808);
#6981=AXIS2_PLACEMENT_3D('',#9652,#7810,#7811);
#6982=AXIS2_PLACEMENT_3D('',#9656,#7814,#7815);
#6983=AXIS2_PLACEMENT_3D('',#9659,#7816,#7817);
#6984=AXIS2_PLACEMENT_3D('',#9662,#7820,#7821);
#6985=AXIS2_PLACEMENT_3D('',#9666,#7824,#7825);
#6986=AXIS2_PLACEMENT_3D('',#9670,#7828,#7829);
#6987=AXIS2_PLACEMENT_3D('',#9674,#7832,#7833);
#6988=AXIS2_PLACEMENT_3D('',#9680,#7837,#7838);
#6989=AXIS2_PLACEMENT_3D('',#9681,#7839,#7840);
#6990=AXIS2_PLACEMENT_3D('',#9682,#7841,#7842);
#6991=AXIS2_PLACEMENT_3D('',#9684,#7843,#7844);
#6992=AXIS2_PLACEMENT_3D('',#9686,#7846,#7847);
#6993=AXIS2_PLACEMENT_3D('',#9690,#7850,#7851);
#6994=AXIS2_PLACEMENT_3D('',#9694,#7854,#7855);
#6995=AXIS2_PLACEMENT_3D('',#9698,#7858,#7859);
#6996=AXIS2_PLACEMENT_3D('',#9700,#7860,#7861);
#6997=AXIS2_PLACEMENT_3D('',#9702,#7863,#7864);
#6998=AXIS2_PLACEMENT_3D('',#9704,#7866,#7867);
#6999=AXIS2_PLACEMENT_3D('',#9705,#7868,#7869);
#7000=AXIS2_PLACEMENT_3D('',#9706,#7870,#7871);
#7001=AXIS2_PLACEMENT_3D('',#9715,#7876,#7877);
#7002=AXIS2_PLACEMENT_3D('',#9721,#7881,#7882);
#7003=AXIS2_PLACEMENT_3D('',#9727,#7886,#7887);
#7004=AXIS2_PLACEMENT_3D('',#9729,#7888,#7889);
#7005=AXIS2_PLACEMENT_3D('',#9732,#7891,#7892);
#7006=AXIS2_PLACEMENT_3D('',#9733,#7893,#7894);
#7007=AXIS2_PLACEMENT_3D('',#9739,#7898,#7899);
#7008=AXIS2_PLACEMENT_3D('',#9741,#7900,#7901);
#7009=AXIS2_PLACEMENT_3D('',#9744,#7903,#7904);
#7010=AXIS2_PLACEMENT_3D('',#9745,#7905,#7906);
#7011=AXIS2_PLACEMENT_3D('',#9751,#7910,#7911);
#7012=AXIS2_PLACEMENT_3D('',#9753,#7912,#7913);
#7013=AXIS2_PLACEMENT_3D('',#9756,#7915,#7916);
#7014=AXIS2_PLACEMENT_3D('',#9757,#7917,#7918);
#7015=AXIS2_PLACEMENT_3D('',#9763,#7922,#7923);
#7016=AXIS2_PLACEMENT_3D('',#9769,#7927,#7928);
#7017=AXIS2_PLACEMENT_3D('',#9775,#7932,#7933);
#7018=AXIS2_PLACEMENT_3D('',#9777,#7934,#7935);
#7019=AXIS2_PLACEMENT_3D('',#9780,#7937,#7938);
#7020=AXIS2_PLACEMENT_3D('',#9781,#7939,#7940);
#7021=AXIS2_PLACEMENT_3D('',#9787,#7944,#7945);
#7022=AXIS2_PLACEMENT_3D('',#9789,#7946,#7947);
#7023=AXIS2_PLACEMENT_3D('',#9792,#7949,#7950);
#7024=AXIS2_PLACEMENT_3D('',#9793,#7951,#7952);
#7025=AXIS2_PLACEMENT_3D('',#9799,#7956,#7957);
#7026=AXIS2_PLACEMENT_3D('',#9800,#7958,#7959);
#7027=AXIS2_PLACEMENT_3D('',#9801,#7960,#7961);
#7028=AXIS2_PLACEMENT_3D('',#9802,#7962,#7963);
#7029=AXIS2_PLACEMENT_3D('',#9803,#7964,#7965);
#7030=AXIS2_PLACEMENT_3D('',#9804,#7966,#7967);
#7031=AXIS2_PLACEMENT_3D('',#9805,#7968,#7969);
#7032=AXIS2_PLACEMENT_3D('',#9814,#7974,#7975);
#7033=AXIS2_PLACEMENT_3D('',#9820,#7979,#7980);
#7034=AXIS2_PLACEMENT_3D('',#9826,#7984,#7985);
#7035=AXIS2_PLACEMENT_3D('',#9828,#7986,#7987);
#7036=AXIS2_PLACEMENT_3D('',#9831,#7989,#7990);
#7037=AXIS2_PLACEMENT_3D('',#9832,#7991,#7992);
#7038=AXIS2_PLACEMENT_3D('',#9838,#7996,#7997);
#7039=AXIS2_PLACEMENT_3D('',#9840,#7998,#7999);
#7040=AXIS2_PLACEMENT_3D('',#9843,#8001,#8002);
#7041=AXIS2_PLACEMENT_3D('',#9844,#8003,#8004);
#7042=AXIS2_PLACEMENT_3D('',#9850,#8008,#8009);
#7043=AXIS2_PLACEMENT_3D('',#9852,#8010,#8011);
#7044=AXIS2_PLACEMENT_3D('',#9855,#8013,#8014);
#7045=AXIS2_PLACEMENT_3D('',#9856,#8015,#8016);
#7046=AXIS2_PLACEMENT_3D('',#9862,#8020,#8021);
#7047=AXIS2_PLACEMENT_3D('',#9868,#8025,#8026);
#7048=AXIS2_PLACEMENT_3D('',#9874,#8030,#8031);
#7049=AXIS2_PLACEMENT_3D('',#9876,#8032,#8033);
#7050=AXIS2_PLACEMENT_3D('',#9879,#8035,#8036);
#7051=AXIS2_PLACEMENT_3D('',#9880,#8037,#8038);
#7052=AXIS2_PLACEMENT_3D('',#9886,#8042,#8043);
#7053=AXIS2_PLACEMENT_3D('',#9888,#8044,#8045);
#7054=AXIS2_PLACEMENT_3D('',#9891,#8047,#8048);
#7055=AXIS2_PLACEMENT_3D('',#9892,#8049,#8050);
#7056=AXIS2_PLACEMENT_3D('',#9898,#8054,#8055);
#7057=AXIS2_PLACEMENT_3D('',#9899,#8056,#8057);
#7058=AXIS2_PLACEMENT_3D('',#9900,#8058,#8059);
#7059=AXIS2_PLACEMENT_3D('',#9901,#8060,#8061);
#7060=AXIS2_PLACEMENT_3D('',#9902,#8062,#8063);
#7061=AXIS2_PLACEMENT_3D('',#9903,#8064,#8065);
#7062=AXIS2_PLACEMENT_3D('',#9904,#8066,#8067);
#7063=AXIS2_PLACEMENT_3D('',#9913,#8072,#8073);
#7064=AXIS2_PLACEMENT_3D('',#9919,#8077,#8078);
#7065=AXIS2_PLACEMENT_3D('',#9925,#8082,#8083);
#7066=AXIS2_PLACEMENT_3D('',#9927,#8084,#8085);
#7067=AXIS2_PLACEMENT_3D('',#9929,#8086,#8087);
#7068=AXIS2_PLACEMENT_3D('',#9931,#8089,#8090);
#7069=AXIS2_PLACEMENT_3D('',#9937,#8094,#8095);
#7070=AXIS2_PLACEMENT_3D('',#9939,#8096,#8097);
#7071=AXIS2_PLACEMENT_3D('',#9941,#8098,#8099);
#7072=AXIS2_PLACEMENT_3D('',#9943,#8101,#8102);
#7073=AXIS2_PLACEMENT_3D('',#9949,#8106,#8107);
#7074=AXIS2_PLACEMENT_3D('',#9951,#8108,#8109);
#7075=AXIS2_PLACEMENT_3D('',#9953,#8110,#8111);
#7076=AXIS2_PLACEMENT_3D('',#9955,#8113,#8114);
#7077=AXIS2_PLACEMENT_3D('',#9961,#8118,#8119);
#7078=AXIS2_PLACEMENT_3D('',#9967,#8123,#8124);
#7079=AXIS2_PLACEMENT_3D('',#9973,#8128,#8129);
#7080=AXIS2_PLACEMENT_3D('',#9975,#8130,#8131);
#7081=AXIS2_PLACEMENT_3D('',#9977,#8132,#8133);
#7082=AXIS2_PLACEMENT_3D('',#9979,#8135,#8136);
#7083=AXIS2_PLACEMENT_3D('',#9985,#8140,#8141);
#7084=AXIS2_PLACEMENT_3D('',#9987,#8142,#8143);
#7085=AXIS2_PLACEMENT_3D('',#9989,#8144,#8145);
#7086=AXIS2_PLACEMENT_3D('',#9991,#8147,#8148);
#7087=AXIS2_PLACEMENT_3D('',#9997,#8152,#8153);
#7088=AXIS2_PLACEMENT_3D('',#9998,#8154,#8155);
#7089=AXIS2_PLACEMENT_3D('',#9999,#8156,#8157);
#7090=AXIS2_PLACEMENT_3D('',#10000,#8158,#8159);
#7091=AXIS2_PLACEMENT_3D('',#10001,#8160,#8161);
#7092=AXIS2_PLACEMENT_3D('',#10002,#8162,#8163);
#7093=AXIS2_PLACEMENT_3D('',#10003,#8164,#8165);
#7094=AXIS2_PLACEMENT_3D('',#10004,#8166,#8167);
#7095=AXIS2_PLACEMENT_3D('',#10005,#8168,#8169);
#7096=AXIS2_PLACEMENT_3D('',#10006,#8170,#8171);
#7097=AXIS2_PLACEMENT_3D('',#10007,#8172,#8173);
#7098=AXIS2_PLACEMENT_3D('',#10008,#8174,#8175);
#7099=AXIS2_PLACEMENT_3D('',#10009,#8176,#8177);
#7100=AXIS2_PLACEMENT_3D('',#10010,#8178,#8179);
#7101=AXIS2_PLACEMENT_3D('',#10011,#8180,#8181);
#7102=AXIS2_PLACEMENT_3D('',#10012,#8182,#8183);
#7103=AXIS2_PLACEMENT_3D('',#10013,#8184,#8185);
#7104=AXIS2_PLACEMENT_3D('',#10014,#8186,#8187);
#7105=AXIS2_PLACEMENT_3D('',#10015,#8188,#8189);
#7106=AXIS2_PLACEMENT_3D('',#10016,#8190,#8191);
#7107=AXIS2_PLACEMENT_3D('',#10025,#8196,#8197);
#7108=AXIS2_PLACEMENT_3D('',#10031,#8201,#8202);
#7109=AXIS2_PLACEMENT_3D('',#10043,#8209,#8210);
#7110=AXIS2_PLACEMENT_3D('',#10047,#8213,#8214);
#7111=AXIS2_PLACEMENT_3D('',#10051,#8217,#8218);
#7112=AXIS2_PLACEMENT_3D('',#10055,#8221,#8222);
#7113=AXIS2_PLACEMENT_3D('',#10061,#8226,#8227);
#7114=AXIS2_PLACEMENT_3D('',#10064,#8230,#8231);
#7115=AXIS2_PLACEMENT_3D('',#10065,#8232,#8233);
#7116=AXIS2_PLACEMENT_3D('',#10066,#8234,#8235);
#7117=AXIS2_PLACEMENT_3D('',#10067,#8236,#8237);
#7118=AXIS2_PLACEMENT_3D('',#10076,#8242,#8243);
#7119=AXIS2_PLACEMENT_3D('',#10082,#8247,#8248);
#7120=AXIS2_PLACEMENT_3D('',#10094,#8255,#8256);
#7121=AXIS2_PLACEMENT_3D('',#10098,#8259,#8260);
#7122=AXIS2_PLACEMENT_3D('',#10102,#8263,#8264);
#7123=AXIS2_PLACEMENT_3D('',#10106,#8267,#8268);
#7124=AXIS2_PLACEMENT_3D('',#10112,#8272,#8273);
#7125=AXIS2_PLACEMENT_3D('',#10115,#8276,#8277);
#7126=AXIS2_PLACEMENT_3D('',#10116,#8278,#8279);
#7127=AXIS2_PLACEMENT_3D('',#10117,#8280,#8281);
#7128=AXIS2_PLACEMENT_3D('',#10118,#8282,#8283);
#7129=AXIS2_PLACEMENT_3D('',#10119,#8284,#8285);
#7130=AXIS2_PLACEMENT_3D('',#10120,#8286,#8287);
#7131=AXIS2_PLACEMENT_3D('',#10121,#8288,#8289);
#7132=AXIS2_PLACEMENT_3D('',#10130,#8294,#8295);
#7133=AXIS2_PLACEMENT_3D('',#10136,#8299,#8300);
#7134=AXIS2_PLACEMENT_3D('',#10142,#8304,#8305);
#7135=AXIS2_PLACEMENT_3D('',#10145,#8308,#8309);
#7136=AXIS2_PLACEMENT_3D('',#10146,#8310,#8311);
#7137=AXIS2_PLACEMENT_3D('',#10147,#8312,#8313);
#7138=AXIS2_PLACEMENT_3D('',#10148,#8314,#8315);
#7139=AXIS2_PLACEMENT_3D('',#10157,#8320,#8321);
#7140=AXIS2_PLACEMENT_3D('',#10163,#8325,#8326);
#7141=AXIS2_PLACEMENT_3D('',#10169,#8330,#8331);
#7142=AXIS2_PLACEMENT_3D('',#10172,#8334,#8335);
#7143=AXIS2_PLACEMENT_3D('',#10173,#8336,#8337);
#7144=AXIS2_PLACEMENT_3D('',#10174,#8338,#8339);
#7145=AXIS2_PLACEMENT_3D('',#10175,#8340,#8341);
#7146=AXIS2_PLACEMENT_3D('',#10184,#8346,#8347);
#7147=AXIS2_PLACEMENT_3D('',#10190,#8351,#8352);
#7148=AXIS2_PLACEMENT_3D('',#10196,#8356,#8357);
#7149=AXIS2_PLACEMENT_3D('',#10199,#8360,#8361);
#7150=AXIS2_PLACEMENT_3D('',#10200,#8362,#8363);
#7151=AXIS2_PLACEMENT_3D('',#10201,#8364,#8365);
#7152=AXIS2_PLACEMENT_3D('',#10202,#8366,#8367);
#7153=AXIS2_PLACEMENT_3D('',#10211,#8372,#8373);
#7154=AXIS2_PLACEMENT_3D('',#10217,#8377,#8378);
#7155=AXIS2_PLACEMENT_3D('',#10223,#8382,#8383);
#7156=AXIS2_PLACEMENT_3D('',#10226,#8386,#8387);
#7157=AXIS2_PLACEMENT_3D('',#10227,#8388,#8389);
#7158=AXIS2_PLACEMENT_3D('',#10228,#8390,#8391);
#7159=AXIS2_PLACEMENT_3D('',#10229,#8392,#8393);
#7160=AXIS2_PLACEMENT_3D('',#10238,#8398,#8399);
#7161=AXIS2_PLACEMENT_3D('',#10244,#8403,#8404);
#7162=AXIS2_PLACEMENT_3D('',#10250,#8408,#8409);
#7163=AXIS2_PLACEMENT_3D('',#10253,#8412,#8413);
#7164=AXIS2_PLACEMENT_3D('',#10254,#8414,#8415);
#7165=AXIS2_PLACEMENT_3D('',#10255,#8416,#8417);
#7166=AXIS2_PLACEMENT_3D('',#10256,#8418,#8419);
#7167=AXIS2_PLACEMENT_3D('',#10257,#8420,#8421);
#7168=AXIS2_PLACEMENT_3D('',#10258,#8422,#8423);
#7169=AXIS2_PLACEMENT_3D('',#10259,#8424,#8425);
#7170=AXIS2_PLACEMENT_3D('',#10260,#8426,#8427);
#7171=AXIS2_PLACEMENT_3D('',#10261,#8428,#8429);
#7172=AXIS2_PLACEMENT_3D('',#10262,#8430,#8431);
#7173=AXIS2_PLACEMENT_3D('',#10263,#8432,#8433);
#7174=AXIS2_PLACEMENT_3D('',#10272,#8438,#8439);
#7175=AXIS2_PLACEMENT_3D('',#10278,#8443,#8444);
#7176=AXIS2_PLACEMENT_3D('',#10284,#8448,#8449);
#7177=AXIS2_PLACEMENT_3D('',#10287,#8452,#8453);
#7178=AXIS2_PLACEMENT_3D('',#10288,#8454,#8455);
#7179=AXIS2_PLACEMENT_3D('',#10289,#8456,#8457);
#7180=AXIS2_PLACEMENT_3D('',#10290,#8458,#8459);
#7181=AXIS2_PLACEMENT_3D('',#10299,#8464,#8465);
#7182=AXIS2_PLACEMENT_3D('',#10305,#8469,#8470);
#7183=AXIS2_PLACEMENT_3D('',#10311,#8474,#8475);
#7184=AXIS2_PLACEMENT_3D('',#10314,#8478,#8479);
#7185=AXIS2_PLACEMENT_3D('',#10315,#8480,#8481);
#7186=AXIS2_PLACEMENT_3D('',#10316,#8482,#8483);
#7187=AXIS2_PLACEMENT_3D('',#10317,#8484,#8485);
#7188=AXIS2_PLACEMENT_3D('',#10318,#8486,#8487);
#7189=AXIS2_PLACEMENT_3D('',#10319,#8488,#8489);
#7190=AXIS2_PLACEMENT_3D('',#10320,#8490,#8491);
#7191=AXIS2_PLACEMENT_3D('',#10329,#8496,#8497);
#7192=AXIS2_PLACEMENT_3D('',#10335,#8501,#8502);
#7193=AXIS2_PLACEMENT_3D('',#10347,#8509,#8510);
#7194=AXIS2_PLACEMENT_3D('',#10351,#8513,#8514);
#7195=AXIS2_PLACEMENT_3D('',#10355,#8517,#8518);
#7196=AXIS2_PLACEMENT_3D('',#10359,#8521,#8522);
#7197=AXIS2_PLACEMENT_3D('',#10365,#8526,#8527);
#7198=AXIS2_PLACEMENT_3D('',#10368,#8530,#8531);
#7199=AXIS2_PLACEMENT_3D('',#10369,#8532,#8533);
#7200=AXIS2_PLACEMENT_3D('',#10370,#8534,#8535);
#7201=AXIS2_PLACEMENT_3D('',#10371,#8536,#8537);
#7202=AXIS2_PLACEMENT_3D('',#10380,#8542,#8543);
#7203=AXIS2_PLACEMENT_3D('',#10386,#8547,#8548);
#7204=AXIS2_PLACEMENT_3D('',#10398,#8555,#8556);
#7205=AXIS2_PLACEMENT_3D('',#10402,#8559,#8560);
#7206=AXIS2_PLACEMENT_3D('',#10406,#8563,#8564);
#7207=AXIS2_PLACEMENT_3D('',#10410,#8567,#8568);
#7208=AXIS2_PLACEMENT_3D('',#10416,#8572,#8573);
#7209=AXIS2_PLACEMENT_3D('',#10419,#8576,#8577);
#7210=AXIS2_PLACEMENT_3D('',#10420,#8578,#8579);
#7211=AXIS2_PLACEMENT_3D('',#10421,#8580,#8581);
#7212=AXIS2_PLACEMENT_3D('',#10422,#8582,#8583);
#7213=AXIS2_PLACEMENT_3D('',#10423,#8584,#8585);
#7214=AXIS2_PLACEMENT_3D('',#10424,#8586,#8587);
#7215=AXIS2_PLACEMENT_3D('',#10425,#8588,#8589);
#7216=AXIS2_PLACEMENT_3D('',#10434,#8594,#8595);
#7217=AXIS2_PLACEMENT_3D('',#10440,#8599,#8600);
#7218=AXIS2_PLACEMENT_3D('',#10446,#8604,#8605);
#7219=AXIS2_PLACEMENT_3D('',#10449,#8608,#8609);
#7220=AXIS2_PLACEMENT_3D('',#10450,#8610,#8611);
#7221=AXIS2_PLACEMENT_3D('',#10451,#8612,#8613);
#7222=AXIS2_PLACEMENT_3D('',#10452,#8614,#8615);
#7223=AXIS2_PLACEMENT_3D('',#10461,#8620,#8621);
#7224=AXIS2_PLACEMENT_3D('',#10467,#8625,#8626);
#7225=AXIS2_PLACEMENT_3D('',#10473,#8630,#8631);
#7226=AXIS2_PLACEMENT_3D('',#10476,#8634,#8635);
#7227=AXIS2_PLACEMENT_3D('',#10477,#8636,#8637);
#7228=AXIS2_PLACEMENT_3D('',#10478,#8638,#8639);
#7229=AXIS2_PLACEMENT_3D('',#10479,#8640,#8641);
#7230=AXIS2_PLACEMENT_3D('',#10488,#8646,#8647);
#7231=AXIS2_PLACEMENT_3D('',#10494,#8651,#8652);
#7232=AXIS2_PLACEMENT_3D('',#10500,#8656,#8657);
#7233=AXIS2_PLACEMENT_3D('',#10503,#8660,#8661);
#7234=AXIS2_PLACEMENT_3D('',#10504,#8662,#8663);
#7235=AXIS2_PLACEMENT_3D('',#10505,#8664,#8665);
#7236=AXIS2_PLACEMENT_3D('',#10506,#8666,#8667);
#7237=AXIS2_PLACEMENT_3D('',#10515,#8672,#8673);
#7238=AXIS2_PLACEMENT_3D('',#10521,#8677,#8678);
#7239=AXIS2_PLACEMENT_3D('',#10527,#8682,#8683);
#7240=AXIS2_PLACEMENT_3D('',#10530,#8686,#8687);
#7241=AXIS2_PLACEMENT_3D('',#10531,#8688,#8689);
#7242=AXIS2_PLACEMENT_3D('',#10532,#8690,#8691);
#7243=AXIS2_PLACEMENT_3D('',#10533,#8692,#8693);
#7244=AXIS2_PLACEMENT_3D('',#10534,#8694,#8695);
#7245=AXIS2_PLACEMENT_3D('',#10535,#8696,#8697);
#7246=AXIS2_PLACEMENT_3D('',#10536,#8698,#8699);
#7247=AXIS2_PLACEMENT_3D('',#10537,#8700,#8701);
#7248=AXIS2_PLACEMENT_3D('',#10538,#8702,#8703);
#7249=AXIS2_PLACEMENT_3D('',#10547,#8708,#8709);
#7250=AXIS2_PLACEMENT_3D('',#10553,#8713,#8714);
#7251=AXIS2_PLACEMENT_3D('',#10559,#8718,#8719);
#7252=AXIS2_PLACEMENT_3D('',#10562,#8722,#8723);
#7253=AXIS2_PLACEMENT_3D('',#10563,#8724,#8725);
#7254=AXIS2_PLACEMENT_3D('',#10564,#8726,#8727);
#7255=AXIS2_PLACEMENT_3D('',#10565,#8728,#8729);
#7256=AXIS2_PLACEMENT_3D('',#10574,#8734,#8735);
#7257=AXIS2_PLACEMENT_3D('',#10580,#8739,#8740);
#7258=AXIS2_PLACEMENT_3D('',#10584,#8743,#8744);
#7259=AXIS2_PLACEMENT_3D('',#10588,#8747,#8748);
#7260=AXIS2_PLACEMENT_3D('',#10590,#8750,#8751);
#7261=AXIS2_PLACEMENT_3D('',#10591,#8752,#8753);
#7262=AXIS2_PLACEMENT_3D('',#10592,#8754,#8755);
#7263=AXIS2_PLACEMENT_3D('',#10601,#8760,#8761);
#7264=AXIS2_PLACEMENT_3D('',#10607,#8765,#8766);
#7265=AXIS2_PLACEMENT_3D('',#10611,#8769,#8770);
#7266=AXIS2_PLACEMENT_3D('',#10615,#8773,#8774);
#7267=AXIS2_PLACEMENT_3D('',#10617,#8776,#8777);
#7268=AXIS2_PLACEMENT_3D('',#10618,#8778,#8779);
#7269=AXIS2_PLACEMENT_3D('',#10619,#8780,#8781);
#7270=AXIS2_PLACEMENT_3D('',#10628,#8786,#8787);
#7271=AXIS2_PLACEMENT_3D('',#10634,#8791,#8792);
#7272=AXIS2_PLACEMENT_3D('',#10640,#8796,#8797);
#7273=AXIS2_PLACEMENT_3D('',#10643,#8800,#8801);
#7274=AXIS2_PLACEMENT_3D('',#10644,#8802,#8803);
#7275=AXIS2_PLACEMENT_3D('',#10645,#8804,#8805);
#7276=AXIS2_PLACEMENT_3D('',#10646,#8806,#8807);
#7277=AXIS2_PLACEMENT_3D('',#10647,#8808,#8809);
#7278=AXIS2_PLACEMENT_3D('',#10648,#8810,#8811);
#7279=AXIS2_PLACEMENT_3D('',#10649,#8812,#8813);
#7280=AXIS2_PLACEMENT_3D('',#10650,#8814,#8815);
#7281=AXIS2_PLACEMENT_3D('',#10651,#8816,#8817);
#7282=AXIS2_PLACEMENT_3D('',#10660,#8822,#8823);
#7283=AXIS2_PLACEMENT_3D('',#10666,#8827,#8828);
#7284=AXIS2_PLACEMENT_3D('',#10672,#8832,#8833);
#7285=AXIS2_PLACEMENT_3D('',#10675,#8836,#8837);
#7286=AXIS2_PLACEMENT_3D('',#10676,#8838,#8839);
#7287=AXIS2_PLACEMENT_3D('',#10677,#8840,#8841);
#7288=AXIS2_PLACEMENT_3D('',#10678,#8842,#8843);
#7289=AXIS2_PLACEMENT_3D('',#10687,#8848,#8849);
#7290=AXIS2_PLACEMENT_3D('',#10693,#8853,#8854);
#7291=AXIS2_PLACEMENT_3D('',#10699,#8858,#8859);
#7292=AXIS2_PLACEMENT_3D('',#10702,#8862,#8863);
#7293=AXIS2_PLACEMENT_3D('',#10703,#8864,#8865);
#7294=AXIS2_PLACEMENT_3D('',#10704,#8866,#8867);
#7295=AXIS2_PLACEMENT_3D('',#10705,#8868,#8869);
#7296=AXIS2_PLACEMENT_3D('',#10714,#8874,#8875);
#7297=AXIS2_PLACEMENT_3D('',#10720,#8879,#8880);
#7298=AXIS2_PLACEMENT_3D('',#10726,#8884,#8885);
#7299=AXIS2_PLACEMENT_3D('',#10729,#8888,#8889);
#7300=AXIS2_PLACEMENT_3D('',#10730,#8890,#8891);
#7301=AXIS2_PLACEMENT_3D('',#10731,#8892,#8893);
#7302=AXIS2_PLACEMENT_3D('',#10732,#8894,#8895);
#7303=AXIS2_PLACEMENT_3D('',#10741,#8900,#8901);
#7304=AXIS2_PLACEMENT_3D('',#10747,#8905,#8906);
#7305=AXIS2_PLACEMENT_3D('',#10753,#8910,#8911);
#7306=AXIS2_PLACEMENT_3D('',#10756,#8914,#8915);
#7307=AXIS2_PLACEMENT_3D('',#10757,#8916,#8917);
#7308=AXIS2_PLACEMENT_3D('',#10758,#8918,#8919);
#7309=AXIS2_PLACEMENT_3D('',#10759,#8920,#8921);
#7310=AXIS2_PLACEMENT_3D('',#10768,#8926,#8927);
#7311=AXIS2_PLACEMENT_3D('',#10774,#8931,#8932);
#7312=AXIS2_PLACEMENT_3D('',#10780,#8936,#8937);
#7313=AXIS2_PLACEMENT_3D('',#10783,#8940,#8941);
#7314=AXIS2_PLACEMENT_3D('',#10784,#8942,#8943);
#7315=AXIS2_PLACEMENT_3D('',#10785,#8944,#8945);
#7316=AXIS2_PLACEMENT_3D('',#10786,#8946,#8947);
#7317=AXIS2_PLACEMENT_3D('',#10795,#8952,#8953);
#7318=AXIS2_PLACEMENT_3D('',#10801,#8957,#8958);
#7319=AXIS2_PLACEMENT_3D('',#10807,#8962,#8963);
#7320=AXIS2_PLACEMENT_3D('',#10810,#8966,#8967);
#7321=AXIS2_PLACEMENT_3D('',#10811,#8968,#8969);
#7322=AXIS2_PLACEMENT_3D('',#10812,#8970,#8971);
#7323=AXIS2_PLACEMENT_3D('',#10813,#8972,#8973);
#7324=AXIS2_PLACEMENT_3D('',#10814,#8974,#8975);
#7325=AXIS2_PLACEMENT_3D('',#10815,#8976,#8977);
#7326=AXIS2_PLACEMENT_3D('',#10816,#8978,#8979);
#7327=AXIS2_PLACEMENT_3D('',#10817,#8980,#8981);
#7328=AXIS2_PLACEMENT_3D('',#10818,#8982,#8983);
#7329=AXIS2_PLACEMENT_3D('',#10819,#8984,#8985);
#7330=AXIS2_PLACEMENT_3D('',#10820,#8986,#8987);
#7331=AXIS2_PLACEMENT_3D('',#10829,#8992,#8993);
#7332=AXIS2_PLACEMENT_3D('',#10835,#8997,#8998);
#7333=AXIS2_PLACEMENT_3D('',#10841,#9002,#9003);
#7334=AXIS2_PLACEMENT_3D('',#10844,#9006,#9007);
#7335=AXIS2_PLACEMENT_3D('',#10845,#9008,#9009);
#7336=AXIS2_PLACEMENT_3D('',#10846,#9010,#9011);
#7337=AXIS2_PLACEMENT_3D('',#10847,#9012,#9013);
#7338=AXIS2_PLACEMENT_3D('',#10856,#9018,#9019);
#7339=AXIS2_PLACEMENT_3D('',#10862,#9023,#9024);
#7340=AXIS2_PLACEMENT_3D('',#10866,#9027,#9028);
#7341=AXIS2_PLACEMENT_3D('',#10870,#9031,#9032);
#7342=AXIS2_PLACEMENT_3D('',#10872,#9034,#9035);
#7343=AXIS2_PLACEMENT_3D('',#10873,#9036,#9037);
#7344=AXIS2_PLACEMENT_3D('',#10874,#9038,#9039);
#7345=AXIS2_PLACEMENT_3D('',#10883,#9044,#9045);
#7346=AXIS2_PLACEMENT_3D('',#10889,#9049,#9050);
#7347=AXIS2_PLACEMENT_3D('',#10893,#9053,#9054);
#7348=AXIS2_PLACEMENT_3D('',#10897,#9057,#9058);
#7349=AXIS2_PLACEMENT_3D('',#10899,#9060,#9061);
#7350=AXIS2_PLACEMENT_3D('',#10900,#9062,#9063);
#7351=AXIS2_PLACEMENT_3D('',#10901,#9064,#9065);
#7352=AXIS2_PLACEMENT_3D('',#10910,#9070,#9071);
#7353=AXIS2_PLACEMENT_3D('',#10916,#9075,#9076);
#7354=AXIS2_PLACEMENT_3D('',#10922,#9080,#9081);
#7355=AXIS2_PLACEMENT_3D('',#10925,#9084,#9085);
#7356=AXIS2_PLACEMENT_3D('',#10926,#9086,#9087);
#7357=AXIS2_PLACEMENT_3D('',#10927,#9088,#9089);
#7358=AXIS2_PLACEMENT_3D('',#10928,#9090,#9091);
#7359=AXIS2_PLACEMENT_3D('',#10929,#9092,#9093);
#7360=AXIS2_PLACEMENT_3D('',#10930,#9094,#9095);
#7361=AXIS2_PLACEMENT_3D('',#10931,#9096,#9097);
#7362=AXIS2_PLACEMENT_3D('',#10932,#9098,#9099);
#7363=AXIS2_PLACEMENT_3D('',#10933,#9100,#9101);
#7364=AXIS2_PLACEMENT_3D('',#10942,#9106,#9107);
#7365=AXIS2_PLACEMENT_3D('',#10948,#9111,#9112);
#7366=AXIS2_PLACEMENT_3D('',#10954,#9116,#9117);
#7367=AXIS2_PLACEMENT_3D('',#10957,#9120,#9121);
#7368=AXIS2_PLACEMENT_3D('',#10958,#9122,#9123);
#7369=AXIS2_PLACEMENT_3D('',#10959,#9124,#9125);
#7370=AXIS2_PLACEMENT_3D('',#10960,#9126,#9127);
#7371=AXIS2_PLACEMENT_3D('',#10969,#9132,#9133);
#7372=AXIS2_PLACEMENT_3D('',#10975,#9137,#9138);
#7373=AXIS2_PLACEMENT_3D('',#10981,#9142,#9143);
#7374=AXIS2_PLACEMENT_3D('',#10984,#9146,#9147);
#7375=AXIS2_PLACEMENT_3D('',#10985,#9148,#9149);
#7376=AXIS2_PLACEMENT_3D('',#10986,#9150,#9151);
#7377=AXIS2_PLACEMENT_3D('',#10987,#9152,#9153);
#7378=AXIS2_PLACEMENT_3D('',#10996,#9158,#9159);
#7379=AXIS2_PLACEMENT_3D('',#11002,#9163,#9164);
#7380=AXIS2_PLACEMENT_3D('',#11008,#9168,#9169);
#7381=AXIS2_PLACEMENT_3D('',#11011,#9172,#9173);
#7382=AXIS2_PLACEMENT_3D('',#11012,#9174,#9175);
#7383=AXIS2_PLACEMENT_3D('',#11013,#9176,#9177);
#7384=AXIS2_PLACEMENT_3D('',#11014,#9178,#9179);
#7385=AXIS2_PLACEMENT_3D('',#11023,#9184,#9185);
#7386=AXIS2_PLACEMENT_3D('',#11029,#9189,#9190);
#7387=AXIS2_PLACEMENT_3D('',#11035,#9194,#9195);
#7388=AXIS2_PLACEMENT_3D('',#11038,#9198,#9199);
#7389=AXIS2_PLACEMENT_3D('',#11039,#9200,#9201);
#7390=AXIS2_PLACEMENT_3D('',#11040,#9202,#9203);
#7391=AXIS2_PLACEMENT_3D('',#11041,#9204,#9205);
#7392=AXIS2_PLACEMENT_3D('',#11042,#9206,#9207);
#7393=AXIS2_PLACEMENT_3D('',#11043,#9208,#9209);
#7394=AXIS2_PLACEMENT_3D('',#11044,#9210,#9211);
#7395=AXIS2_PLACEMENT_3D('',#11045,#9212,#9213);
#7396=AXIS2_PLACEMENT_3D('',#11046,#9214,#9215);
#7397=AXIS2_PLACEMENT_3D('',#11047,#9216,#9217);
#7398=AXIS2_PLACEMENT_3D('',#11048,#9218,#9219);
#7399=AXIS2_PLACEMENT_3D('',#11049,#9220,#9221);
#7400=AXIS2_PLACEMENT_3D('',#11050,#9222,#9223);
#7401=AXIS2_PLACEMENT_3D('',#11051,#9224,#9225);
#7402=AXIS2_PLACEMENT_3D('',#11052,#9226,#9227);
#7403=AXIS2_PLACEMENT_3D('',#11053,#9228,#9229);
#7404=DIRECTION('axis',(0.,0.,1.));
#7405=DIRECTION('refdir',(1.,0.,0.));
#7406=DIRECTION('axis',(0.,0.,1.));
#7407=DIRECTION('refdir',(1.,0.,0.));
#7408=DIRECTION('axis',(0.,0.,1.));
#7409=DIRECTION('refdir',(1.,0.,0.));
#7410=DIRECTION('center_axis',(0.,1.,0.));
#7411=DIRECTION('ref_axis',(-1.,0.,0.));
#7412=DIRECTION('',(1.,0.,0.));
#7413=DIRECTION('',(0.,0.,1.));
#7414=DIRECTION('',(-1.,0.,0.));
#7415=DIRECTION('',(0.,0.,1.));
#7416=DIRECTION('center_axis',(1.,0.,0.));
#7417=DIRECTION('ref_axis',(0.,1.,0.));
#7418=DIRECTION('',(0.,-1.,0.));
#7419=DIRECTION('',(0.,1.,0.));
#7420=DIRECTION('',(0.,0.,1.));
#7421=DIRECTION('center_axis',(0.,-1.,0.));
#7422=DIRECTION('ref_axis',(1.,0.,0.));
#7423=DIRECTION('',(-1.,0.,0.));
#7424=DIRECTION('',(1.,0.,0.));
#7425=DIRECTION('',(0.,0.,1.));
#7426=DIRECTION('center_axis',(0.,0.,1.));
#7427=DIRECTION('ref_axis',(-5.55111512312575E-15,1.,0.));
#7428=DIRECTION('center_axis',(0.,0.,1.));
#7429=DIRECTION('ref_axis',(-5.55111512312575E-15,1.,0.));
#7430=DIRECTION('center_axis',(0.,0.,-1.));
#7431=DIRECTION('ref_axis',(-5.55111512312575E-15,1.,0.));
#7432=DIRECTION('',(0.,0.,1.));
#7433=DIRECTION('center_axis',(1.,2.92163953848725E-17,0.));
#7434=DIRECTION('ref_axis',(-2.92163953848725E-17,1.,0.));
#7435=DIRECTION('',(2.92163953848725E-17,-1.,0.));
#7436=DIRECTION('',(-2.92163953848725E-17,1.,0.));
#7437=DIRECTION('',(0.,0.,1.));
#7438=DIRECTION('center_axis',(0.,0.,1.));
#7439=DIRECTION('ref_axis',(-1.,1.66533453693774E-15,0.));
#7440=DIRECTION('center_axis',(0.,0.,1.));
#7441=DIRECTION('ref_axis',(-1.,1.66533453693774E-15,0.));
#7442=DIRECTION('center_axis',(0.,0.,-1.));
#7443=DIRECTION('ref_axis',(-1.,1.66533453693774E-15,0.));
#7444=DIRECTION('',(0.,0.,1.));
#7445=DIRECTION('center_axis',(0.,1.,0.));
#7446=DIRECTION('ref_axis',(-1.,0.,0.));
#7447=DIRECTION('',(1.,0.,0.));
#7448=DIRECTION('',(-1.,0.,0.));
#7449=DIRECTION('',(0.,0.,1.));
#7450=DIRECTION('center_axis',(0.,0.,1.));
#7451=DIRECTION('ref_axis',(4.4408920985006E-15,-1.,0.));
#7452=DIRECTION('center_axis',(0.,0.,1.));
#7453=DIRECTION('ref_axis',(4.4408920985006E-15,-1.,0.));
#7454=DIRECTION('center_axis',(0.,0.,-1.));
#7455=DIRECTION('ref_axis',(4.4408920985006E-15,-1.,0.));
#7456=DIRECTION('',(0.,0.,1.));
#7457=DIRECTION('center_axis',(-1.,0.,0.));
#7458=DIRECTION('ref_axis',(0.,-1.,0.));
#7459=DIRECTION('',(0.,-1.,0.));
#7460=DIRECTION('',(0.,-1.,0.));
#7461=DIRECTION('',(0.,0.,1.));
#7462=DIRECTION('center_axis',(0.,1.,0.));
#7463=DIRECTION('ref_axis',(-1.,0.,0.));
#7464=DIRECTION('',(-1.,0.,0.));
#7465=DIRECTION('',(-1.,0.,0.));
#7466=DIRECTION('',(0.,0.,1.));
#7467=DIRECTION('center_axis',(1.,0.,0.));
#7468=DIRECTION('ref_axis',(0.,1.,0.));
#7469=DIRECTION('',(0.,1.,0.));
#7470=DIRECTION('',(0.,1.,0.));
#7471=DIRECTION('',(0.,0.,1.));
#7472=DIRECTION('center_axis',(0.,0.,1.));
#7473=DIRECTION('ref_axis',(3.55271367880049E-15,-1.,0.));
#7474=DIRECTION('center_axis',(0.,0.,1.));
#7475=DIRECTION('ref_axis',(3.55271367880049E-15,-1.,0.));
#7476=DIRECTION('center_axis',(0.,0.,1.));
#7477=DIRECTION('ref_axis',(3.55271367880049E-15,-1.,0.));
#7478=DIRECTION('',(0.,0.,1.));
#7479=DIRECTION('center_axis',(0.,-1.,0.));
#7480=DIRECTION('ref_axis',(1.,0.,0.));
#7481=DIRECTION('',(1.,0.,0.));
#7482=DIRECTION('',(1.,0.,0.));
#7483=DIRECTION('',(0.,0.,1.));
#7484=DIRECTION('center_axis',(0.,0.,1.));
#7485=DIRECTION('ref_axis',(-1.,1.11022302462516E-15,0.));
#7486=DIRECTION('center_axis',(0.,0.,1.));
#7487=DIRECTION('ref_axis',(-1.,1.11022302462516E-15,0.));
#7488=DIRECTION('center_axis',(0.,0.,1.));
#7489=DIRECTION('ref_axis',(-1.,1.11022302462516E-15,0.));
#7490=DIRECTION('',(0.,0.,1.));
#7491=DIRECTION('center_axis',(-1.,0.,0.));
#7492=DIRECTION('ref_axis',(0.,-1.,0.));
#7493=DIRECTION('',(0.,-1.,0.));
#7494=DIRECTION('',(0.,-1.,0.));
#7495=DIRECTION('',(0.,0.,1.));
#7496=DIRECTION('center_axis',(0.,0.,1.));
#7497=DIRECTION('ref_axis',(-2.44249065417534E-15,1.,0.));
#7498=DIRECTION('center_axis',(0.,0.,1.));
#7499=DIRECTION('ref_axis',(-2.44249065417534E-15,1.,0.));
#7500=DIRECTION('center_axis',(0.,0.,1.));
#7501=DIRECTION('ref_axis',(-2.44249065417534E-15,1.,0.));
#7502=DIRECTION('center_axis',(0.,0.,1.));
#7503=DIRECTION('ref_axis',(1.,0.,0.));
#7504=DIRECTION('center_axis',(0.,0.,1.));
#7505=DIRECTION('ref_axis',(1.,0.,0.));
#7506=DIRECTION('axis',(0.,0.,1.));
#7507=DIRECTION('refdir',(1.,0.,0.));
#7508=DIRECTION('center_axis',(-0.707106781186548,0.707106781186548,7.85046229341888E-17));
#7509=DIRECTION('ref_axis',(1.11022302462516E-16,0.,1.));
#7510=DIRECTION('',(0.707106781186548,0.707106781186548,0.));
#7511=DIRECTION('',(-1.11022302462516E-16,0.,-1.));
#7512=DIRECTION('',(-0.707106781186548,-0.707106781186548,0.));
#7513=DIRECTION('center_axis',(0.707106781186548,-0.707106781186548,-7.85046229341888E-17));
#7514=DIRECTION('ref_axis',(-0.707106781186548,-0.707106781186548,-1.25607396694702E-15));
#7515=DIRECTION('',(-1.38777878078145E-17,9.71445146547012E-17,-1.));
#7516=DIRECTION('center_axis',(0.707106781186548,-0.707106781186548,-7.85046229341888E-17));
#7517=DIRECTION('ref_axis',(-0.707106781186547,-0.707106781186547,0.));
#7518=DIRECTION('',(0.707106781186548,0.707106781186548,0.));
#7519=DIRECTION('',(-1.11022302462516E-16,0.,-1.));
#7520=DIRECTION('',(-0.707106781186548,-0.707106781186548,0.));
#7521=DIRECTION('center_axis',(-0.707106781186548,0.707106781186548,7.85046229341888E-17));
#7522=DIRECTION('ref_axis',(-0.707106781186548,-0.707106781186548,3.92523114670944E-16));
#7523=DIRECTION('',(0.,-9.71445146547012E-17,1.));
#7524=DIRECTION('center_axis',(-0.707106781186548,0.707106781186548,7.85046229341888E-17));
#7525=DIRECTION('ref_axis',(-0.707106781186547,-0.707106781186547,5.49532360539321E-16));
#7526=DIRECTION('center_axis',(1.,0.,0.));
#7527=DIRECTION('ref_axis',(0.,-1.77635683940024E-15,1.));
#7528=DIRECTION('center_axis',(-0.707106781186548,-0.707106781186548,0.));
#7529=DIRECTION('ref_axis',(0.707106781186548,-0.707106781186548,-1.25607396694702E-15));
#7530=DIRECTION('',(1.,0.,0.));
#7531=DIRECTION('',(1.,0.,0.));
#7532=DIRECTION('center_axis',(0.,0.,-1.));
#7533=DIRECTION('ref_axis',(0.,1.,0.));
#7534=DIRECTION('',(-0.707106781186548,0.707106781186548,0.));
#7535=DIRECTION('',(1.,0.,0.));
#7536=DIRECTION('center_axis',(0.,1.,0.));
#7537=DIRECTION('ref_axis',(0.,0.,1.));
#7538=DIRECTION('',(0.,0.,1.));
#7539=DIRECTION('',(1.,0.,0.));
#7540=DIRECTION('center_axis',(0.,0.,1.));
#7541=DIRECTION('ref_axis',(0.,-1.,0.));
#7542=DIRECTION('',(0.707106781186548,-0.707106781186548,0.));
#7543=DIRECTION('',(1.,0.,0.));
#7544=DIRECTION('center_axis',(0.,-1.,-9.71445146547012E-17));
#7545=DIRECTION('ref_axis',(0.,9.71445146547012E-17,-1.));
#7546=DIRECTION('',(1.,0.,0.));
#7547=DIRECTION('',(0.,9.71445146547012E-17,-1.));
#7548=DIRECTION('',(1.,0.,0.));
#7549=DIRECTION('center_axis',(1.,0.,0.));
#7550=DIRECTION('ref_axis',(0.,7.7715611723761E-16,1.));
#7551=DIRECTION('center_axis',(0.707106781186548,0.707106781186548,0.));
#7552=DIRECTION('ref_axis',(0.707106781186547,-0.707106781186547,5.49532360539321E-16));
#7553=DIRECTION('center_axis',(1.,0.,0.));
#7554=DIRECTION('ref_axis',(0.,-1.,5.55111512312579E-16));
#7555=DIRECTION('center_axis',(0.707106781186548,0.707106781186548,0.));
#7556=DIRECTION('ref_axis',(0.707106781186548,-0.707106781186548,3.92523114670944E-16));
#7557=DIRECTION('',(1.,0.,0.));
#7558=DIRECTION('center_axis',(0.,0.,-1.));
#7559=DIRECTION('ref_axis',(0.,1.,0.));
#7560=DIRECTION('',(-0.707106781186548,0.707106781186548,0.));
#7561=DIRECTION('',(1.,0.,0.));
#7562=DIRECTION('center_axis',(0.,1.,0.));
#7563=DIRECTION('ref_axis',(0.,0.,1.));
#7564=DIRECTION('',(0.,0.,1.));
#7565=DIRECTION('',(1.,0.,0.));
#7566=DIRECTION('center_axis',(0.,0.,1.));
#7567=DIRECTION('ref_axis',(0.,-1.,0.));
#7568=DIRECTION('',(0.707106781186548,-0.707106781186548,0.));
#7569=DIRECTION('',(1.,0.,0.));
#7570=DIRECTION('center_axis',(1.,0.,0.));
#7571=DIRECTION('ref_axis',(0.,-1.,0.));
#7572=DIRECTION('center_axis',(-0.707106781186548,-0.707106781186548,0.));
#7573=DIRECTION('ref_axis',(0.707106781186547,-0.707106781186547,0.));
#7574=DIRECTION('',(1.,0.,0.));
#7575=DIRECTION('center_axis',(0.,1.,9.71445146547012E-17));
#7576=DIRECTION('ref_axis',(0.,-9.71445146547012E-17,1.));
#7577=DIRECTION('',(9.71445146547012E-17,-9.71445146547012E-17,1.));
#7578=DIRECTION('center_axis',(0.707106781186548,0.707106781186548,0.));
#7579=DIRECTION('ref_axis',(0.,0.,-1.));
#7580=DIRECTION('axis',(0.,0.,1.));
#7581=DIRECTION('refdir',(1.,0.,0.));
#7582=DIRECTION('center_axis',(0.,0.,-1.));
#7583=DIRECTION('ref_axis',(-1.,0.,0.));
#7584=DIRECTION('',(0.,1.,0.));
#7585=DIRECTION('',(1.,0.,0.));
#7586=DIRECTION('',(0.,1.,0.));
#7587=DIRECTION('',(-1.,0.,0.));
#7588=DIRECTION('center_axis',(0.,-1.,0.));
#7589=DIRECTION('ref_axis',(-1.,0.,0.));
#7590=DIRECTION('',(-1.,0.,0.));
#7591=DIRECTION('',(0.,0.,-1.));
#7592=DIRECTION('',(1.,0.,0.));
#7593=DIRECTION('',(0.,0.,-1.));
#7594=DIRECTION('center_axis',(0.,-1.,0.));
#7595=DIRECTION('ref_axis',(-1.,0.,-1.77635683940025E-15));
#7596=DIRECTION('center_axis',(-1.,0.,0.));
#7597=DIRECTION('ref_axis',(0.,1.,0.));
#7598=DIRECTION('',(0.,1.,0.));
#7599=DIRECTION('',(0.,0.,-1.));
#7600=DIRECTION('center_axis',(1.,0.,0.));
#7601=DIRECTION('ref_axis',(0.,-1.,0.));
#7602=DIRECTION('',(0.,-1.,0.));
#7603=DIRECTION('',(0.,0.,-1.));
#7604=DIRECTION('',(0.,1.,0.));
#7605=DIRECTION('center_axis',(0.,1.,0.));
#7606=DIRECTION('ref_axis',(1.,0.,0.));
#7607=DIRECTION('',(1.,0.,0.));
#7608=DIRECTION('center_axis',(0.,1.,0.));
#7609=DIRECTION('ref_axis',(-1.,0.,-1.77635683940025E-15));
#7610=DIRECTION('',(-1.,0.,0.));
#7611=DIRECTION('center_axis',(0.,1.,0.));
#7612=DIRECTION('ref_axis',(-1.,0.,-1.77635683940025E-15));
#7613=DIRECTION('',(0.,1.,0.));
#7614=DIRECTION('center_axis',(0.707106781186548,0.707106781186548,-7.85046229341888E-17));
#7615=DIRECTION('ref_axis',(-0.707106781186547,0.707106781186547,-1.25607396694702E-15));
#7616=DIRECTION('',(0.,1.,0.));
#7617=DIRECTION('center_axis',(-0.707106781186548,0.707106781186548,7.85046229341888E-17));
#7618=DIRECTION('ref_axis',(-0.707106781186547,-0.707106781186547,-1.25607396694702E-15));
#7619=DIRECTION('',(0.,1.,0.));
#7620=DIRECTION('center_axis',(-0.707106781186548,0.707106781186548,7.85046229341888E-17));
#7621=DIRECTION('ref_axis',(1.11022302462516E-16,0.,1.));
#7622=DIRECTION('',(-1.11022302462516E-16,0.,-1.));
#7623=DIRECTION('center_axis',(-0.707106781186548,0.707106781186548,7.85046229341888E-17));
#7624=DIRECTION('ref_axis',(-0.707106781186548,-0.707106781186548,-5.49532360539322E-16));
#7625=DIRECTION('',(-0.707106781186548,-0.707106781186548,0.));
#7626=DIRECTION('',(0.,1.11022302462516E-16,-1.));
#7627=DIRECTION('',(0.707106781186548,0.707106781186548,0.));
#7628=DIRECTION('center_axis',(0.707106781186548,-0.707106781186548,-7.85046229341888E-17));
#7629=DIRECTION('ref_axis',(-0.707106781186547,-0.707106781186547,1.57009245868377E-16));
#7630=DIRECTION('',(9.71445146547012E-17,2.08166817117217E-16,-1.));
#7631=DIRECTION('center_axis',(0.707106781186548,-0.707106781186548,-7.85046229341888E-17));
#7632=DIRECTION('ref_axis',(-0.707106781186547,-0.707106781186547,5.02429586778806E-15));
#7633=DIRECTION('',(-0.707106781186548,-0.707106781186548,0.));
#7634=DIRECTION('',(0.,1.11022302462516E-16,-1.));
#7635=DIRECTION('',(0.707106781186548,0.707106781186548,0.));
#7636=DIRECTION('center_axis',(1.,0.,9.71445146547012E-17));
#7637=DIRECTION('ref_axis',(9.71445146547012E-17,0.,-1.));
#7638=DIRECTION('',(0.,1.,0.));
#7639=DIRECTION('',(9.71445146547012E-17,-2.08166817117217E-16,-1.));
#7640=DIRECTION('',(0.,1.,0.));
#7641=DIRECTION('center_axis',(0.,1.,0.));
#7642=DIRECTION('ref_axis',(-2.22044604925031E-16,0.,-1.));
#7643=DIRECTION('',(0.,1.,0.));
#7644=DIRECTION('center_axis',(-0.707106781186548,-0.707106781186548,7.85046229341888E-17));
#7645=DIRECTION('ref_axis',(-0.707106781186547,0.707106781186547,1.57009245868377E-16));
#7646=DIRECTION('center_axis',(0.,0.,1.));
#7647=DIRECTION('ref_axis',(1.,0.,0.));
#7648=DIRECTION('',(0.,1.,0.));
#7649=DIRECTION('',(0.707106781186548,-0.707106781186548,0.));
#7650=DIRECTION('center_axis',(1.,0.,0.));
#7651=DIRECTION('ref_axis',(0.,0.,-1.));
#7652=DIRECTION('',(0.,1.,0.));
#7653=DIRECTION('',(0.,-1.11022302462516E-16,-1.));
#7654=DIRECTION('center_axis',(0.,0.,-1.));
#7655=DIRECTION('ref_axis',(-1.,0.,0.));
#7656=DIRECTION('',(0.,1.,0.));
#7657=DIRECTION('',(-0.707106781186548,0.707106781186548,0.));
#7658=DIRECTION('center_axis',(0.,1.,0.));
#7659=DIRECTION('ref_axis',(7.7715611723761E-16,0.,-1.));
#7660=DIRECTION('',(0.,1.,0.));
#7661=DIRECTION('center_axis',(0.707106781186548,0.707106781186548,-7.85046229341888E-17));
#7662=DIRECTION('ref_axis',(-0.707106781186548,0.707106781186548,-5.49532360539322E-16));
#7663=DIRECTION('center_axis',(-1.,0.,1.11022302462516E-16));
#7664=DIRECTION('ref_axis',(1.11022302462516E-16,0.,1.));
#7665=DIRECTION('',(1.11022302462516E-16,0.,1.));
#7666=DIRECTION('center_axis',(0.,0.,1.));
#7667=DIRECTION('ref_axis',(1.,0.,0.));
#7668=DIRECTION('',(0.,1.,0.));
#7669=DIRECTION('',(0.707106781186548,-0.707106781186548,0.));
#7670=DIRECTION('center_axis',(1.,0.,0.));
#7671=DIRECTION('ref_axis',(0.,0.,-1.));
#7672=DIRECTION('',(0.,1.,0.));
#7673=DIRECTION('',(0.,-1.11022302462516E-16,-1.));
#7674=DIRECTION('center_axis',(0.,0.,-1.));
#7675=DIRECTION('ref_axis',(-1.,0.,0.));
#7676=DIRECTION('',(0.,1.,0.));
#7677=DIRECTION('',(-0.707106781186548,0.707106781186548,0.));
#7678=DIRECTION('',(0.,1.,0.));
#7679=DIRECTION('center_axis',(0.,1.,0.));
#7680=DIRECTION('ref_axis',(-1.,0.,7.10542735760098E-15));
#7681=DIRECTION('center_axis',(-0.707106781186548,-0.707106781186548,7.85046229341888E-17));
#7682=DIRECTION('ref_axis',(-0.707106781186547,0.707106781186547,5.02429586778806E-15));
#7683=DIRECTION('center_axis',(0.707106781186548,0.707106781186548,-7.85046229341888E-17));
#7684=DIRECTION('ref_axis',(-1.11022302462516E-16,0.,-1.));
#7685=DIRECTION('axis',(0.,0.,1.));
#7686=DIRECTION('refdir',(1.,0.,0.));
#7687=DIRECTION('center_axis',(0.,1.,0.));
#7688=DIRECTION('ref_axis',(-1.,0.,-2.22044604925031E-16));
#7689=DIRECTION('',(-1.,0.,0.));
#7690=DIRECTION('',(0.,0.,-1.));
#7691=DIRECTION('',(1.,0.,0.));
#7692=DIRECTION('',(-1.,0.,-2.22044604925031E-16));
#7693=DIRECTION('',(-2.22044604925031E-16,0.,1.));
#7694=DIRECTION('center_axis',(0.,1.,0.));
#7695=DIRECTION('ref_axis',(-1.,0.,1.77635683940025E-15));
#7696=DIRECTION('center_axis',(-1.,0.,-2.22044604925031E-16));
#7697=DIRECTION('ref_axis',(0.,-1.,0.));
#7698=DIRECTION('',(0.,-1.,0.));
#7699=DIRECTION('',(0.,-1.,0.));
#7700=DIRECTION('',(-2.22044604925031E-16,0.,1.));
#7701=DIRECTION('center_axis',(0.,-1.,0.));
#7702=DIRECTION('ref_axis',(1.,0.,2.22044604925031E-16));
#7703=DIRECTION('',(1.,0.,0.));
#7704=DIRECTION('center_axis',(0.,-1.,0.));
#7705=DIRECTION('ref_axis',(-1.,0.,1.77635683940025E-15));
#7706=DIRECTION('',(1.,0.,2.22044604925031E-16));
#7707=DIRECTION('',(-1.,0.,0.));
#7708=DIRECTION('',(0.,0.,1.));
#7709=DIRECTION('center_axis',(-2.22044604925031E-16,0.,1.));
#7710=DIRECTION('ref_axis',(1.,0.,2.22044604925031E-16));
#7711=DIRECTION('',(0.,1.,0.));
#7712=DIRECTION('center_axis',(0.,0.,-1.));
#7713=DIRECTION('ref_axis',(-1.,0.,0.));
#7714=DIRECTION('',(0.,1.,0.));
#7715=DIRECTION('',(-0.707106781186548,-0.707106781186548,0.));
#7716=DIRECTION('',(0.,1.,0.));
#7717=DIRECTION('center_axis',(0.,0.,-1.));
#7718=DIRECTION('ref_axis',(-1.,0.,0.));
#7719=DIRECTION('',(0.,1.,0.));
#7720=DIRECTION('',(-0.707106781186548,0.707106781186548,0.));
#7721=DIRECTION('',(0.,1.,0.));
#7722=DIRECTION('center_axis',(-1.,0.,0.));
#7723=DIRECTION('ref_axis',(0.,0.,1.));
#7724=DIRECTION('',(0.,1.11022302462516E-16,1.));
#7725=DIRECTION('',(0.,1.,0.));
#7726=DIRECTION('center_axis',(-1.,0.,0.));
#7727=DIRECTION('ref_axis',(0.,0.,1.));
#7728=DIRECTION('',(0.,1.,0.));
#7729=DIRECTION('',(0.,-1.11022302462516E-16,1.));
#7730=DIRECTION('center_axis',(0.,-1.,0.));
#7731=DIRECTION('ref_axis',(-1.,0.,1.77635683940025E-15));
#7732=DIRECTION('',(0.,1.,0.));
#7733=DIRECTION('center_axis',(0.707106781186548,-0.707106781186548,7.85046229341888E-17));
#7734=DIRECTION('ref_axis',(-0.707106781186547,-0.707106781186547,1.25607396694702E-15));
#7735=DIRECTION('',(0.,1.,0.));
#7736=DIRECTION('center_axis',(-0.707106781186548,-0.707106781186548,-7.85046229341888E-17));
#7737=DIRECTION('ref_axis',(-0.707106781186547,0.707106781186547,1.25607396694702E-15));
#7738=DIRECTION('',(0.,1.,0.));
#7739=DIRECTION('center_axis',(0.,0.,1.));
#7740=DIRECTION('ref_axis',(1.,0.,0.));
#7741=DIRECTION('',(0.707106781186548,0.707106781186548,0.));
#7742=DIRECTION('center_axis',(0.,0.,1.));
#7743=DIRECTION('ref_axis',(1.,0.,0.));
#7744=DIRECTION('',(0.707106781186548,-0.707106781186548,0.));
#7745=DIRECTION('center_axis',(0.707106781186548,-0.707106781186548,7.85046229341888E-17));
#7746=DIRECTION('ref_axis',(1.11022302462516E-16,0.,-1.));
#7747=DIRECTION('',(-1.11022302462516E-16,0.,1.));
#7748=DIRECTION('center_axis',(-0.707106781186548,0.707106781186548,-7.85046229341888E-17));
#7749=DIRECTION('ref_axis',(-0.707106781186547,-0.707106781186547,-5.02429586778806E-15));
#7750=DIRECTION('',(9.71445146547012E-17,2.08166817117217E-16,1.));
#7751=DIRECTION('center_axis',(-0.707106781186548,0.707106781186548,-7.85046229341888E-17));
#7752=DIRECTION('ref_axis',(-0.707106781186547,-0.707106781186547,-1.57009245868377E-16));
#7753=DIRECTION('',(0.707106781186548,0.707106781186548,0.));
#7754=DIRECTION('',(0.,1.11022302462516E-16,1.));
#7755=DIRECTION('',(-0.707106781186548,-0.707106781186548,0.));
#7756=DIRECTION('center_axis',(0.707106781186548,-0.707106781186548,7.85046229341888E-17));
#7757=DIRECTION('ref_axis',(-0.707106781186548,-0.707106781186548,5.49532360539322E-16));
#7758=DIRECTION('center_axis',(-1.,0.,9.71445146547012E-17));
#7759=DIRECTION('ref_axis',(9.71445146547012E-17,0.,1.));
#7760=DIRECTION('',(0.,1.,0.));
#7761=DIRECTION('',(9.71445146547012E-17,-2.08166817117217E-16,1.));
#7762=DIRECTION('',(0.,1.,0.));
#7763=DIRECTION('center_axis',(0.,-1.,0.));
#7764=DIRECTION('ref_axis',(-2.22044604925031E-16,0.,1.));
#7765=DIRECTION('center_axis',(0.707106781186548,0.707106781186548,7.85046229341888E-17));
#7766=DIRECTION('ref_axis',(-0.707106781186547,0.707106781186547,-1.57009245868377E-16));
#7767=DIRECTION('',(0.,1.,0.));
#7768=DIRECTION('center_axis',(0.,0.,1.));
#7769=DIRECTION('ref_axis',(1.,0.,0.));
#7770=DIRECTION('',(0.707106781186548,-0.707106781186548,0.));
#7771=DIRECTION('',(0.,1.,0.));
#7772=DIRECTION('center_axis',(-1.,0.,0.));
#7773=DIRECTION('ref_axis',(0.,0.,1.));
#7774=DIRECTION('',(0.,-1.11022302462516E-16,1.));
#7775=DIRECTION('',(0.,1.,0.));
#7776=DIRECTION('center_axis',(0.,0.,-1.));
#7777=DIRECTION('ref_axis',(-1.,0.,0.));
#7778=DIRECTION('',(-0.707106781186548,0.707106781186548,0.));
#7779=DIRECTION('',(0.,1.,0.));
#7780=DIRECTION('center_axis',(0.,-1.,0.));
#7781=DIRECTION('ref_axis',(7.7715611723761E-16,0.,1.));
#7782=DIRECTION('center_axis',(-0.707106781186548,-0.707106781186548,-7.85046229341888E-17));
#7783=DIRECTION('ref_axis',(-0.707106781186548,0.707106781186548,5.49532360539322E-16));
#7784=DIRECTION('',(0.,1.,0.));
#7785=DIRECTION('center_axis',(1.,0.,1.11022302462516E-16));
#7786=DIRECTION('ref_axis',(1.11022302462516E-16,0.,-1.));
#7787=DIRECTION('',(1.11022302462516E-16,0.,-1.));
#7788=DIRECTION('center_axis',(0.,-1.,0.));
#7789=DIRECTION('ref_axis',(-1.,0.,-7.10542735760098E-15));
#7790=DIRECTION('center_axis',(0.707106781186548,0.707106781186548,7.85046229341888E-17));
#7791=DIRECTION('ref_axis',(-0.707106781186547,0.707106781186547,-5.02429586778806E-15));
#7792=DIRECTION('center_axis',(-0.707106781186548,-0.707106781186548,-7.85046229341888E-17));
#7793=DIRECTION('ref_axis',(-1.11022302462516E-16,0.,1.));
#7794=DIRECTION('axis',(0.,0.,1.));
#7795=DIRECTION('refdir',(1.,0.,0.));
#7796=DIRECTION('center_axis',(0.707106781186548,-0.707106781186548,7.85046229341888E-17));
#7797=DIRECTION('ref_axis',(1.11022302462516E-16,0.,-1.));
#7798=DIRECTION('',(0.707106781186548,0.707106781186548,0.));
#7799=DIRECTION('center_axis',(0.707106781186548,-0.707106781186548,7.85046229341888E-17));
#7800=DIRECTION('ref_axis',(-0.707106781186547,-0.707106781186547,-5.49532360539321E-16));
#7801=DIRECTION('',(0.,-9.71445146547012E-17,-1.));
#7802=DIRECTION('center_axis',(0.707106781186548,-0.707106781186548,7.85046229341888E-17));
#7803=DIRECTION('ref_axis',(-0.707106781186548,-0.707106781186548,-3.92523114670944E-16));
#7804=DIRECTION('',(-0.707106781186548,-0.707106781186548,0.));
#7805=DIRECTION('',(-1.11022302462516E-16,0.,1.));
#7806=DIRECTION('',(0.707106781186548,0.707106781186548,0.));
#7807=DIRECTION('center_axis',(-0.707106781186548,0.707106781186548,-7.85046229341888E-17));
#7808=DIRECTION('ref_axis',(-0.707106781186547,-0.707106781186547,0.));
#7809=DIRECTION('',(-1.38777878078145E-17,9.71445146547012E-17,1.));
#7810=DIRECTION('center_axis',(-0.707106781186548,0.707106781186548,-7.85046229341888E-17));
#7811=DIRECTION('ref_axis',(-0.707106781186548,-0.707106781186548,1.25607396694702E-15));
#7812=DIRECTION('',(-0.707106781186548,-0.707106781186548,0.));
#7813=DIRECTION('',(-1.11022302462516E-16,0.,1.));
#7814=DIRECTION('center_axis',(-1.,0.,0.));
#7815=DIRECTION('ref_axis',(0.,-1.77635683940024E-15,-1.));
#7816=DIRECTION('center_axis',(0.707106781186548,0.707106781186548,0.));
#7817=DIRECTION('ref_axis',(0.707106781186548,-0.707106781186548,1.25607396694702E-15));
#7818=DIRECTION('',(1.,0.,0.));
#7819=DIRECTION('',(1.,0.,0.));
#7820=DIRECTION('center_axis',(0.,0.,-1.));
#7821=DIRECTION('ref_axis',(0.,1.,0.));
#7822=DIRECTION('',(-0.707106781186548,0.707106781186548,0.));
#7823=DIRECTION('',(1.,0.,0.));
#7824=DIRECTION('center_axis',(0.,-1.,0.));
#7825=DIRECTION('ref_axis',(0.,0.,-1.));
#7826=DIRECTION('',(0.,0.,-1.));
#7827=DIRECTION('',(1.,0.,0.));
#7828=DIRECTION('center_axis',(0.,0.,1.));
#7829=DIRECTION('ref_axis',(0.,-1.,0.));
#7830=DIRECTION('',(0.707106781186548,-0.707106781186548,0.));
#7831=DIRECTION('',(1.,0.,0.));
#7832=DIRECTION('center_axis',(0.,1.,-9.71445146547012E-17));
#7833=DIRECTION('ref_axis',(0.,9.71445146547012E-17,1.));
#7834=DIRECTION('',(1.,0.,0.));
#7835=DIRECTION('',(0.,9.71445146547012E-17,1.));
#7836=DIRECTION('',(1.,0.,0.));
#7837=DIRECTION('center_axis',(-1.,0.,0.));
#7838=DIRECTION('ref_axis',(0.,7.7715611723761E-16,-1.));
#7839=DIRECTION('center_axis',(-0.707106781186548,-0.707106781186548,0.));
#7840=DIRECTION('ref_axis',(0.707106781186547,-0.707106781186547,-5.49532360539321E-16));
#7841=DIRECTION('center_axis',(-1.,0.,0.));
#7842=DIRECTION('ref_axis',(0.,-1.,-5.55111512312579E-16));
#7843=DIRECTION('center_axis',(-0.707106781186548,-0.707106781186548,0.));
#7844=DIRECTION('ref_axis',(0.707106781186548,-0.707106781186548,-3.92523114670944E-16));
#7845=DIRECTION('',(1.,0.,0.));
#7846=DIRECTION('center_axis',(0.,0.,-1.));
#7847=DIRECTION('ref_axis',(0.,1.,0.));
#7848=DIRECTION('',(-0.707106781186548,0.707106781186548,0.));
#7849=DIRECTION('',(1.,0.,0.));
#7850=DIRECTION('center_axis',(0.,-1.,0.));
#7851=DIRECTION('ref_axis',(0.,0.,-1.));
#7852=DIRECTION('',(0.,0.,-1.));
#7853=DIRECTION('',(1.,0.,0.));
#7854=DIRECTION('center_axis',(0.,0.,1.));
#7855=DIRECTION('ref_axis',(0.,-1.,0.));
#7856=DIRECTION('',(0.707106781186548,-0.707106781186548,0.));
#7857=DIRECTION('',(1.,0.,0.));
#7858=DIRECTION('center_axis',(-1.,0.,0.));
#7859=DIRECTION('ref_axis',(0.,-1.,0.));
#7860=DIRECTION('center_axis',(0.707106781186548,0.707106781186548,0.));
#7861=DIRECTION('ref_axis',(0.707106781186547,-0.707106781186547,0.));
#7862=DIRECTION('',(1.,0.,0.));
#7863=DIRECTION('center_axis',(0.,-1.,9.71445146547012E-17));
#7864=DIRECTION('ref_axis',(0.,-9.71445146547012E-17,-1.));
#7865=DIRECTION('',(9.71445146547012E-17,-9.71445146547012E-17,-1.));
#7866=DIRECTION('center_axis',(-0.707106781186548,-0.707106781186548,0.));
#7867=DIRECTION('ref_axis',(0.,0.,1.));
#7868=DIRECTION('axis',(0.,0.,1.));
#7869=DIRECTION('refdir',(1.,0.,0.));
#7870=DIRECTION('center_axis',(0.,-1.,0.));
#7871=DIRECTION('ref_axis',(-1.,0.,0.));
#7872=DIRECTION('',(1.,0.,0.));
#7873=DIRECTION('',(0.,0.,-1.));
#7874=DIRECTION('',(-1.,0.,0.));
#7875=DIRECTION('',(0.,0.,-1.));
#7876=DIRECTION('center_axis',(-1.,0.,0.));
#7877=DIRECTION('ref_axis',(0.,1.,0.));
#7878=DIRECTION('',(0.,-1.,0.));
#7879=DIRECTION('',(0.,0.,-1.));
#7880=DIRECTION('',(0.,1.,0.));
#7881=DIRECTION('center_axis',(0.,1.,0.));
#7882=DIRECTION('ref_axis',(1.,0.,0.));
#7883=DIRECTION('',(-1.,0.,0.));
#7884=DIRECTION('',(0.,0.,-1.));
#7885=DIRECTION('',(1.,0.,0.));
#7886=DIRECTION('center_axis',(0.,0.,1.));
#7887=DIRECTION('ref_axis',(-5.55111512312575E-15,1.,0.));
#7888=DIRECTION('center_axis',(0.,0.,1.));
#7889=DIRECTION('ref_axis',(-5.55111512312575E-15,1.,0.));
#7890=DIRECTION('',(0.,0.,-1.));
#7891=DIRECTION('center_axis',(0.,0.,-1.));
#7892=DIRECTION('ref_axis',(-5.55111512312575E-15,1.,0.));
#7893=DIRECTION('center_axis',(-1.,-2.92163953848725E-17,0.));
#7894=DIRECTION('ref_axis',(-2.92163953848725E-17,1.,0.));
#7895=DIRECTION('',(2.92163953848725E-17,-1.,0.));
#7896=DIRECTION('',(0.,0.,-1.));
#7897=DIRECTION('',(-2.92163953848725E-17,1.,0.));
#7898=DIRECTION('center_axis',(0.,0.,1.));
#7899=DIRECTION('ref_axis',(-1.,1.66533453693774E-15,0.));
#7900=DIRECTION('center_axis',(0.,0.,1.));
#7901=DIRECTION('ref_axis',(-1.,1.66533453693774E-15,0.));
#7902=DIRECTION('',(0.,0.,-1.));
#7903=DIRECTION('center_axis',(0.,0.,-1.));
#7904=DIRECTION('ref_axis',(-1.,1.66533453693774E-15,0.));
#7905=DIRECTION('center_axis',(0.,-1.,0.));
#7906=DIRECTION('ref_axis',(-1.,0.,0.));
#7907=DIRECTION('',(1.,0.,0.));
#7908=DIRECTION('',(0.,0.,-1.));
#7909=DIRECTION('',(-1.,0.,0.));
#7910=DIRECTION('center_axis',(0.,0.,1.));
#7911=DIRECTION('ref_axis',(4.4408920985006E-15,-1.,0.));
#7912=DIRECTION('center_axis',(0.,0.,1.));
#7913=DIRECTION('ref_axis',(4.4408920985006E-15,-1.,0.));
#7914=DIRECTION('',(0.,0.,-1.));
#7915=DIRECTION('center_axis',(0.,0.,-1.));
#7916=DIRECTION('ref_axis',(4.4408920985006E-15,-1.,0.));
#7917=DIRECTION('center_axis',(1.,0.,0.));
#7918=DIRECTION('ref_axis',(0.,-1.,0.));
#7919=DIRECTION('',(0.,-1.,0.));
#7920=DIRECTION('',(0.,0.,-1.));
#7921=DIRECTION('',(0.,-1.,0.));
#7922=DIRECTION('center_axis',(0.,-1.,0.));
#7923=DIRECTION('ref_axis',(-1.,0.,0.));
#7924=DIRECTION('',(-1.,0.,0.));
#7925=DIRECTION('',(0.,0.,-1.));
#7926=DIRECTION('',(-1.,0.,0.));
#7927=DIRECTION('center_axis',(-1.,0.,0.));
#7928=DIRECTION('ref_axis',(0.,1.,0.));
#7929=DIRECTION('',(0.,1.,0.));
#7930=DIRECTION('',(0.,0.,-1.));
#7931=DIRECTION('',(0.,1.,0.));
#7932=DIRECTION('center_axis',(0.,0.,1.));
#7933=DIRECTION('ref_axis',(3.55271367880049E-15,-1.,0.));
#7934=DIRECTION('center_axis',(0.,0.,1.));
#7935=DIRECTION('ref_axis',(3.55271367880049E-15,-1.,0.));
#7936=DIRECTION('',(0.,0.,-1.));
#7937=DIRECTION('center_axis',(0.,0.,1.));
#7938=DIRECTION('ref_axis',(3.55271367880049E-15,-1.,0.));
#7939=DIRECTION('center_axis',(0.,1.,0.));
#7940=DIRECTION('ref_axis',(1.,0.,0.));
#7941=DIRECTION('',(1.,0.,0.));
#7942=DIRECTION('',(0.,0.,-1.));
#7943=DIRECTION('',(1.,0.,0.));
#7944=DIRECTION('center_axis',(0.,0.,1.));
#7945=DIRECTION('ref_axis',(-1.,1.11022302462516E-15,0.));
#7946=DIRECTION('center_axis',(0.,0.,1.));
#7947=DIRECTION('ref_axis',(-1.,1.11022302462516E-15,0.));
#7948=DIRECTION('',(0.,0.,-1.));
#7949=DIRECTION('center_axis',(0.,0.,1.));
#7950=DIRECTION('ref_axis',(-1.,1.11022302462516E-15,0.));
#7951=DIRECTION('center_axis',(1.,0.,0.));
#7952=DIRECTION('ref_axis',(0.,-1.,0.));
#7953=DIRECTION('',(0.,-1.,0.));
#7954=DIRECTION('',(0.,0.,-1.));
#7955=DIRECTION('',(0.,-1.,0.));
#7956=DIRECTION('center_axis',(0.,0.,1.));
#7957=DIRECTION('ref_axis',(-2.44249065417534E-15,1.,0.));
#7958=DIRECTION('center_axis',(0.,0.,1.));
#7959=DIRECTION('ref_axis',(-2.44249065417534E-15,1.,0.));
#7960=DIRECTION('center_axis',(0.,0.,1.));
#7961=DIRECTION('ref_axis',(-2.44249065417534E-15,1.,0.));
#7962=DIRECTION('center_axis',(0.,0.,1.));
#7963=DIRECTION('ref_axis',(1.,0.,0.));
#7964=DIRECTION('center_axis',(0.,0.,1.));
#7965=DIRECTION('ref_axis',(1.,0.,0.));
#7966=DIRECTION('axis',(0.,0.,1.));
#7967=DIRECTION('refdir',(1.,0.,0.));
#7968=DIRECTION('center_axis',(0.,-1.,0.));
#7969=DIRECTION('ref_axis',(-1.,0.,0.));
#7970=DIRECTION('',(1.,0.,0.));
#7971=DIRECTION('',(0.,0.,-1.));
#7972=DIRECTION('',(-1.,0.,0.));
#7973=DIRECTION('',(0.,0.,-1.));
#7974=DIRECTION('center_axis',(-1.,0.,0.));
#7975=DIRECTION('ref_axis',(0.,1.,0.));
#7976=DIRECTION('',(0.,-1.,0.));
#7977=DIRECTION('',(0.,0.,-1.));
#7978=DIRECTION('',(0.,1.,0.));
#7979=DIRECTION('center_axis',(0.,1.,0.));
#7980=DIRECTION('ref_axis',(1.,0.,0.));
#7981=DIRECTION('',(-1.,0.,0.));
#7982=DIRECTION('',(0.,0.,-1.));
#7983=DIRECTION('',(1.,0.,0.));
#7984=DIRECTION('center_axis',(0.,0.,1.));
#7985=DIRECTION('ref_axis',(-5.55111512312575E-15,1.,0.));
#7986=DIRECTION('center_axis',(0.,0.,1.));
#7987=DIRECTION('ref_axis',(-5.55111512312575E-15,1.,0.));
#7988=DIRECTION('',(0.,0.,-1.));
#7989=DIRECTION('center_axis',(0.,0.,-1.));
#7990=DIRECTION('ref_axis',(-5.55111512312575E-15,1.,0.));
#7991=DIRECTION('center_axis',(-1.,-2.92163953848725E-17,0.));
#7992=DIRECTION('ref_axis',(-2.92163953848725E-17,1.,0.));
#7993=DIRECTION('',(2.92163953848725E-17,-1.,0.));
#7994=DIRECTION('',(0.,0.,-1.));
#7995=DIRECTION('',(-2.92163953848725E-17,1.,0.));
#7996=DIRECTION('center_axis',(0.,0.,1.));
#7997=DIRECTION('ref_axis',(-1.,1.66533453693774E-15,0.));
#7998=DIRECTION('center_axis',(0.,0.,1.));
#7999=DIRECTION('ref_axis',(-1.,1.66533453693774E-15,0.));
#8000=DIRECTION('',(0.,0.,-1.));
#8001=DIRECTION('center_axis',(0.,0.,-1.));
#8002=DIRECTION('ref_axis',(-1.,1.66533453693774E-15,0.));
#8003=DIRECTION('center_axis',(0.,-1.,0.));
#8004=DIRECTION('ref_axis',(-1.,0.,0.));
#8005=DIRECTION('',(1.,0.,0.));
#8006=DIRECTION('',(0.,0.,-1.));
#8007=DIRECTION('',(-1.,0.,0.));
#8008=DIRECTION('center_axis',(0.,0.,1.));
#8009=DIRECTION('ref_axis',(4.4408920985006E-15,-1.,0.));
#8010=DIRECTION('center_axis',(0.,0.,1.));
#8011=DIRECTION('ref_axis',(4.4408920985006E-15,-1.,0.));
#8012=DIRECTION('',(0.,0.,-1.));
#8013=DIRECTION('center_axis',(0.,0.,-1.));
#8014=DIRECTION('ref_axis',(4.4408920985006E-15,-1.,0.));
#8015=DIRECTION('center_axis',(1.,0.,0.));
#8016=DIRECTION('ref_axis',(0.,-1.,0.));
#8017=DIRECTION('',(0.,-1.,0.));
#8018=DIRECTION('',(0.,0.,-1.));
#8019=DIRECTION('',(0.,-1.,0.));
#8020=DIRECTION('center_axis',(0.,-1.,0.));
#8021=DIRECTION('ref_axis',(-1.,0.,0.));
#8022=DIRECTION('',(-1.,0.,0.));
#8023=DIRECTION('',(0.,0.,-1.));
#8024=DIRECTION('',(-1.,0.,0.));
#8025=DIRECTION('center_axis',(-1.,0.,0.));
#8026=DIRECTION('ref_axis',(0.,1.,0.));
#8027=DIRECTION('',(0.,1.,0.));
#8028=DIRECTION('',(0.,0.,-1.));
#8029=DIRECTION('',(0.,1.,0.));
#8030=DIRECTION('center_axis',(0.,0.,1.));
#8031=DIRECTION('ref_axis',(3.55271367880049E-15,-1.,0.));
#8032=DIRECTION('center_axis',(0.,0.,1.));
#8033=DIRECTION('ref_axis',(3.55271367880049E-15,-1.,0.));
#8034=DIRECTION('',(0.,0.,-1.));
#8035=DIRECTION('center_axis',(0.,0.,1.));
#8036=DIRECTION('ref_axis',(3.55271367880049E-15,-1.,0.));
#8037=DIRECTION('center_axis',(0.,1.,0.));
#8038=DIRECTION('ref_axis',(1.,0.,0.));
#8039=DIRECTION('',(1.,0.,0.));
#8040=DIRECTION('',(0.,0.,-1.));
#8041=DIRECTION('',(1.,0.,0.));
#8042=DIRECTION('center_axis',(0.,0.,1.));
#8043=DIRECTION('ref_axis',(-1.,1.11022302462516E-15,0.));
#8044=DIRECTION('center_axis',(0.,0.,1.));
#8045=DIRECTION('ref_axis',(-1.,1.11022302462516E-15,0.));
#8046=DIRECTION('',(0.,0.,-1.));
#8047=DIRECTION('center_axis',(0.,0.,1.));
#8048=DIRECTION('ref_axis',(-1.,1.11022302462516E-15,0.));
#8049=DIRECTION('center_axis',(1.,0.,0.));
#8050=DIRECTION('ref_axis',(0.,-1.,0.));
#8051=DIRECTION('',(0.,-1.,0.));
#8052=DIRECTION('',(0.,0.,-1.));
#8053=DIRECTION('',(0.,-1.,0.));
#8054=DIRECTION('center_axis',(0.,0.,1.));
#8055=DIRECTION('ref_axis',(-2.44249065417534E-15,1.,0.));
#8056=DIRECTION('center_axis',(0.,0.,1.));
#8057=DIRECTION('ref_axis',(-2.44249065417534E-15,1.,0.));
#8058=DIRECTION('center_axis',(0.,0.,1.));
#8059=DIRECTION('ref_axis',(-2.44249065417534E-15,1.,0.));
#8060=DIRECTION('center_axis',(0.,0.,1.));
#8061=DIRECTION('ref_axis',(1.,0.,0.));
#8062=DIRECTION('center_axis',(0.,0.,1.));
#8063=DIRECTION('ref_axis',(1.,0.,0.));
#8064=DIRECTION('axis',(0.,0.,1.));
#8065=DIRECTION('refdir',(1.,0.,0.));
#8066=DIRECTION('center_axis',(0.,1.,0.));
#8067=DIRECTION('ref_axis',(-1.,0.,0.));
#8068=DIRECTION('',(1.,0.,0.));
#8069=DIRECTION('',(0.,0.,1.));
#8070=DIRECTION('',(-1.,0.,0.));
#8071=DIRECTION('',(0.,0.,1.));
#8072=DIRECTION('center_axis',(1.,0.,0.));
#8073=DIRECTION('ref_axis',(0.,1.,0.));
#8074=DIRECTION('',(0.,-1.,0.));
#8075=DIRECTION('',(0.,1.,0.));
#8076=DIRECTION('',(0.,0.,1.));
#8077=DIRECTION('center_axis',(0.,-1.,0.));
#8078=DIRECTION('ref_axis',(1.,0.,0.));
#8079=DIRECTION('',(-1.,0.,0.));
#8080=DIRECTION('',(1.,0.,0.));
#8081=DIRECTION('',(0.,0.,1.));
#8082=DIRECTION('center_axis',(0.,0.,1.));
#8083=DIRECTION('ref_axis',(-5.55111512312575E-15,1.,0.));
#8084=DIRECTION('center_axis',(0.,0.,1.));
#8085=DIRECTION('ref_axis',(-5.55111512312575E-15,1.,0.));
#8086=DIRECTION('center_axis',(0.,0.,-1.));
#8087=DIRECTION('ref_axis',(-5.55111512312575E-15,1.,0.));
#8088=DIRECTION('',(0.,0.,1.));
#8089=DIRECTION('center_axis',(1.,2.92163953848725E-17,0.));
#8090=DIRECTION('ref_axis',(-2.92163953848725E-17,1.,0.));
#8091=DIRECTION('',(2.92163953848725E-17,-1.,0.));
#8092=DIRECTION('',(-2.92163953848725E-17,1.,0.));
#8093=DIRECTION('',(0.,0.,1.));
#8094=DIRECTION('center_axis',(0.,0.,1.));
#8095=DIRECTION('ref_axis',(-1.,1.66533453693774E-15,0.));
#8096=DIRECTION('center_axis',(0.,0.,1.));
#8097=DIRECTION('ref_axis',(-1.,1.66533453693774E-15,0.));
#8098=DIRECTION('center_axis',(0.,0.,-1.));
#8099=DIRECTION('ref_axis',(-1.,1.66533453693774E-15,0.));
#8100=DIRECTION('',(0.,0.,1.));
#8101=DIRECTION('center_axis',(0.,1.,0.));
#8102=DIRECTION('ref_axis',(-1.,0.,0.));
#8103=DIRECTION('',(1.,0.,0.));
#8104=DIRECTION('',(-1.,0.,0.));
#8105=DIRECTION('',(0.,0.,1.));
#8106=DIRECTION('center_axis',(0.,0.,1.));
#8107=DIRECTION('ref_axis',(4.4408920985006E-15,-1.,0.));
#8108=DIRECTION('center_axis',(0.,0.,1.));
#8109=DIRECTION('ref_axis',(4.4408920985006E-15,-1.,0.));
#8110=DIRECTION('center_axis',(0.,0.,-1.));
#8111=DIRECTION('ref_axis',(4.4408920985006E-15,-1.,0.));
#8112=DIRECTION('',(0.,0.,1.));
#8113=DIRECTION('center_axis',(-1.,0.,0.));
#8114=DIRECTION('ref_axis',(0.,-1.,0.));
#8115=DIRECTION('',(0.,-1.,0.));
#8116=DIRECTION('',(0.,-1.,0.));
#8117=DIRECTION('',(0.,0.,1.));
#8118=DIRECTION('center_axis',(0.,1.,0.));
#8119=DIRECTION('ref_axis',(-1.,0.,0.));
#8120=DIRECTION('',(-1.,0.,0.));
#8121=DIRECTION('',(-1.,0.,0.));
#8122=DIRECTION('',(0.,0.,1.));
#8123=DIRECTION('center_axis',(1.,0.,0.));
#8124=DIRECTION('ref_axis',(0.,1.,0.));
#8125=DIRECTION('',(0.,1.,0.));
#8126=DIRECTION('',(0.,1.,0.));
#8127=DIRECTION('',(0.,0.,1.));
#8128=DIRECTION('center_axis',(0.,0.,1.));
#8129=DIRECTION('ref_axis',(3.55271367880049E-15,-1.,0.));
#8130=DIRECTION('center_axis',(0.,0.,1.));
#8131=DIRECTION('ref_axis',(3.55271367880049E-15,-1.,0.));
#8132=DIRECTION('center_axis',(0.,0.,1.));
#8133=DIRECTION('ref_axis',(3.55271367880049E-15,-1.,0.));
#8134=DIRECTION('',(0.,0.,1.));
#8135=DIRECTION('center_axis',(0.,-1.,0.));
#8136=DIRECTION('ref_axis',(1.,0.,0.));
#8137=DIRECTION('',(1.,0.,0.));
#8138=DIRECTION('',(1.,0.,0.));
#8139=DIRECTION('',(0.,0.,1.));
#8140=DIRECTION('center_axis',(0.,0.,1.));
#8141=DIRECTION('ref_axis',(-1.,1.11022302462516E-15,0.));
#8142=DIRECTION('center_axis',(0.,0.,1.));
#8143=DIRECTION('ref_axis',(-1.,1.11022302462516E-15,0.));
#8144=DIRECTION('center_axis',(0.,0.,1.));
#8145=DIRECTION('ref_axis',(-1.,1.11022302462516E-15,0.));
#8146=DIRECTION('',(0.,0.,1.));
#8147=DIRECTION('center_axis',(-1.,0.,0.));
#8148=DIRECTION('ref_axis',(0.,-1.,0.));
#8149=DIRECTION('',(0.,-1.,0.));
#8150=DIRECTION('',(0.,-1.,0.));
#8151=DIRECTION('',(0.,0.,1.));
#8152=DIRECTION('center_axis',(0.,0.,1.));
#8153=DIRECTION('ref_axis',(-2.44249065417534E-15,1.,0.));
#8154=DIRECTION('center_axis',(0.,0.,1.));
#8155=DIRECTION('ref_axis',(-2.44249065417534E-15,1.,0.));
#8156=DIRECTION('center_axis',(0.,0.,1.));
#8157=DIRECTION('ref_axis',(-2.44249065417534E-15,1.,0.));
#8158=DIRECTION('center_axis',(0.,0.,1.));
#8159=DIRECTION('ref_axis',(1.,0.,0.));
#8160=DIRECTION('center_axis',(0.,0.,1.));
#8161=DIRECTION('ref_axis',(1.,0.,0.));
#8162=DIRECTION('',(0.,0.,1.));
#8163=DIRECTION('',(1.,0.,0.));
#8164=DIRECTION('',(0.,0.,1.));
#8165=DIRECTION('',(1.,0.,0.));
#8166=DIRECTION('',(0.,0.,1.));
#8167=DIRECTION('',(1.,0.,0.));
#8168=DIRECTION('',(0.,0.,1.));
#8169=DIRECTION('',(0.999999999999999,0.,0.));
#8170=DIRECTION('',(0.,0.,1.));
#8171=DIRECTION('',(0.999999999999999,0.,0.));
#8172=DIRECTION('',(-2.22044604925031E-16,0.,-1.));
#8173=DIRECTION('',(-1.,0.,2.22044604925031E-16));
#8174=DIRECTION('',(-2.22044604925031E-16,0.,-1.));
#8175=DIRECTION('',(-0.999999999999999,0.,2.22044604925031E-16));
#8176=DIRECTION('',(0.,1.94289029309402E-16,-1.));
#8177=DIRECTION('',(1.,0.,0.));
#8178=DIRECTION('',(0.,1.94289029309402E-16,-1.));
#8179=DIRECTION('',(0.999999999999999,0.,0.));
#8180=DIRECTION('',(-2.22044604925031E-16,0.,-1.));
#8181=DIRECTION('',(-1.,0.,2.22044604925031E-16));
#8182=DIRECTION('',(0.,1.94289029309402E-16,-1.));
#8183=DIRECTION('',(1.,0.,0.));
#8184=DIRECTION('',(2.22044604925031E-16,-1.94289029309402E-16,1.));
#8185=DIRECTION('',(-1.,-4.31408307542741E-32,2.22044604925031E-16));
#8186=DIRECTION('axis',(0.,0.,1.));
#8187=DIRECTION('refdir',(1.,0.,0.));
#8188=DIRECTION('axis',(0.,0.,1.));
#8189=DIRECTION('refdir',(1.,0.,0.));
#8190=DIRECTION('center_axis',(-1.,0.,0.));
#8191=DIRECTION('ref_axis',(0.,1.,0.));
#8192=DIRECTION('',(0.,1.,0.));
#8193=DIRECTION('',(0.,0.,1.));
#8194=DIRECTION('',(0.,1.,0.));
#8195=DIRECTION('',(0.,0.,-1.));
#8196=DIRECTION('center_axis',(0.,0.,-1.));
#8197=DIRECTION('ref_axis',(-1.,0.,0.));
#8198=DIRECTION('',(0.,-1.,0.));
#8199=DIRECTION('',(1.,0.,0.));
#8200=DIRECTION('',(-1.,0.,0.));
#8201=DIRECTION('center_axis',(0.,-1.,0.));
#8202=DIRECTION('ref_axis',(0.,0.,-1.));
#8203=DIRECTION('',(1.,0.,0.));
#8204=DIRECTION('',(0.,0.,-1.));
#8205=DIRECTION('',(-1.,0.,0.));
#8206=DIRECTION('',(0.,0.,1.));
#8207=DIRECTION('',(1.,0.,0.));
#8208=DIRECTION('',(0.,0.,-1.));
#8209=DIRECTION('center_axis',(0.,0.,1.));
#8210=DIRECTION('ref_axis',(0.,-1.,0.));
#8211=DIRECTION('',(1.,0.,0.));
#8212=DIRECTION('',(0.,-1.,0.));
#8213=DIRECTION('center_axis',(1.,0.,0.));
#8214=DIRECTION('ref_axis',(0.,-1.,0.));
#8215=DIRECTION('',(0.,0.,1.));
#8216=DIRECTION('',(0.,-1.,0.));
#8217=DIRECTION('center_axis',(0.,0.,-1.));
#8218=DIRECTION('ref_axis',(-1.,0.,0.));
#8219=DIRECTION('',(0.,1.,0.));
#8220=DIRECTION('',(1.,0.,0.));
#8221=DIRECTION('center_axis',(0.,1.,0.));
#8222=DIRECTION('ref_axis',(0.,0.,1.));
#8223=DIRECTION('',(0.,0.,1.));
#8224=DIRECTION('',(1.,0.,0.));
#8225=DIRECTION('',(0.,0.,-1.));
#8226=DIRECTION('center_axis',(0.,0.,-1.));
#8227=DIRECTION('ref_axis',(0.,1.,0.));
#8228=DIRECTION('',(0.,-1.,0.));
#8229=DIRECTION('',(0.,1.,0.));
#8230=DIRECTION('center_axis',(1.,0.,0.));
#8231=DIRECTION('ref_axis',(0.,0.,-1.));
#8232=DIRECTION('center_axis',(1.,0.,0.));
#8233=DIRECTION('ref_axis',(0.,1.,0.));
#8234=DIRECTION('axis',(0.,0.,1.));
#8235=DIRECTION('refdir',(1.,0.,0.));
#8236=DIRECTION('center_axis',(1.,0.,0.));
#8237=DIRECTION('ref_axis',(0.,1.,0.));
#8238=DIRECTION('',(0.,1.,0.));
#8239=DIRECTION('',(0.,0.,1.));
#8240=DIRECTION('',(0.,1.,0.));
#8241=DIRECTION('',(0.,0.,-1.));
#8242=DIRECTION('center_axis',(0.,0.,-1.));
#8243=DIRECTION('ref_axis',(-1.,0.,0.));
#8244=DIRECTION('',(0.,-1.,0.));
#8245=DIRECTION('',(-1.,0.,0.));
#8246=DIRECTION('',(1.,0.,0.));
#8247=DIRECTION('center_axis',(0.,1.,0.));
#8248=DIRECTION('ref_axis',(0.,0.,1.));
#8249=DIRECTION('',(0.,0.,1.));
#8250=DIRECTION('',(1.,0.,0.));
#8251=DIRECTION('',(0.,0.,-1.));
#8252=DIRECTION('',(-1.,0.,0.));
#8253=DIRECTION('',(0.,0.,1.));
#8254=DIRECTION('',(1.,0.,0.));
#8255=DIRECTION('center_axis',(0.,0.,1.));
#8256=DIRECTION('ref_axis',(0.,-1.,0.));
#8257=DIRECTION('',(0.,-1.,0.));
#8258=DIRECTION('',(1.,0.,0.));
#8259=DIRECTION('center_axis',(-1.,0.,0.));
#8260=DIRECTION('ref_axis',(0.,-1.,0.));
#8261=DIRECTION('',(0.,-1.,0.));
#8262=DIRECTION('',(0.,0.,-1.));
#8263=DIRECTION('center_axis',(0.,0.,-1.));
#8264=DIRECTION('ref_axis',(-1.,0.,0.));
#8265=DIRECTION('',(0.,1.,0.));
#8266=DIRECTION('',(1.,0.,0.));
#8267=DIRECTION('center_axis',(0.,-1.,0.));
#8268=DIRECTION('ref_axis',(0.,0.,-1.));
#8269=DIRECTION('',(0.,0.,1.));
#8270=DIRECTION('',(1.,0.,0.));
#8271=DIRECTION('',(0.,0.,-1.));
#8272=DIRECTION('center_axis',(0.,0.,-1.));
#8273=DIRECTION('ref_axis',(0.,1.,0.));
#8274=DIRECTION('',(0.,-1.,0.));
#8275=DIRECTION('',(0.,1.,0.));
#8276=DIRECTION('center_axis',(-1.,0.,0.));
#8277=DIRECTION('ref_axis',(0.,0.,1.));
#8278=DIRECTION('center_axis',(-1.,0.,0.));
#8279=DIRECTION('ref_axis',(0.,1.,0.));
#8280=DIRECTION('',(0.,0.,1.));
#8281=DIRECTION('',(1.,0.,0.));
#8282=DIRECTION('',(0.,1.94289029309402E-16,-1.));
#8283=DIRECTION('',(1.,0.,0.));
#8284=DIRECTION('axis',(0.,0.,1.));
#8285=DIRECTION('refdir',(1.,0.,0.));
#8286=DIRECTION('axis',(0.,0.,1.));
#8287=DIRECTION('refdir',(1.,0.,0.));
#8288=DIRECTION('center_axis',(0.,-1.,0.));
#8289=DIRECTION('ref_axis',(-1.,0.,0.));
#8290=DIRECTION('',(-1.,0.,0.));
#8291=DIRECTION('',(0.,0.,-1.));
#8292=DIRECTION('',(-1.,0.,0.));
#8293=DIRECTION('',(0.,0.,-1.));
#8294=DIRECTION('center_axis',(-1.,0.,0.));
#8295=DIRECTION('ref_axis',(0.,1.,0.));
#8296=DIRECTION('',(0.,1.,0.));
#8297=DIRECTION('',(0.,0.,-1.));
#8298=DIRECTION('',(0.,1.,0.));
#8299=DIRECTION('center_axis',(0.,1.,0.));
#8300=DIRECTION('ref_axis',(1.,0.,0.));
#8301=DIRECTION('',(1.,0.,0.));
#8302=DIRECTION('',(0.,0.,-1.));
#8303=DIRECTION('',(1.,0.,0.));
#8304=DIRECTION('center_axis',(1.,0.,0.));
#8305=DIRECTION('ref_axis',(0.,-1.,0.));
#8306=DIRECTION('',(0.,-1.,0.));
#8307=DIRECTION('',(0.,-1.,0.));
#8308=DIRECTION('center_axis',(0.,0.,1.));
#8309=DIRECTION('ref_axis',(1.,0.,0.));
#8310=DIRECTION('center_axis',(0.,0.,1.));
#8311=DIRECTION('ref_axis',(1.,0.,0.));
#8312=DIRECTION('axis',(0.,0.,1.));
#8313=DIRECTION('refdir',(1.,0.,0.));
#8314=DIRECTION('center_axis',(0.,1.,0.));
#8315=DIRECTION('ref_axis',(-1.,0.,0.));
#8316=DIRECTION('',(-1.,0.,0.));
#8317=DIRECTION('',(0.,0.,1.));
#8318=DIRECTION('',(-1.,0.,0.));
#8319=DIRECTION('',(0.,0.,1.));
#8320=DIRECTION('center_axis',(1.,0.,0.));
#8321=DIRECTION('ref_axis',(0.,1.,0.));
#8322=DIRECTION('',(0.,1.,0.));
#8323=DIRECTION('',(0.,1.,0.));
#8324=DIRECTION('',(0.,0.,1.));
#8325=DIRECTION('center_axis',(0.,-1.,0.));
#8326=DIRECTION('ref_axis',(1.,0.,0.));
#8327=DIRECTION('',(1.,0.,0.));
#8328=DIRECTION('',(1.,0.,0.));
#8329=DIRECTION('',(0.,0.,1.));
#8330=DIRECTION('center_axis',(-1.,0.,0.));
#8331=DIRECTION('ref_axis',(0.,-1.,0.));
#8332=DIRECTION('',(0.,-1.,0.));
#8333=DIRECTION('',(0.,-1.,0.));
#8334=DIRECTION('center_axis',(0.,0.,1.));
#8335=DIRECTION('ref_axis',(1.,0.,0.));
#8336=DIRECTION('center_axis',(0.,0.,1.));
#8337=DIRECTION('ref_axis',(1.,0.,0.));
#8338=DIRECTION('axis',(0.,0.,1.));
#8339=DIRECTION('refdir',(1.,0.,0.));
#8340=DIRECTION('center_axis',(0.,-1.,0.));
#8341=DIRECTION('ref_axis',(-1.,0.,0.));
#8342=DIRECTION('',(-1.,0.,0.));
#8343=DIRECTION('',(0.,0.,-1.));
#8344=DIRECTION('',(-1.,0.,0.));
#8345=DIRECTION('',(0.,0.,-1.));
#8346=DIRECTION('center_axis',(-1.,0.,0.));
#8347=DIRECTION('ref_axis',(0.,1.,0.));
#8348=DIRECTION('',(0.,1.,0.));
#8349=DIRECTION('',(0.,0.,-1.));
#8350=DIRECTION('',(0.,1.,0.));
#8351=DIRECTION('center_axis',(0.,1.,0.));
#8352=DIRECTION('ref_axis',(1.,0.,0.));
#8353=DIRECTION('',(1.,0.,0.));
#8354=DIRECTION('',(0.,0.,-1.));
#8355=DIRECTION('',(1.,0.,0.));
#8356=DIRECTION('center_axis',(1.,0.,0.));
#8357=DIRECTION('ref_axis',(0.,-1.,0.));
#8358=DIRECTION('',(0.,-1.,0.));
#8359=DIRECTION('',(0.,-1.,0.));
#8360=DIRECTION('center_axis',(0.,0.,1.));
#8361=DIRECTION('ref_axis',(1.,0.,0.));
#8362=DIRECTION('center_axis',(0.,0.,1.));
#8363=DIRECTION('ref_axis',(1.,0.,0.));
#8364=DIRECTION('axis',(0.,0.,1.));
#8365=DIRECTION('refdir',(1.,0.,0.));
#8366=DIRECTION('center_axis',(0.,-1.,0.));
#8367=DIRECTION('ref_axis',(-1.,0.,0.));
#8368=DIRECTION('',(-1.,0.,0.));
#8369=DIRECTION('',(0.,0.,-1.));
#8370=DIRECTION('',(-1.,0.,0.));
#8371=DIRECTION('',(0.,0.,-1.));
#8372=DIRECTION('center_axis',(-1.,0.,0.));
#8373=DIRECTION('ref_axis',(0.,1.,0.));
#8374=DIRECTION('',(0.,1.,0.));
#8375=DIRECTION('',(0.,0.,-1.));
#8376=DIRECTION('',(0.,1.,0.));
#8377=DIRECTION('center_axis',(0.,1.,0.));
#8378=DIRECTION('ref_axis',(1.,0.,0.));
#8379=DIRECTION('',(1.,0.,0.));
#8380=DIRECTION('',(0.,0.,-1.));
#8381=DIRECTION('',(1.,0.,0.));
#8382=DIRECTION('center_axis',(1.,0.,0.));
#8383=DIRECTION('ref_axis',(0.,-1.,0.));
#8384=DIRECTION('',(0.,-1.,0.));
#8385=DIRECTION('',(0.,-1.,0.));
#8386=DIRECTION('center_axis',(0.,0.,1.));
#8387=DIRECTION('ref_axis',(1.,0.,0.));
#8388=DIRECTION('center_axis',(0.,0.,1.));
#8389=DIRECTION('ref_axis',(1.,0.,0.));
#8390=DIRECTION('axis',(0.,0.,1.));
#8391=DIRECTION('refdir',(1.,0.,0.));
#8392=DIRECTION('center_axis',(0.,1.,0.));
#8393=DIRECTION('ref_axis',(-1.,0.,0.));
#8394=DIRECTION('',(-1.,0.,0.));
#8395=DIRECTION('',(0.,0.,1.));
#8396=DIRECTION('',(-1.,0.,0.));
#8397=DIRECTION('',(0.,0.,1.));
#8398=DIRECTION('center_axis',(1.,0.,0.));
#8399=DIRECTION('ref_axis',(0.,1.,0.));
#8400=DIRECTION('',(0.,1.,0.));
#8401=DIRECTION('',(0.,1.,0.));
#8402=DIRECTION('',(0.,0.,1.));
#8403=DIRECTION('center_axis',(0.,-1.,0.));
#8404=DIRECTION('ref_axis',(1.,0.,0.));
#8405=DIRECTION('',(1.,0.,0.));
#8406=DIRECTION('',(1.,0.,0.));
#8407=DIRECTION('',(0.,0.,1.));
#8408=DIRECTION('center_axis',(-1.,0.,0.));
#8409=DIRECTION('ref_axis',(0.,-1.,0.));
#8410=DIRECTION('',(0.,-1.,0.));
#8411=DIRECTION('',(0.,-1.,0.));
#8412=DIRECTION('center_axis',(0.,0.,1.));
#8413=DIRECTION('ref_axis',(1.,0.,0.));
#8414=DIRECTION('center_axis',(0.,0.,1.));
#8415=DIRECTION('ref_axis',(1.,0.,0.));
#8416=DIRECTION('',(0.,0.,1.));
#8417=DIRECTION('',(1.,0.,0.));
#8418=DIRECTION('',(-2.22044604925031E-16,0.,-1.));
#8419=DIRECTION('',(-1.,0.,2.22044604925031E-16));
#8420=DIRECTION('',(0.,0.,1.));
#8421=DIRECTION('',(1.,0.,0.));
#8422=DIRECTION('',(-2.22044604925031E-16,0.,-1.));
#8423=DIRECTION('',(-1.,0.,2.22044604925031E-16));
#8424=DIRECTION('',(0.,0.,1.));
#8425=DIRECTION('',(1.,0.,0.));
#8426=DIRECTION('',(2.22044604925031E-16,0.,-1.));
#8427=DIRECTION('',(-1.,0.,-2.22044604925031E-16));
#8428=DIRECTION('axis',(0.,0.,1.));
#8429=DIRECTION('refdir',(1.,0.,0.));
#8430=DIRECTION('axis',(0.,0.,1.));
#8431=DIRECTION('refdir',(1.,0.,0.));
#8432=DIRECTION('center_axis',(0.,-1.,0.));
#8433=DIRECTION('ref_axis',(-1.,0.,0.));
#8434=DIRECTION('',(-1.,0.,0.));
#8435=DIRECTION('',(0.,0.,-1.));
#8436=DIRECTION('',(-1.,0.,0.));
#8437=DIRECTION('',(0.,0.,-1.));
#8438=DIRECTION('center_axis',(-1.,0.,0.));
#8439=DIRECTION('ref_axis',(0.,1.,0.));
#8440=DIRECTION('',(0.,1.,0.));
#8441=DIRECTION('',(0.,0.,-1.));
#8442=DIRECTION('',(0.,1.,0.));
#8443=DIRECTION('center_axis',(0.,1.,0.));
#8444=DIRECTION('ref_axis',(1.,0.,0.));
#8445=DIRECTION('',(1.,0.,0.));
#8446=DIRECTION('',(0.,0.,-1.));
#8447=DIRECTION('',(1.,0.,0.));
#8448=DIRECTION('center_axis',(1.,0.,0.));
#8449=DIRECTION('ref_axis',(0.,-1.,0.));
#8450=DIRECTION('',(0.,-1.,0.));
#8451=DIRECTION('',(0.,-1.,0.));
#8452=DIRECTION('center_axis',(0.,0.,1.));
#8453=DIRECTION('ref_axis',(1.,0.,0.));
#8454=DIRECTION('center_axis',(0.,0.,1.));
#8455=DIRECTION('ref_axis',(1.,0.,0.));
#8456=DIRECTION('axis',(0.,0.,1.));
#8457=DIRECTION('refdir',(1.,0.,0.));
#8458=DIRECTION('center_axis',(0.,1.,0.));
#8459=DIRECTION('ref_axis',(-1.,0.,0.));
#8460=DIRECTION('',(-1.,0.,0.));
#8461=DIRECTION('',(0.,0.,1.));
#8462=DIRECTION('',(-1.,0.,0.));
#8463=DIRECTION('',(0.,0.,1.));
#8464=DIRECTION('center_axis',(1.,0.,0.));
#8465=DIRECTION('ref_axis',(0.,1.,0.));
#8466=DIRECTION('',(0.,1.,0.));
#8467=DIRECTION('',(0.,1.,0.));
#8468=DIRECTION('',(0.,0.,1.));
#8469=DIRECTION('center_axis',(0.,-1.,0.));
#8470=DIRECTION('ref_axis',(1.,0.,0.));
#8471=DIRECTION('',(1.,0.,0.));
#8472=DIRECTION('',(1.,0.,0.));
#8473=DIRECTION('',(0.,0.,1.));
#8474=DIRECTION('center_axis',(-1.,0.,0.));
#8475=DIRECTION('ref_axis',(0.,-1.,0.));
#8476=DIRECTION('',(0.,-1.,0.));
#8477=DIRECTION('',(0.,-1.,0.));
#8478=DIRECTION('center_axis',(0.,0.,1.));
#8479=DIRECTION('ref_axis',(1.,0.,0.));
#8480=DIRECTION('center_axis',(0.,0.,1.));
#8481=DIRECTION('ref_axis',(1.,0.,0.));
#8482=DIRECTION('',(0.,0.,1.));
#8483=DIRECTION('',(1.,0.,0.));
#8484=DIRECTION('',(-2.22044604925032E-16,0.,-1.));
#8485=DIRECTION('',(-1.,0.,2.22044604925032E-16));
#8486=DIRECTION('axis',(0.,0.,1.));
#8487=DIRECTION('refdir',(1.,0.,0.));
#8488=DIRECTION('axis',(0.,0.,1.));
#8489=DIRECTION('refdir',(1.,0.,0.));
#8490=DIRECTION('center_axis',(1.,0.,0.));
#8491=DIRECTION('ref_axis',(0.,1.,0.));
#8492=DIRECTION('',(0.,1.,0.));
#8493=DIRECTION('',(0.,0.,1.));
#8494=DIRECTION('',(0.,1.,0.));
#8495=DIRECTION('',(0.,0.,-1.));
#8496=DIRECTION('center_axis',(0.,0.,-1.));
#8497=DIRECTION('ref_axis',(-1.,0.,0.));
#8498=DIRECTION('',(0.,-1.,0.));
#8499=DIRECTION('',(-1.,0.,0.));
#8500=DIRECTION('',(1.,0.,0.));
#8501=DIRECTION('center_axis',(0.,1.,0.));
#8502=DIRECTION('ref_axis',(0.,0.,1.));
#8503=DIRECTION('',(0.,0.,1.));
#8504=DIRECTION('',(1.,0.,0.));
#8505=DIRECTION('',(0.,0.,-1.));
#8506=DIRECTION('',(-1.,0.,0.));
#8507=DIRECTION('',(0.,0.,1.));
#8508=DIRECTION('',(1.,0.,0.));
#8509=DIRECTION('center_axis',(0.,0.,1.));
#8510=DIRECTION('ref_axis',(0.,-1.,0.));
#8511=DIRECTION('',(0.,-1.,0.));
#8512=DIRECTION('',(1.,0.,0.));
#8513=DIRECTION('center_axis',(-1.,0.,0.));
#8514=DIRECTION('ref_axis',(0.,-1.,0.));
#8515=DIRECTION('',(0.,-1.,0.));
#8516=DIRECTION('',(0.,0.,-1.));
#8517=DIRECTION('center_axis',(0.,0.,-1.));
#8518=DIRECTION('ref_axis',(-1.,0.,0.));
#8519=DIRECTION('',(0.,1.,0.));
#8520=DIRECTION('',(1.,0.,0.));
#8521=DIRECTION('center_axis',(0.,-1.,0.));
#8522=DIRECTION('ref_axis',(0.,0.,-1.));
#8523=DIRECTION('',(0.,0.,1.));
#8524=DIRECTION('',(1.,0.,0.));
#8525=DIRECTION('',(0.,0.,-1.));
#8526=DIRECTION('center_axis',(0.,0.,-1.));
#8527=DIRECTION('ref_axis',(0.,1.,0.));
#8528=DIRECTION('',(0.,-1.,0.));
#8529=DIRECTION('',(0.,1.,0.));
#8530=DIRECTION('center_axis',(-1.,0.,0.));
#8531=DIRECTION('ref_axis',(0.,0.,1.));
#8532=DIRECTION('center_axis',(-1.,0.,0.));
#8533=DIRECTION('ref_axis',(0.,1.,0.));
#8534=DIRECTION('axis',(0.,0.,1.));
#8535=DIRECTION('refdir',(1.,0.,0.));
#8536=DIRECTION('center_axis',(-1.,0.,0.));
#8537=DIRECTION('ref_axis',(0.,1.,0.));
#8538=DIRECTION('',(0.,1.,0.));
#8539=DIRECTION('',(0.,0.,1.));
#8540=DIRECTION('',(0.,1.,0.));
#8541=DIRECTION('',(0.,0.,-1.));
#8542=DIRECTION('center_axis',(0.,0.,-1.));
#8543=DIRECTION('ref_axis',(-1.,0.,0.));
#8544=DIRECTION('',(0.,-1.,0.));
#8545=DIRECTION('',(1.,0.,0.));
#8546=DIRECTION('',(-1.,0.,0.));
#8547=DIRECTION('center_axis',(0.,-1.,0.));
#8548=DIRECTION('ref_axis',(0.,0.,-1.));
#8549=DIRECTION('',(1.,0.,0.));
#8550=DIRECTION('',(0.,0.,-1.));
#8551=DIRECTION('',(-1.,0.,0.));
#8552=DIRECTION('',(0.,0.,1.));
#8553=DIRECTION('',(1.,0.,0.));
#8554=DIRECTION('',(0.,0.,-1.));
#8555=DIRECTION('center_axis',(0.,0.,1.));
#8556=DIRECTION('ref_axis',(0.,-1.,0.));
#8557=DIRECTION('',(1.,0.,0.));
#8558=DIRECTION('',(0.,-1.,0.));
#8559=DIRECTION('center_axis',(1.,0.,0.));
#8560=DIRECTION('ref_axis',(0.,-1.,0.));
#8561=DIRECTION('',(0.,0.,1.));
#8562=DIRECTION('',(0.,-1.,0.));
#8563=DIRECTION('center_axis',(0.,0.,-1.));
#8564=DIRECTION('ref_axis',(-1.,0.,0.));
#8565=DIRECTION('',(0.,1.,0.));
#8566=DIRECTION('',(1.,0.,0.));
#8567=DIRECTION('center_axis',(0.,1.,0.));
#8568=DIRECTION('ref_axis',(0.,0.,1.));
#8569=DIRECTION('',(0.,0.,1.));
#8570=DIRECTION('',(1.,0.,0.));
#8571=DIRECTION('',(0.,0.,-1.));
#8572=DIRECTION('center_axis',(0.,0.,-1.));
#8573=DIRECTION('ref_axis',(0.,1.,0.));
#8574=DIRECTION('',(0.,-1.,0.));
#8575=DIRECTION('',(0.,1.,0.));
#8576=DIRECTION('center_axis',(1.,0.,0.));
#8577=DIRECTION('ref_axis',(0.,0.,-1.));
#8578=DIRECTION('center_axis',(1.,0.,0.));
#8579=DIRECTION('ref_axis',(0.,1.,0.));
#8580=DIRECTION('',(0.,0.,1.));
#8581=DIRECTION('',(1.,0.,0.));
#8582=DIRECTION('',(0.,-1.94289029309402E-16,-1.));
#8583=DIRECTION('',(1.,0.,0.));
#8584=DIRECTION('axis',(0.,0.,1.));
#8585=DIRECTION('refdir',(1.,0.,0.));
#8586=DIRECTION('axis',(0.,0.,1.));
#8587=DIRECTION('refdir',(1.,0.,0.));
#8588=DIRECTION('center_axis',(0.,1.,0.));
#8589=DIRECTION('ref_axis',(-1.,0.,0.));
#8590=DIRECTION('',(-1.,0.,0.));
#8591=DIRECTION('',(0.,0.,1.));
#8592=DIRECTION('',(-1.,0.,0.));
#8593=DIRECTION('',(0.,0.,1.));
#8594=DIRECTION('center_axis',(1.,0.,0.));
#8595=DIRECTION('ref_axis',(0.,1.,0.));
#8596=DIRECTION('',(0.,1.,0.));
#8597=DIRECTION('',(0.,1.,0.));
#8598=DIRECTION('',(0.,0.,1.));
#8599=DIRECTION('center_axis',(0.,-1.,0.));
#8600=DIRECTION('ref_axis',(1.,0.,0.));
#8601=DIRECTION('',(1.,0.,0.));
#8602=DIRECTION('',(1.,0.,0.));
#8603=DIRECTION('',(0.,0.,1.));
#8604=DIRECTION('center_axis',(-1.,0.,0.));
#8605=DIRECTION('ref_axis',(0.,-1.,0.));
#8606=DIRECTION('',(0.,-1.,0.));
#8607=DIRECTION('',(0.,-1.,0.));
#8608=DIRECTION('center_axis',(0.,0.,1.));
#8609=DIRECTION('ref_axis',(1.,0.,0.));
#8610=DIRECTION('center_axis',(0.,0.,1.));
#8611=DIRECTION('ref_axis',(1.,0.,0.));
#8612=DIRECTION('axis',(0.,0.,1.));
#8613=DIRECTION('refdir',(1.,0.,0.));
#8614=DIRECTION('center_axis',(1.,0.,0.));
#8615=DIRECTION('ref_axis',(0.,0.,-1.));
#8616=DIRECTION('',(0.,1.,0.));
#8617=DIRECTION('',(0.,0.,1.));
#8618=DIRECTION('',(0.,-1.,0.));
#8619=DIRECTION('',(0.,0.,-1.));
#8620=DIRECTION('center_axis',(0.,1.,0.));
#8621=DIRECTION('ref_axis',(-1.,0.,0.));
#8622=DIRECTION('',(1.,0.,0.));
#8623=DIRECTION('',(0.,0.,1.));
#8624=DIRECTION('',(1.,0.,0.));
#8625=DIRECTION('center_axis',(0.,-1.,0.));
#8626=DIRECTION('ref_axis',(1.,0.,0.));
#8627=DIRECTION('',(1.,0.,0.));
#8628=DIRECTION('',(1.,0.,0.));
#8629=DIRECTION('',(0.,0.,1.));
#8630=DIRECTION('center_axis',(-1.,0.,0.));
#8631=DIRECTION('ref_axis',(0.,-1.,0.));
#8632=DIRECTION('',(0.,-1.,0.));
#8633=DIRECTION('',(0.,-1.,0.));
#8634=DIRECTION('center_axis',(0.,0.,1.));
#8635=DIRECTION('ref_axis',(1.,0.,0.));
#8636=DIRECTION('center_axis',(0.,0.,1.));
#8637=DIRECTION('ref_axis',(1.,0.,0.));
#8638=DIRECTION('axis',(0.,0.,1.));
#8639=DIRECTION('refdir',(1.,0.,0.));
#8640=DIRECTION('center_axis',(0.,-1.,0.));
#8641=DIRECTION('ref_axis',(-1.,0.,0.));
#8642=DIRECTION('',(-1.,0.,0.));
#8643=DIRECTION('',(0.,0.,-1.));
#8644=DIRECTION('',(-1.,0.,0.));
#8645=DIRECTION('',(0.,0.,-1.));
#8646=DIRECTION('center_axis',(-1.,0.,0.));
#8647=DIRECTION('ref_axis',(0.,1.,0.));
#8648=DIRECTION('',(0.,1.,0.));
#8649=DIRECTION('',(0.,0.,-1.));
#8650=DIRECTION('',(0.,1.,0.));
#8651=DIRECTION('center_axis',(0.,1.,0.));
#8652=DIRECTION('ref_axis',(1.,0.,0.));
#8653=DIRECTION('',(1.,0.,0.));
#8654=DIRECTION('',(0.,0.,-1.));
#8655=DIRECTION('',(1.,0.,0.));
#8656=DIRECTION('center_axis',(1.,0.,0.));
#8657=DIRECTION('ref_axis',(0.,-1.,0.));
#8658=DIRECTION('',(0.,-1.,0.));
#8659=DIRECTION('',(0.,-1.,0.));
#8660=DIRECTION('center_axis',(0.,0.,1.));
#8661=DIRECTION('ref_axis',(1.,0.,0.));
#8662=DIRECTION('center_axis',(0.,0.,1.));
#8663=DIRECTION('ref_axis',(1.,0.,0.));
#8664=DIRECTION('axis',(0.,0.,1.));
#8665=DIRECTION('refdir',(1.,0.,0.));
#8666=DIRECTION('center_axis',(-1.,0.,0.));
#8667=DIRECTION('ref_axis',(0.,0.,1.));
#8668=DIRECTION('',(0.,1.,0.));
#8669=DIRECTION('',(0.,0.,1.));
#8670=DIRECTION('',(0.,-1.,0.));
#8671=DIRECTION('',(0.,0.,-1.));
#8672=DIRECTION('center_axis',(0.,-1.,0.));
#8673=DIRECTION('ref_axis',(-1.,0.,0.));
#8674=DIRECTION('',(1.,0.,0.));
#8675=DIRECTION('',(1.,0.,0.));
#8676=DIRECTION('',(0.,0.,-1.));
#8677=DIRECTION('center_axis',(0.,1.,0.));
#8678=DIRECTION('ref_axis',(1.,0.,0.));
#8679=DIRECTION('',(1.,0.,0.));
#8680=DIRECTION('',(0.,0.,-1.));
#8681=DIRECTION('',(1.,0.,0.));
#8682=DIRECTION('center_axis',(1.,0.,0.));
#8683=DIRECTION('ref_axis',(0.,-1.,0.));
#8684=DIRECTION('',(0.,-1.,0.));
#8685=DIRECTION('',(0.,-1.,0.));
#8686=DIRECTION('center_axis',(0.,0.,1.));
#8687=DIRECTION('ref_axis',(1.,0.,0.));
#8688=DIRECTION('center_axis',(0.,0.,1.));
#8689=DIRECTION('ref_axis',(1.,0.,0.));
#8690=DIRECTION('',(0.,0.,1.));
#8691=DIRECTION('',(1.,0.,0.));
#8692=DIRECTION('',(0.,0.,1.));
#8693=DIRECTION('',(1.,0.,0.));
#8694=DIRECTION('',(0.,0.,1.));
#8695=DIRECTION('',(1.,0.,0.));
#8696=DIRECTION('',(-2.22044604925031E-16,0.,-1.));
#8697=DIRECTION('',(-1.,0.,2.22044604925031E-16));
#8698=DIRECTION('axis',(0.,0.,1.));
#8699=DIRECTION('refdir',(1.,0.,0.));
#8700=DIRECTION('axis',(0.,0.,1.));
#8701=DIRECTION('refdir',(1.,0.,0.));
#8702=DIRECTION('center_axis',(1.,0.,0.));
#8703=DIRECTION('ref_axis',(0.,1.,0.));
#8704=DIRECTION('',(0.,-1.,0.));
#8705=DIRECTION('',(0.,0.,1.));
#8706=DIRECTION('',(0.,1.,0.));
#8707=DIRECTION('',(0.,0.,1.));
#8708=DIRECTION('center_axis',(0.,-1.,0.));
#8709=DIRECTION('ref_axis',(1.,0.,0.));
#8710=DIRECTION('',(-1.,0.,0.));
#8711=DIRECTION('',(1.,0.,0.));
#8712=DIRECTION('',(0.,0.,1.));
#8713=DIRECTION('center_axis',(-1.,0.,0.));
#8714=DIRECTION('ref_axis',(0.,-1.,0.));
#8715=DIRECTION('',(0.,1.,0.));
#8716=DIRECTION('',(0.,-1.,0.));
#8717=DIRECTION('',(0.,0.,1.));
#8718=DIRECTION('center_axis',(0.,1.,0.));
#8719=DIRECTION('ref_axis',(-1.,0.,0.));
#8720=DIRECTION('',(1.,0.,0.));
#8721=DIRECTION('',(-1.,0.,0.));
#8722=DIRECTION('center_axis',(0.,0.,1.));
#8723=DIRECTION('ref_axis',(1.,0.,0.));
#8724=DIRECTION('center_axis',(0.,0.,1.));
#8725=DIRECTION('ref_axis',(-1.,0.,0.));
#8726=DIRECTION('axis',(0.,0.,1.));
#8727=DIRECTION('refdir',(1.,0.,0.));
#8728=DIRECTION('center_axis',(0.,1.,0.));
#8729=DIRECTION('ref_axis',(0.,0.,1.));
#8730=DIRECTION('',(0.,0.,1.));
#8731=DIRECTION('',(1.,0.,0.));
#8732=DIRECTION('',(0.,0.,-1.));
#8733=DIRECTION('',(-1.,0.,0.));
#8734=DIRECTION('center_axis',(0.,0.,-1.));
#8735=DIRECTION('ref_axis',(-1.,0.,0.));
#8736=DIRECTION('',(-1.,0.,0.));
#8737=DIRECTION('',(0.,1.,0.));
#8738=DIRECTION('',(0.,1.,0.));
#8739=DIRECTION('center_axis',(1.,0.,0.));
#8740=DIRECTION('ref_axis',(0.,0.,-1.));
#8741=DIRECTION('',(0.,0.,-1.));
#8742=DIRECTION('',(0.,1.,0.));
#8743=DIRECTION('center_axis',(0.,0.,1.));
#8744=DIRECTION('ref_axis',(1.,0.,0.));
#8745=DIRECTION('',(1.,0.,0.));
#8746=DIRECTION('',(0.,1.,0.));
#8747=DIRECTION('center_axis',(-1.,0.,0.));
#8748=DIRECTION('ref_axis',(0.,0.,1.));
#8749=DIRECTION('',(0.,0.,1.));
#8750=DIRECTION('center_axis',(0.,1.,0.));
#8751=DIRECTION('ref_axis',(1.,0.,0.));
#8752=DIRECTION('axis',(0.,0.,1.));
#8753=DIRECTION('refdir',(1.,0.,0.));
#8754=DIRECTION('center_axis',(0.,-1.,0.));
#8755=DIRECTION('ref_axis',(0.,0.,-1.));
#8756=DIRECTION('',(0.,0.,-1.));
#8757=DIRECTION('',(-1.,0.,0.));
#8758=DIRECTION('',(0.,0.,1.));
#8759=DIRECTION('',(1.,0.,0.));
#8760=DIRECTION('center_axis',(0.,0.,-1.));
#8761=DIRECTION('ref_axis',(-1.,0.,0.));
#8762=DIRECTION('',(-1.,0.,0.));
#8763=DIRECTION('',(0.,1.,0.));
#8764=DIRECTION('',(0.,1.,0.));
#8765=DIRECTION('center_axis',(-1.,0.,0.));
#8766=DIRECTION('ref_axis',(0.,0.,1.));
#8767=DIRECTION('',(0.,0.,1.));
#8768=DIRECTION('',(0.,1.,0.));
#8769=DIRECTION('center_axis',(0.,0.,1.));
#8770=DIRECTION('ref_axis',(1.,0.,0.));
#8771=DIRECTION('',(1.,0.,0.));
#8772=DIRECTION('',(0.,1.,0.));
#8773=DIRECTION('center_axis',(1.,0.,0.));
#8774=DIRECTION('ref_axis',(0.,0.,-1.));
#8775=DIRECTION('',(0.,0.,-1.));
#8776=DIRECTION('center_axis',(0.,-1.,0.));
#8777=DIRECTION('ref_axis',(1.,0.,0.));
#8778=DIRECTION('axis',(0.,0.,1.));
#8779=DIRECTION('refdir',(1.,0.,0.));
#8780=DIRECTION('center_axis',(-1.,0.,0.));
#8781=DIRECTION('ref_axis',(0.,1.,0.));
#8782=DIRECTION('',(0.,-1.,0.));
#8783=DIRECTION('',(0.,0.,-1.));
#8784=DIRECTION('',(0.,1.,0.));
#8785=DIRECTION('',(0.,0.,-1.));
#8786=DIRECTION('center_axis',(0.,1.,0.));
#8787=DIRECTION('ref_axis',(1.,0.,0.));
#8788=DIRECTION('',(-1.,0.,0.));
#8789=DIRECTION('',(0.,0.,-1.));
#8790=DIRECTION('',(1.,0.,0.));
#8791=DIRECTION('center_axis',(1.,0.,0.));
#8792=DIRECTION('ref_axis',(0.,-1.,0.));
#8793=DIRECTION('',(0.,1.,0.));
#8794=DIRECTION('',(0.,0.,-1.));
#8795=DIRECTION('',(0.,-1.,0.));
#8796=DIRECTION('center_axis',(0.,-1.,0.));
#8797=DIRECTION('ref_axis',(-1.,0.,0.));
#8798=DIRECTION('',(1.,0.,0.));
#8799=DIRECTION('',(-1.,0.,0.));
#8800=DIRECTION('center_axis',(0.,0.,1.));
#8801=DIRECTION('ref_axis',(1.,0.,0.));
#8802=DIRECTION('center_axis',(0.,0.,1.));
#8803=DIRECTION('ref_axis',(-1.,0.,0.));
#8804=DIRECTION('',(0.,0.,1.));
#8805=DIRECTION('',(1.,0.,0.));
#8806=DIRECTION('',(0.,0.,1.));
#8807=DIRECTION('',(1.,0.,0.));
#8808=DIRECTION('',(0.,0.,1.));
#8809=DIRECTION('',(1.,0.,0.));
#8810=DIRECTION('',(0.,1.94289029309403E-16,-1.));
#8811=DIRECTION('',(1.,0.,0.));
#8812=DIRECTION('axis',(0.,0.,1.));
#8813=DIRECTION('refdir',(1.,0.,0.));
#8814=DIRECTION('axis',(0.,0.,1.));
#8815=DIRECTION('refdir',(1.,0.,0.));
#8816=DIRECTION('center_axis',(0.,1.,0.));
#8817=DIRECTION('ref_axis',(-1.,0.,0.));
#8818=DIRECTION('',(-1.,0.,0.));
#8819=DIRECTION('',(0.,0.,1.));
#8820=DIRECTION('',(-1.,0.,0.));
#8821=DIRECTION('',(0.,0.,1.));
#8822=DIRECTION('center_axis',(1.,0.,0.));
#8823=DIRECTION('ref_axis',(0.,1.,0.));
#8824=DIRECTION('',(0.,1.,0.));
#8825=DIRECTION('',(0.,1.,0.));
#8826=DIRECTION('',(0.,0.,1.));
#8827=DIRECTION('center_axis',(0.,-1.,0.));
#8828=DIRECTION('ref_axis',(1.,0.,0.));
#8829=DIRECTION('',(1.,0.,0.));
#8830=DIRECTION('',(1.,0.,0.));
#8831=DIRECTION('',(0.,0.,1.));
#8832=DIRECTION('center_axis',(-1.,0.,0.));
#8833=DIRECTION('ref_axis',(0.,-1.,0.));
#8834=DIRECTION('',(0.,-1.,0.));
#8835=DIRECTION('',(0.,-1.,0.));
#8836=DIRECTION('center_axis',(0.,0.,1.));
#8837=DIRECTION('ref_axis',(1.,0.,0.));
#8838=DIRECTION('center_axis',(0.,0.,1.));
#8839=DIRECTION('ref_axis',(-1.,0.,0.));
#8840=DIRECTION('axis',(0.,0.,1.));
#8841=DIRECTION('refdir',(1.,0.,0.));
#8842=DIRECTION('center_axis',(0.,0.,1.));
#8843=DIRECTION('ref_axis',(0.,-1.,0.));
#8844=DIRECTION('',(0.,-1.,0.));
#8845=DIRECTION('',(1.,0.,0.));
#8846=DIRECTION('',(0.,-1.,0.));
#8847=DIRECTION('',(1.,0.,0.));
#8848=DIRECTION('center_axis',(0.,1.,0.));
#8849=DIRECTION('ref_axis',(0.,0.,1.));
#8850=DIRECTION('',(0.,0.,1.));
#8851=DIRECTION('',(0.,0.,1.));
#8852=DIRECTION('',(1.,0.,0.));
#8853=DIRECTION('center_axis',(0.,0.,-1.));
#8854=DIRECTION('ref_axis',(0.,1.,0.));
#8855=DIRECTION('',(0.,1.,0.));
#8856=DIRECTION('',(0.,1.,0.));
#8857=DIRECTION('',(1.,0.,0.));
#8858=DIRECTION('center_axis',(0.,-1.,0.));
#8859=DIRECTION('ref_axis',(0.,0.,-1.));
#8860=DIRECTION('',(0.,0.,-1.));
#8861=DIRECTION('',(0.,0.,-1.));
#8862=DIRECTION('center_axis',(1.,0.,0.));
#8863=DIRECTION('ref_axis',(0.,0.,-1.));
#8864=DIRECTION('center_axis',(1.,0.,0.));
#8865=DIRECTION('ref_axis',(0.,1.,0.));
#8866=DIRECTION('axis',(0.,0.,1.));
#8867=DIRECTION('refdir',(1.,0.,0.));
#8868=DIRECTION('center_axis',(-1.,0.,0.));
#8869=DIRECTION('ref_axis',(0.,0.,1.));
#8870=DIRECTION('',(0.,0.,-1.));
#8871=DIRECTION('',(0.,1.,0.));
#8872=DIRECTION('',(0.,0.,1.));
#8873=DIRECTION('',(0.,1.,0.));
#8874=DIRECTION('center_axis',(0.,0.,-1.));
#8875=DIRECTION('ref_axis',(-1.,0.,0.));
#8876=DIRECTION('',(1.,0.,0.));
#8877=DIRECTION('',(-1.,0.,0.));
#8878=DIRECTION('',(0.,1.,0.));
#8879=DIRECTION('center_axis',(1.,0.,0.));
#8880=DIRECTION('ref_axis',(0.,0.,-1.));
#8881=DIRECTION('',(0.,0.,1.));
#8882=DIRECTION('',(0.,0.,-1.));
#8883=DIRECTION('',(0.,1.,0.));
#8884=DIRECTION('center_axis',(0.,0.,1.));
#8885=DIRECTION('ref_axis',(1.,0.,0.));
#8886=DIRECTION('',(-1.,0.,0.));
#8887=DIRECTION('',(1.,0.,0.));
#8888=DIRECTION('center_axis',(0.,1.,0.));
#8889=DIRECTION('ref_axis',(0.,0.,1.));
#8890=DIRECTION('center_axis',(0.,1.,0.));
#8891=DIRECTION('ref_axis',(1.,0.,0.));
#8892=DIRECTION('axis',(0.,0.,1.));
#8893=DIRECTION('refdir',(1.,0.,0.));
#8894=DIRECTION('center_axis',(0.,-1.,0.));
#8895=DIRECTION('ref_axis',(-1.,0.,0.));
#8896=DIRECTION('',(-1.,0.,0.));
#8897=DIRECTION('',(0.,0.,-1.));
#8898=DIRECTION('',(-1.,0.,0.));
#8899=DIRECTION('',(0.,0.,-1.));
#8900=DIRECTION('center_axis',(-1.,0.,0.));
#8901=DIRECTION('ref_axis',(0.,1.,0.));
#8902=DIRECTION('',(0.,1.,0.));
#8903=DIRECTION('',(0.,0.,-1.));
#8904=DIRECTION('',(0.,1.,0.));
#8905=DIRECTION('center_axis',(0.,1.,0.));
#8906=DIRECTION('ref_axis',(1.,0.,0.));
#8907=DIRECTION('',(1.,0.,0.));
#8908=DIRECTION('',(0.,0.,-1.));
#8909=DIRECTION('',(1.,0.,0.));
#8910=DIRECTION('center_axis',(1.,0.,0.));
#8911=DIRECTION('ref_axis',(0.,-1.,0.));
#8912=DIRECTION('',(0.,-1.,0.));
#8913=DIRECTION('',(0.,-1.,0.));
#8914=DIRECTION('center_axis',(0.,0.,1.));
#8915=DIRECTION('ref_axis',(1.,0.,0.));
#8916=DIRECTION('center_axis',(0.,0.,1.));
#8917=DIRECTION('ref_axis',(-1.,0.,0.));
#8918=DIRECTION('axis',(0.,0.,1.));
#8919=DIRECTION('refdir',(1.,0.,0.));
#8920=DIRECTION('center_axis',(0.,0.,1.));
#8921=DIRECTION('ref_axis',(0.,-1.,0.));
#8922=DIRECTION('',(0.,-1.,0.));
#8923=DIRECTION('',(1.,0.,0.));
#8924=DIRECTION('',(0.,-1.,0.));
#8925=DIRECTION('',(1.,0.,0.));
#8926=DIRECTION('center_axis',(0.,-1.,0.));
#8927=DIRECTION('ref_axis',(0.,0.,-1.));
#8928=DIRECTION('',(0.,0.,-1.));
#8929=DIRECTION('',(1.,0.,0.));
#8930=DIRECTION('',(0.,0.,-1.));
#8931=DIRECTION('center_axis',(0.,0.,-1.));
#8932=DIRECTION('ref_axis',(0.,1.,0.));
#8933=DIRECTION('',(0.,1.,0.));
#8934=DIRECTION('',(1.,0.,0.));
#8935=DIRECTION('',(0.,1.,0.));
#8936=DIRECTION('center_axis',(0.,1.,0.));
#8937=DIRECTION('ref_axis',(0.,0.,1.));
#8938=DIRECTION('',(0.,0.,1.));
#8939=DIRECTION('',(0.,0.,1.));
#8940=DIRECTION('center_axis',(-1.,0.,0.));
#8941=DIRECTION('ref_axis',(0.,0.,1.));
#8942=DIRECTION('center_axis',(-1.,0.,0.));
#8943=DIRECTION('ref_axis',(0.,1.,0.));
#8944=DIRECTION('axis',(0.,0.,1.));
#8945=DIRECTION('refdir',(1.,0.,0.));
#8946=DIRECTION('center_axis',(1.,0.,0.));
#8947=DIRECTION('ref_axis',(0.,0.,-1.));
#8948=DIRECTION('',(0.,0.,1.));
#8949=DIRECTION('',(0.,1.,0.));
#8950=DIRECTION('',(0.,0.,-1.));
#8951=DIRECTION('',(0.,1.,0.));
#8952=DIRECTION('center_axis',(0.,0.,-1.));
#8953=DIRECTION('ref_axis',(-1.,0.,0.));
#8954=DIRECTION('',(1.,0.,0.));
#8955=DIRECTION('',(0.,1.,0.));
#8956=DIRECTION('',(-1.,0.,0.));
#8957=DIRECTION('center_axis',(-1.,0.,0.));
#8958=DIRECTION('ref_axis',(0.,0.,1.));
#8959=DIRECTION('',(0.,0.,-1.));
#8960=DIRECTION('',(0.,1.,0.));
#8961=DIRECTION('',(0.,0.,1.));
#8962=DIRECTION('center_axis',(0.,0.,1.));
#8963=DIRECTION('ref_axis',(1.,0.,0.));
#8964=DIRECTION('',(-1.,0.,0.));
#8965=DIRECTION('',(1.,0.,0.));
#8966=DIRECTION('center_axis',(0.,-1.,0.));
#8967=DIRECTION('ref_axis',(0.,0.,-1.));
#8968=DIRECTION('center_axis',(0.,-1.,0.));
#8969=DIRECTION('ref_axis',(1.,0.,0.));
#8970=DIRECTION('',(0.,0.,1.));
#8971=DIRECTION('',(1.,0.,0.));
#8972=DIRECTION('',(0.,0.,1.));
#8973=DIRECTION('',(1.,0.,0.));
#8974=DIRECTION('',(0.,0.,1.));
#8975=DIRECTION('',(1.,0.,0.));
#8976=DIRECTION('',(0.,0.,1.));
#8977=DIRECTION('',(1.,0.,0.));
#8978=DIRECTION('',(-2.22044604925031E-16,0.,-1.));
#8979=DIRECTION('',(-1.,0.,2.22044604925031E-16));
#8980=DIRECTION('',(0.,1.94289029309402E-16,-1.));
#8981=DIRECTION('',(1.,0.,0.));
#8982=DIRECTION('axis',(0.,0.,1.));
#8983=DIRECTION('refdir',(1.,0.,0.));
#8984=DIRECTION('axis',(0.,0.,1.));
#8985=DIRECTION('refdir',(1.,0.,0.));
#8986=DIRECTION('center_axis',(-1.,0.,0.));
#8987=DIRECTION('ref_axis',(0.,1.,0.));
#8988=DIRECTION('',(0.,-1.,0.));
#8989=DIRECTION('',(0.,0.,-1.));
#8990=DIRECTION('',(0.,1.,0.));
#8991=DIRECTION('',(0.,0.,-1.));
#8992=DIRECTION('center_axis',(0.,1.,0.));
#8993=DIRECTION('ref_axis',(1.,0.,0.));
#8994=DIRECTION('',(-1.,0.,0.));
#8995=DIRECTION('',(0.,0.,-1.));
#8996=DIRECTION('',(1.,0.,0.));
#8997=DIRECTION('center_axis',(1.,0.,0.));
#8998=DIRECTION('ref_axis',(0.,-1.,0.));
#8999=DIRECTION('',(0.,1.,0.));
#9000=DIRECTION('',(0.,0.,-1.));
#9001=DIRECTION('',(0.,-1.,0.));
#9002=DIRECTION('center_axis',(0.,-1.,0.));
#9003=DIRECTION('ref_axis',(-1.,0.,0.));
#9004=DIRECTION('',(1.,0.,0.));
#9005=DIRECTION('',(-1.,0.,0.));
#9006=DIRECTION('center_axis',(0.,0.,1.));
#9007=DIRECTION('ref_axis',(1.,0.,0.));
#9008=DIRECTION('center_axis',(0.,0.,1.));
#9009=DIRECTION('ref_axis',(-1.,0.,0.));
#9010=DIRECTION('axis',(0.,0.,1.));
#9011=DIRECTION('refdir',(1.,0.,0.));
#9012=DIRECTION('center_axis',(0.,-1.,0.));
#9013=DIRECTION('ref_axis',(0.,0.,-1.));
#9014=DIRECTION('',(0.,0.,-1.));
#9015=DIRECTION('',(-1.,0.,0.));
#9016=DIRECTION('',(0.,0.,1.));
#9017=DIRECTION('',(1.,0.,0.));
#9018=DIRECTION('center_axis',(0.,0.,-1.));
#9019=DIRECTION('ref_axis',(-1.,0.,0.));
#9020=DIRECTION('',(-1.,0.,0.));
#9021=DIRECTION('',(0.,1.,0.));
#9022=DIRECTION('',(0.,1.,0.));
#9023=DIRECTION('center_axis',(-1.,0.,0.));
#9024=DIRECTION('ref_axis',(0.,0.,1.));
#9025=DIRECTION('',(0.,0.,1.));
#9026=DIRECTION('',(0.,1.,0.));
#9027=DIRECTION('center_axis',(0.,0.,1.));
#9028=DIRECTION('ref_axis',(1.,0.,0.));
#9029=DIRECTION('',(1.,0.,0.));
#9030=DIRECTION('',(0.,1.,0.));
#9031=DIRECTION('center_axis',(1.,0.,0.));
#9032=DIRECTION('ref_axis',(0.,0.,-1.));
#9033=DIRECTION('',(0.,0.,-1.));
#9034=DIRECTION('center_axis',(0.,-1.,0.));
#9035=DIRECTION('ref_axis',(1.,0.,0.));
#9036=DIRECTION('axis',(0.,0.,1.));
#9037=DIRECTION('refdir',(1.,0.,0.));
#9038=DIRECTION('center_axis',(0.,1.,0.));
#9039=DIRECTION('ref_axis',(0.,0.,1.));
#9040=DIRECTION('',(0.,0.,1.));
#9041=DIRECTION('',(1.,0.,0.));
#9042=DIRECTION('',(0.,0.,-1.));
#9043=DIRECTION('',(-1.,0.,0.));
#9044=DIRECTION('center_axis',(0.,0.,-1.));
#9045=DIRECTION('ref_axis',(-1.,0.,0.));
#9046=DIRECTION('',(-1.,0.,0.));
#9047=DIRECTION('',(0.,1.,0.));
#9048=DIRECTION('',(0.,1.,0.));
#9049=DIRECTION('center_axis',(1.,0.,0.));
#9050=DIRECTION('ref_axis',(0.,0.,-1.));
#9051=DIRECTION('',(0.,0.,-1.));
#9052=DIRECTION('',(0.,1.,0.));
#9053=DIRECTION('center_axis',(0.,0.,1.));
#9054=DIRECTION('ref_axis',(1.,0.,0.));
#9055=DIRECTION('',(1.,0.,0.));
#9056=DIRECTION('',(0.,1.,0.));
#9057=DIRECTION('center_axis',(-1.,0.,0.));
#9058=DIRECTION('ref_axis',(0.,0.,1.));
#9059=DIRECTION('',(0.,0.,1.));
#9060=DIRECTION('center_axis',(0.,1.,0.));
#9061=DIRECTION('ref_axis',(1.,0.,0.));
#9062=DIRECTION('axis',(0.,0.,1.));
#9063=DIRECTION('refdir',(1.,0.,0.));
#9064=DIRECTION('center_axis',(1.,0.,0.));
#9065=DIRECTION('ref_axis',(0.,1.,0.));
#9066=DIRECTION('',(0.,-1.,0.));
#9067=DIRECTION('',(0.,0.,1.));
#9068=DIRECTION('',(0.,1.,0.));
#9069=DIRECTION('',(0.,0.,1.));
#9070=DIRECTION('center_axis',(0.,-1.,0.));
#9071=DIRECTION('ref_axis',(1.,0.,0.));
#9072=DIRECTION('',(-1.,0.,0.));
#9073=DIRECTION('',(1.,0.,0.));
#9074=DIRECTION('',(0.,0.,1.));
#9075=DIRECTION('center_axis',(-1.,0.,0.));
#9076=DIRECTION('ref_axis',(0.,-1.,0.));
#9077=DIRECTION('',(0.,1.,0.));
#9078=DIRECTION('',(0.,-1.,0.));
#9079=DIRECTION('',(0.,0.,1.));
#9080=DIRECTION('center_axis',(0.,1.,0.));
#9081=DIRECTION('ref_axis',(-1.,0.,0.));
#9082=DIRECTION('',(1.,0.,0.));
#9083=DIRECTION('',(-1.,0.,0.));
#9084=DIRECTION('center_axis',(0.,0.,1.));
#9085=DIRECTION('ref_axis',(1.,0.,0.));
#9086=DIRECTION('center_axis',(0.,0.,1.));
#9087=DIRECTION('ref_axis',(-1.,0.,0.));
#9088=DIRECTION('',(0.,0.,1.));
#9089=DIRECTION('',(1.,0.,0.));
#9090=DIRECTION('',(0.,0.,1.));
#9091=DIRECTION('',(1.,0.,0.));
#9092=DIRECTION('',(0.,0.,1.));
#9093=DIRECTION('',(1.,0.,0.));
#9094=DIRECTION('',(0.,-1.94289029309403E-16,-1.));
#9095=DIRECTION('',(1.,0.,0.));
#9096=DIRECTION('axis',(0.,0.,1.));
#9097=DIRECTION('refdir',(1.,0.,0.));
#9098=DIRECTION('axis',(0.,0.,1.));
#9099=DIRECTION('refdir',(1.,0.,0.));
#9100=DIRECTION('center_axis',(0.,-1.,0.));
#9101=DIRECTION('ref_axis',(-1.,0.,0.));
#9102=DIRECTION('',(-1.,0.,0.));
#9103=DIRECTION('',(0.,0.,-1.));
#9104=DIRECTION('',(-1.,0.,0.));
#9105=DIRECTION('',(0.,0.,-1.));
#9106=DIRECTION('center_axis',(-1.,0.,0.));
#9107=DIRECTION('ref_axis',(0.,1.,0.));
#9108=DIRECTION('',(0.,1.,0.));
#9109=DIRECTION('',(0.,0.,-1.));
#9110=DIRECTION('',(0.,1.,0.));
#9111=DIRECTION('center_axis',(0.,1.,0.));
#9112=DIRECTION('ref_axis',(1.,0.,0.));
#9113=DIRECTION('',(1.,0.,0.));
#9114=DIRECTION('',(0.,0.,-1.));
#9115=DIRECTION('',(1.,0.,0.));
#9116=DIRECTION('center_axis',(1.,0.,0.));
#9117=DIRECTION('ref_axis',(0.,-1.,0.));
#9118=DIRECTION('',(0.,-1.,0.));
#9119=DIRECTION('',(0.,-1.,0.));
#9120=DIRECTION('center_axis',(0.,0.,1.));
#9121=DIRECTION('ref_axis',(1.,0.,0.));
#9122=DIRECTION('center_axis',(0.,0.,1.));
#9123=DIRECTION('ref_axis',(1.,0.,0.));
#9124=DIRECTION('axis',(0.,0.,1.));
#9125=DIRECTION('refdir',(1.,0.,0.));
#9126=DIRECTION('center_axis',(0.,1.,0.));
#9127=DIRECTION('ref_axis',(-1.,0.,0.));
#9128=DIRECTION('',(-1.,0.,0.));
#9129=DIRECTION('',(0.,0.,1.));
#9130=DIRECTION('',(-1.,0.,0.));
#9131=DIRECTION('',(0.,0.,1.));
#9132=DIRECTION('center_axis',(1.,0.,0.));
#9133=DIRECTION('ref_axis',(0.,1.,0.));
#9134=DIRECTION('',(0.,1.,0.));
#9135=DIRECTION('',(0.,1.,0.));
#9136=DIRECTION('',(0.,0.,1.));
#9137=DIRECTION('center_axis',(0.,-1.,0.));
#9138=DIRECTION('ref_axis',(1.,0.,0.));
#9139=DIRECTION('',(1.,0.,0.));
#9140=DIRECTION('',(1.,0.,0.));
#9141=DIRECTION('',(0.,0.,1.));
#9142=DIRECTION('center_axis',(-1.,0.,0.));
#9143=DIRECTION('ref_axis',(0.,-1.,0.));
#9144=DIRECTION('',(0.,-1.,0.));
#9145=DIRECTION('',(0.,-1.,0.));
#9146=DIRECTION('center_axis',(0.,0.,1.));
#9147=DIRECTION('ref_axis',(1.,0.,0.));
#9148=DIRECTION('center_axis',(0.,0.,1.));
#9149=DIRECTION('ref_axis',(1.,0.,0.));
#9150=DIRECTION('axis',(0.,0.,1.));
#9151=DIRECTION('refdir',(1.,0.,0.));
#9152=DIRECTION('center_axis',(-1.,0.,0.));
#9153=DIRECTION('ref_axis',(0.,0.,1.));
#9154=DIRECTION('',(0.,1.,0.));
#9155=DIRECTION('',(0.,0.,1.));
#9156=DIRECTION('',(0.,-1.,0.));
#9157=DIRECTION('',(0.,0.,-1.));
#9158=DIRECTION('center_axis',(0.,-1.,0.));
#9159=DIRECTION('ref_axis',(-1.,0.,0.));
#9160=DIRECTION('',(1.,0.,0.));
#9161=DIRECTION('',(1.,0.,0.));
#9162=DIRECTION('',(0.,0.,-1.));
#9163=DIRECTION('center_axis',(0.,1.,0.));
#9164=DIRECTION('ref_axis',(1.,0.,0.));
#9165=DIRECTION('',(1.,0.,0.));
#9166=DIRECTION('',(0.,0.,-1.));
#9167=DIRECTION('',(1.,0.,0.));
#9168=DIRECTION('center_axis',(1.,0.,0.));
#9169=DIRECTION('ref_axis',(0.,-1.,0.));
#9170=DIRECTION('',(0.,-1.,0.));
#9171=DIRECTION('',(0.,-1.,0.));
#9172=DIRECTION('center_axis',(0.,0.,1.));
#9173=DIRECTION('ref_axis',(1.,0.,0.));
#9174=DIRECTION('center_axis',(0.,0.,1.));
#9175=DIRECTION('ref_axis',(1.,0.,0.));
#9176=DIRECTION('axis',(0.,0.,1.));
#9177=DIRECTION('refdir',(1.,0.,0.));
#9178=DIRECTION('center_axis',(1.,0.,0.));
#9179=DIRECTION('ref_axis',(0.,0.,-1.));
#9180=DIRECTION('',(0.,1.,0.));
#9181=DIRECTION('',(0.,0.,1.));
#9182=DIRECTION('',(0.,-1.,0.));
#9183=DIRECTION('',(0.,0.,-1.));
#9184=DIRECTION('center_axis',(0.,1.,0.));
#9185=DIRECTION('ref_axis',(-1.,0.,0.));
#9186=DIRECTION('',(1.,0.,0.));
#9187=DIRECTION('',(0.,0.,1.));
#9188=DIRECTION('',(1.,0.,0.));
#9189=DIRECTION('center_axis',(0.,-1.,0.));
#9190=DIRECTION('ref_axis',(1.,0.,0.));
#9191=DIRECTION('',(1.,0.,0.));
#9192=DIRECTION('',(1.,0.,0.));
#9193=DIRECTION('',(0.,0.,1.));
#9194=DIRECTION('center_axis',(-1.,0.,0.));
#9195=DIRECTION('ref_axis',(0.,-1.,0.));
#9196=DIRECTION('',(0.,-1.,0.));
#9197=DIRECTION('',(0.,-1.,0.));
#9198=DIRECTION('center_axis',(0.,0.,1.));
#9199=DIRECTION('ref_axis',(1.,0.,0.));
#9200=DIRECTION('center_axis',(0.,0.,1.));
#9201=DIRECTION('ref_axis',(1.,0.,0.));
#9202=DIRECTION('',(0.,0.,1.));
#9203=DIRECTION('',(1.,0.,0.));
#9204=DIRECTION('',(0.,0.,1.));
#9205=DIRECTION('',(1.,0.,0.));
#9206=DIRECTION('',(0.,0.,1.));
#9207=DIRECTION('',(1.,0.,0.));
#9208=DIRECTION('',(2.22044604925031E-16,0.,-1.));
#9209=DIRECTION('',(-1.,0.,-2.22044604925031E-16));
#9210=DIRECTION('',(0.,0.,1.));
#9211=DIRECTION('',(1.,0.,0.));
#9212=DIRECTION('',(0.,0.,1.));
#9213=DIRECTION('',(1.,0.,0.));
#9214=DIRECTION('',(0.,0.,1.));
#9215=DIRECTION('',(1.,0.,0.));
#9216=DIRECTION('',(0.,0.,1.));
#9217=DIRECTION('',(1.,0.,0.));
#9218=DIRECTION('',(0.,0.,1.));
#9219=DIRECTION('',(1.,0.,0.));
#9220=DIRECTION('',(0.,0.,1.));
#9221=DIRECTION('',(1.,0.,0.));
#9222=DIRECTION('',(0.,0.,1.));
#9223=DIRECTION('',(1.,0.,0.));
#9224=DIRECTION('',(0.,0.,1.));
#9225=DIRECTION('',(1.,0.,0.));
#9226=DIRECTION('',(-2.22044604925032E-16,0.,-1.));
#9227=DIRECTION('',(-1.,0.,2.22044604925032E-16));
#9228=DIRECTION('',(0.,1.94289029309402E-16,-1.));
#9229=DIRECTION('',(1.,0.,0.));
#9230=CARTESIAN_POINT('',(0.,0.,0.));
#9231=CARTESIAN_POINT('',(0.,0.,0.));
#9232=CARTESIAN_POINT('',(0.,0.,0.));
#9233=CARTESIAN_POINT('Origin',(25.,95.,100.));
#9234=CARTESIAN_POINT('',(10.,95.,100.));
#9235=CARTESIAN_POINT('',(25.,95.,100.));
#9236=CARTESIAN_POINT('',(10.,95.,100.));
#9237=CARTESIAN_POINT('',(10.,95.,2300.));
#9238=CARTESIAN_POINT('',(10.,95.,100.));
#9239=CARTESIAN_POINT('',(25.,95.,2300.));
#9240=CARTESIAN_POINT('',(10.,95.,2300.));
#9241=CARTESIAN_POINT('',(25.,95.,100.));
#9242=CARTESIAN_POINT('Origin',(25.,92.,100.));
#9243=CARTESIAN_POINT('',(25.,92.,100.));
#9244=CARTESIAN_POINT('',(25.,95.,100.));
#9245=CARTESIAN_POINT('',(25.,92.,2300.));
#9246=CARTESIAN_POINT('',(25.,95.,2300.));
#9247=CARTESIAN_POINT('',(25.,92.,100.));
#9248=CARTESIAN_POINT('Origin',(12.,92.,100.));
#9249=CARTESIAN_POINT('',(12.,92.,100.));
#9250=CARTESIAN_POINT('',(25.,92.,100.));
#9251=CARTESIAN_POINT('',(12.,92.,2300.));
#9252=CARTESIAN_POINT('',(25.,92.,2300.));
#9253=CARTESIAN_POINT('',(12.,92.,100.));
#9254=CARTESIAN_POINT('Origin',(12.,88.,100.));
#9255=CARTESIAN_POINT('',(8.,88.,100.));
#9256=CARTESIAN_POINT('Origin',(12.,88.,100.));
#9257=CARTESIAN_POINT('',(8.,88.,2300.));
#9258=CARTESIAN_POINT('Origin',(12.,88.,2300.));
#9259=CARTESIAN_POINT('',(8.,88.,100.));
#9260=CARTESIAN_POINT('Origin',(8.,12.,100.));
#9261=CARTESIAN_POINT('',(8.,12.,100.));
#9262=CARTESIAN_POINT('',(8.,88.,100.));
#9263=CARTESIAN_POINT('',(8.,12.,2300.));
#9264=CARTESIAN_POINT('',(8.,88.,2300.));
#9265=CARTESIAN_POINT('',(8.,12.,100.));
#9266=CARTESIAN_POINT('Origin',(12.,12.,100.));
#9267=CARTESIAN_POINT('',(12.,7.99999999999999,100.));
#9268=CARTESIAN_POINT('Origin',(12.,12.,100.));
#9269=CARTESIAN_POINT('',(12.,7.99999999999999,2300.));
#9270=CARTESIAN_POINT('Origin',(12.,12.,2300.));
#9271=CARTESIAN_POINT('',(12.,7.99999999999999,100.));
#9272=CARTESIAN_POINT('Origin',(88.,7.99999999999999,100.));
#9273=CARTESIAN_POINT('',(88.,7.99999999999999,100.));
#9274=CARTESIAN_POINT('',(12.,7.99999999999999,100.));
#9275=CARTESIAN_POINT('',(88.,7.99999999999999,2300.));
#9276=CARTESIAN_POINT('',(12.,7.99999999999999,2300.));
#9277=CARTESIAN_POINT('',(88.,7.99999999999999,100.));
#9278=CARTESIAN_POINT('Origin',(88.,12.,100.));
#9279=CARTESIAN_POINT('',(92.,12.,100.));
#9280=CARTESIAN_POINT('Origin',(88.,12.,100.));
#9281=CARTESIAN_POINT('',(92.,12.,2300.));
#9282=CARTESIAN_POINT('Origin',(88.,12.,2300.));
#9283=CARTESIAN_POINT('',(92.,12.,100.));
#9284=CARTESIAN_POINT('Origin',(92.,25.,100.));
#9285=CARTESIAN_POINT('',(92.,25.,100.));
#9286=CARTESIAN_POINT('',(92.,25.,100.));
#9287=CARTESIAN_POINT('',(92.,25.,2300.));
#9288=CARTESIAN_POINT('',(92.,25.,2300.));
#9289=CARTESIAN_POINT('',(92.,25.,100.));
#9290=CARTESIAN_POINT('Origin',(95.,25.,100.));
#9291=CARTESIAN_POINT('',(95.,25.,100.));
#9292=CARTESIAN_POINT('',(95.,25.,100.));
#9293=CARTESIAN_POINT('',(95.,25.,2300.));
#9294=CARTESIAN_POINT('',(95.,25.,2300.));
#9295=CARTESIAN_POINT('',(95.,25.,100.));
#9296=CARTESIAN_POINT('Origin',(95.,10.,100.));
#9297=CARTESIAN_POINT('',(95.,10.,100.));
#9298=CARTESIAN_POINT('',(95.,10.,100.));
#9299=CARTESIAN_POINT('',(95.,10.,2300.));
#9300=CARTESIAN_POINT('',(95.,10.,2300.));
#9301=CARTESIAN_POINT('',(95.,10.,100.));
#9302=CARTESIAN_POINT('Origin',(90.,10.,100.));
#9303=CARTESIAN_POINT('',(90.,5.,100.));
#9304=CARTESIAN_POINT('Origin',(90.,10.,100.));
#9305=CARTESIAN_POINT('',(90.,5.,2300.));
#9306=CARTESIAN_POINT('Origin',(90.,10.,2300.));
#9307=CARTESIAN_POINT('',(90.,5.,100.));
#9308=CARTESIAN_POINT('Origin',(10.,5.,100.));
#9309=CARTESIAN_POINT('',(10.,5.,100.));
#9310=CARTESIAN_POINT('',(10.,5.,100.));
#9311=CARTESIAN_POINT('',(10.,5.,2300.));
#9312=CARTESIAN_POINT('',(10.,5.,2300.));
#9313=CARTESIAN_POINT('',(10.,5.,100.));
#9314=CARTESIAN_POINT('Origin',(9.99999999999999,9.99999999999999,100.));
#9315=CARTESIAN_POINT('',(5.,10.,100.));
#9316=CARTESIAN_POINT('Origin',(9.99999999999999,9.99999999999999,100.));
#9317=CARTESIAN_POINT('',(5.,10.,2300.));
#9318=CARTESIAN_POINT('Origin',(9.99999999999999,9.99999999999999,2300.));
#9319=CARTESIAN_POINT('',(5.,10.,100.));
#9320=CARTESIAN_POINT('Origin',(5.,90.,100.));
#9321=CARTESIAN_POINT('',(4.99999999999999,90.,100.));
#9322=CARTESIAN_POINT('',(5.,90.,100.));
#9323=CARTESIAN_POINT('',(4.99999999999999,90.,2300.));
#9324=CARTESIAN_POINT('',(5.,90.,2300.));
#9325=CARTESIAN_POINT('',(4.99999999999999,90.,100.));
#9326=CARTESIAN_POINT('Origin',(10.,90.,100.));
#9327=CARTESIAN_POINT('Origin',(10.,90.,100.));
#9328=CARTESIAN_POINT('Origin',(10.,90.,2300.));
#9329=CARTESIAN_POINT('Origin',(50.,50.,2300.));
#9330=CARTESIAN_POINT('Origin',(50.,50.,100.));
#9331=CARTESIAN_POINT('',(0.,0.,0.));
#9332=CARTESIAN_POINT('Origin',(612.5,612.5,50.0000000000001));
#9333=CARTESIAN_POINT('',(9.99999999999979,10.,100.));
#9334=CARTESIAN_POINT('',(49.9999999999997,50.,100.));
#9335=CARTESIAN_POINT('',(318.75,318.75,100.));
#9336=CARTESIAN_POINT('',(49.9999999999997,50.,95.));
#9337=CARTESIAN_POINT('',(49.9999999999998,50.,72.5000000000001));
#9338=CARTESIAN_POINT('',(9.99999999999978,10.,95.));
#9339=CARTESIAN_POINT('',(308.75,308.75,95.));
#9340=CARTESIAN_POINT('',(4.99999999999974,4.99999999999999,90.));
#9341=CARTESIAN_POINT('Origin',(9.99999999999978,10.,90.));
#9342=CARTESIAN_POINT('',(4.99999999999973,5.,10.));
#9343=CARTESIAN_POINT('',(4.99999999999972,5.,30.));
#9344=CARTESIAN_POINT('',(9.99999999999977,10.,5.));
#9345=CARTESIAN_POINT('Origin',(9.99999999999977,10.,10.));
#9346=CARTESIAN_POINT('',(49.9999999999997,50.,5.));
#9347=CARTESIAN_POINT('',(318.75,318.75,5.));
#9348=CARTESIAN_POINT('',(49.9999999999997,50.,0.));
#9349=CARTESIAN_POINT('',(49.9999999999998,50.,25.0000000000001));
#9350=CARTESIAN_POINT('',(9.99999999999977,10.,0.));
#9351=CARTESIAN_POINT('',(308.75,308.75,0.));
#9352=CARTESIAN_POINT('',(0.,-1.11022302462516E-15,10.));
#9353=CARTESIAN_POINT('Origin',(9.99999999999977,9.99999999999999,9.99999999999999));
#9354=CARTESIAN_POINT('',(0.,-9.99200722162641E-15,90.));
#9355=CARTESIAN_POINT('',(0.,-1.11022302462516E-15,10.));
#9356=CARTESIAN_POINT('Origin',(9.99999999999978,9.99999999999999,90.));
#9357=CARTESIAN_POINT('Origin',(0.,10.,90.));
#9358=CARTESIAN_POINT('',(2395.,4.99999999999999,90.));
#9359=CARTESIAN_POINT('',(2390.,10.,95.));
#9360=CARTESIAN_POINT('Origin',(2390.,10.,90.));
#9361=CARTESIAN_POINT('',(0.,4.99999999999999,90.));
#9362=CARTESIAN_POINT('',(0.,10.,95.));
#9363=CARTESIAN_POINT('Origin',(0.,10.,95.));
#9364=CARTESIAN_POINT('',(2350.,50.,95.));
#9365=CARTESIAN_POINT('',(1491.25,908.75,95.));
#9366=CARTESIAN_POINT('',(0.,50.,95.));
#9367=CARTESIAN_POINT('Origin',(0.,50.,95.));
#9368=CARTESIAN_POINT('',(2350.,50.,100.));
#9369=CARTESIAN_POINT('',(2350.,50.,72.5));
#9370=CARTESIAN_POINT('',(0.,50.,100.));
#9371=CARTESIAN_POINT('Origin',(0.,50.,100.));
#9372=CARTESIAN_POINT('',(2390.,10.,100.));
#9373=CARTESIAN_POINT('',(1481.25,918.75,100.));
#9374=CARTESIAN_POINT('',(0.,10.,100.));
#9375=CARTESIAN_POINT('Origin',(0.,-8.88178419700125E-15,90.));
#9376=CARTESIAN_POINT('',(2400.,-1.11022302462516E-15,10.));
#9377=CARTESIAN_POINT('',(0.,-1.11022302462516E-15,10.));
#9378=CARTESIAN_POINT('',(2400.,-1.11022302462516E-14,90.));
#9379=CARTESIAN_POINT('',(2400.,-1.11022302462516E-15,10.));
#9380=CARTESIAN_POINT('',(0.,-9.99200722162641E-15,90.));
#9381=CARTESIAN_POINT('Origin',(0.,9.99999999999999,90.));
#9382=CARTESIAN_POINT('Origin',(2390.,9.99999999999999,90.));
#9383=CARTESIAN_POINT('Origin',(0.,9.99999999999999,9.99999999999999));
#9384=CARTESIAN_POINT('',(2390.,10.,0.));
#9385=CARTESIAN_POINT('Origin',(2390.,9.99999999999999,9.99999999999999));
#9386=CARTESIAN_POINT('',(0.,10.,0.));
#9387=CARTESIAN_POINT('Origin',(0.,10.,0.));
#9388=CARTESIAN_POINT('',(2350.,50.,0.));
#9389=CARTESIAN_POINT('',(1491.25,908.75,0.));
#9390=CARTESIAN_POINT('',(0.,50.,0.));
#9391=CARTESIAN_POINT('Origin',(0.,50.,0.));
#9392=CARTESIAN_POINT('',(2350.,50.,5.));
#9393=CARTESIAN_POINT('',(2350.,50.,25.));
#9394=CARTESIAN_POINT('',(0.,50.,5.));
#9395=CARTESIAN_POINT('Origin',(0.,50.,5.));
#9396=CARTESIAN_POINT('',(2390.,10.,5.));
#9397=CARTESIAN_POINT('',(1481.25,918.75,5.));
#9398=CARTESIAN_POINT('',(0.,10.,5.));
#9399=CARTESIAN_POINT('Origin',(0.,10.,10.));
#9400=CARTESIAN_POINT('',(2395.,5.,10.));
#9401=CARTESIAN_POINT('Origin',(2390.,10.,10.));
#9402=CARTESIAN_POINT('',(0.,5.,10.));
#9403=CARTESIAN_POINT('Origin',(0.,5.,10.));
#9404=CARTESIAN_POINT('',(2395.,5.,29.9999999999998));
#9405=CARTESIAN_POINT('Origin',(1787.5,612.5,50.));
#9406=CARTESIAN_POINT('',(0.,0.,0.));
#9407=CARTESIAN_POINT('Origin',(27.4448486385694,165.,95.));
#9408=CARTESIAN_POINT('',(9.99999999999999,145.,95.));
#9409=CARTESIAN_POINT('',(9.99999999999999,185.,95.));
#9410=CARTESIAN_POINT('',(9.99999999999999,0.,95.));
#9411=CARTESIAN_POINT('',(5.,185.,95.));
#9412=CARTESIAN_POINT('',(49.8896972771388,185.,95.));
#9413=CARTESIAN_POINT('',(5.,145.,95.));
#9414=CARTESIAN_POINT('',(5.,185.,95.));
#9415=CARTESIAN_POINT('',(5.,145.,95.));
#9416=CARTESIAN_POINT('Origin',(49.8896972771388,145.,105.));
#9417=CARTESIAN_POINT('',(49.8896972771388,145.,100.));
#9418=CARTESIAN_POINT('',(10.,145.,100.));
#9419=CARTESIAN_POINT('',(29.9448486385694,145.,100.));
#9420=CARTESIAN_POINT('',(49.8896972771388,145.,95.));
#9421=CARTESIAN_POINT('',(49.8896972771388,145.,105.));
#9422=CARTESIAN_POINT('',(49.9448486385694,145.,95.));
#9423=CARTESIAN_POINT('',(5.,145.,98.6602540378444));
#9424=CARTESIAN_POINT('',(5.,145.,105.));
#9425=CARTESIAN_POINT('Origin',(9.99999999999999,145.,90.));
#9426=CARTESIAN_POINT('Origin',(5.,145.,105.));
#9427=CARTESIAN_POINT('',(5.,185.,98.6602540378444));
#9428=CARTESIAN_POINT('',(5.,0.,98.6602540378444));
#9429=CARTESIAN_POINT('',(5.,185.,105.));
#9430=CARTESIAN_POINT('Origin',(49.8896972771388,185.,105.));
#9431=CARTESIAN_POINT('',(49.8896972771388,185.,100.));
#9432=CARTESIAN_POINT('',(49.8896972771388,92.5,100.));
#9433=CARTESIAN_POINT('',(49.8896972771388,185.,95.));
#9434=CARTESIAN_POINT('',(49.8896972771388,185.,105.));
#9435=CARTESIAN_POINT('',(49.8896972771388,92.5,95.));
#9436=CARTESIAN_POINT('Origin',(5.,185.,105.));
#9437=CARTESIAN_POINT('',(10.,185.,100.));
#9438=CARTESIAN_POINT('',(7.5,185.,100.));
#9439=CARTESIAN_POINT('Origin',(9.99999999999999,185.,90.));
#9440=CARTESIAN_POINT('',(27.5,185.,95.));
#9441=CARTESIAN_POINT('Origin',(9.99999999999999,0.,90.));
#9442=CARTESIAN_POINT('',(10.,5990.,100.));
#9443=CARTESIAN_POINT('',(10.,0.,100.));
#9444=CARTESIAN_POINT('',(9.99200722162641E-15,6000.,90.));
#9445=CARTESIAN_POINT('Origin',(9.99999999999999,5990.,90.));
#9446=CARTESIAN_POINT('',(9.99200722162641E-15,0.,90.));
#9447=CARTESIAN_POINT('',(9.99200722162641E-15,0.,90.));
#9448=CARTESIAN_POINT('',(10.,9.99999999999907,100.));
#9449=CARTESIAN_POINT('Origin',(9.99999999999999,9.99999999999907,90.));
#9450=CARTESIAN_POINT('',(10.,0.,100.));
#9451=CARTESIAN_POINT('Origin',(1512.5,1512.5,49.9999999999998));
#9452=CARTESIAN_POINT('',(1.11022302462516E-15,0.,10.));
#9453=CARTESIAN_POINT('',(9.99200722162641E-15,0.,90.));
#9454=CARTESIAN_POINT('',(10.,9.99999999999908,0.));
#9455=CARTESIAN_POINT('Origin',(9.99999999999999,9.99999999999908,9.99999999999999));
#9456=CARTESIAN_POINT('',(50.,49.9999999999992,-1.77635683940025E-14));
#9457=CARTESIAN_POINT('',(768.750000000001,768.75,0.));
#9458=CARTESIAN_POINT('',(50.,49.9999999999992,4.99999999999998));
#9459=CARTESIAN_POINT('',(50.,49.9999999999993,27.4999999999998));
#9460=CARTESIAN_POINT('',(9.99999999999999,9.99999999999908,4.99999999999998));
#9461=CARTESIAN_POINT('',(758.750000000001,758.75,4.99999999999998));
#9462=CARTESIAN_POINT('',(4.99999999999999,4.99999999999904,9.99999999999998));
#9463=CARTESIAN_POINT('Origin',(9.99999999999999,9.99999999999908,9.99999999999998));
#9464=CARTESIAN_POINT('',(4.99999999999998,4.99999999999903,90.));
#9465=CARTESIAN_POINT('',(5.,4.99999999999901,69.9999999999997));
#9466=CARTESIAN_POINT('',(9.99999999999999,9.99999999999907,95.));
#9467=CARTESIAN_POINT('Origin',(10.,9.99999999999907,90.));
#9468=CARTESIAN_POINT('',(50.,49.9999999999992,95.));
#9469=CARTESIAN_POINT('',(768.750000000001,768.75,95.));
#9470=CARTESIAN_POINT('',(50.,49.9999999999992,100.));
#9471=CARTESIAN_POINT('',(50.,49.9999999999993,74.9999999999998));
#9472=CARTESIAN_POINT('',(758.750000000001,758.75,100.));
#9473=CARTESIAN_POINT('Origin',(4.99999999999998,0.,90.));
#9474=CARTESIAN_POINT('',(4.99999999999999,5995.,9.99999999999998));
#9475=CARTESIAN_POINT('',(4.99999999999999,0.,9.99999999999998));
#9476=CARTESIAN_POINT('',(4.99999999999998,5995.,90.));
#9477=CARTESIAN_POINT('',(5.00000000000028,5995.,69.9999999999991));
#9478=CARTESIAN_POINT('',(4.99999999999998,0.,90.));
#9479=CARTESIAN_POINT('Origin',(9.99999999999999,0.,9.99999999999998));
#9480=CARTESIAN_POINT('',(9.99999999999999,5990.,4.99999999999998));
#9481=CARTESIAN_POINT('',(9.99999999999999,0.,4.99999999999998));
#9482=CARTESIAN_POINT('Origin',(9.99999999999999,5990.,9.99999999999998));
#9483=CARTESIAN_POINT('Origin',(9.99999999999999,0.,4.99999999999998));
#9484=CARTESIAN_POINT('',(50.,5950.,4.99999999999998));
#9485=CARTESIAN_POINT('',(50.,0.,4.99999999999998));
#9486=CARTESIAN_POINT('',(2258.75,3741.25,4.99999999999999));
#9487=CARTESIAN_POINT('Origin',(50.,0.,4.99999999999998));
#9488=CARTESIAN_POINT('',(50.,5950.,-1.77635683940025E-14));
#9489=CARTESIAN_POINT('',(50.,0.,-1.77635683940025E-14));
#9490=CARTESIAN_POINT('',(50.0000000000006,5950.,27.4999999999995));
#9491=CARTESIAN_POINT('Origin',(50.,0.,0.));
#9492=CARTESIAN_POINT('',(10.,5990.,0.));
#9493=CARTESIAN_POINT('',(10.,0.,0.));
#9494=CARTESIAN_POINT('',(2268.75,3731.25,0.));
#9495=CARTESIAN_POINT('Origin',(9.99999999999999,0.,9.99999999999999));
#9496=CARTESIAN_POINT('',(1.11022302462516E-15,6000.,10.));
#9497=CARTESIAN_POINT('',(1.11022302462516E-15,0.,10.));
#9498=CARTESIAN_POINT('Origin',(9.99999999999999,5990.,9.99999999999999));
#9499=CARTESIAN_POINT('Origin',(1.11022302462516E-15,0.,10.));
#9500=CARTESIAN_POINT('',(9.99200722162641E-15,6000.,90.));
#9501=CARTESIAN_POINT('Origin',(10.,0.,100.));
#9502=CARTESIAN_POINT('',(50.,5950.,100.));
#9503=CARTESIAN_POINT('',(50.,0.,100.));
#9504=CARTESIAN_POINT('',(2258.75,3741.25,100.));
#9505=CARTESIAN_POINT('Origin',(50.,0.,100.));
#9506=CARTESIAN_POINT('',(50.,5950.,95.));
#9507=CARTESIAN_POINT('',(50.,0.,95.));
#9508=CARTESIAN_POINT('',(50.0000000000006,5950.,74.9999999999995));
#9509=CARTESIAN_POINT('Origin',(50.,0.,95.));
#9510=CARTESIAN_POINT('',(9.99999999999999,5990.,95.));
#9511=CARTESIAN_POINT('',(9.99999999999999,0.,95.));
#9512=CARTESIAN_POINT('',(2268.75,3731.25,95.));
#9513=CARTESIAN_POINT('',(9.99999999999999,0.,95.));
#9514=CARTESIAN_POINT('Origin',(10.,0.,90.));
#9515=CARTESIAN_POINT('Origin',(10.,5990.,90.));
#9516=CARTESIAN_POINT('Origin',(1512.5,4487.5,49.9999999999998));
#9517=CARTESIAN_POINT('',(0.,0.,0.));
#9518=CARTESIAN_POINT('Origin',(50.,185.,-105.));
#9519=CARTESIAN_POINT('',(50.,185.,-100.));
#9520=CARTESIAN_POINT('',(10.,185.,-100.));
#9521=CARTESIAN_POINT('',(30.,185.,-100.));
#9522=CARTESIAN_POINT('',(50.,185.,-95.0000000000003));
#9523=CARTESIAN_POINT('',(50.,185.,-102.5));
#9524=CARTESIAN_POINT('',(9.99999999999999,185.,-95.));
#9525=CARTESIAN_POINT('',(50.,185.,-95.));
#9526=CARTESIAN_POINT('',(5.,185.,-95.0000000000003));
#9527=CARTESIAN_POINT('',(5.,185.,-95.0000000000003));
#9528=CARTESIAN_POINT('',(5.,185.,-98.6602540378444));
#9529=CARTESIAN_POINT('',(5.,185.,-105.));
#9530=CARTESIAN_POINT('Origin',(9.99999999999999,185.,-90.));
#9531=CARTESIAN_POINT('Origin',(5.,185.,-105.));
#9532=CARTESIAN_POINT('',(5.,145.,-98.6602540378444));
#9533=CARTESIAN_POINT('',(5.,0.,-98.6602540378444));
#9534=CARTESIAN_POINT('',(5.,145.,-95.0000000000003));
#9535=CARTESIAN_POINT('',(5.,145.,-95.0000000000003));
#9536=CARTESIAN_POINT('',(5.,145.,-105.));
#9537=CARTESIAN_POINT('Origin',(5.,145.,-105.));
#9538=CARTESIAN_POINT('',(10.,145.,-100.));
#9539=CARTESIAN_POINT('',(50.,145.,-100.));
#9540=CARTESIAN_POINT('',(7.5,145.,-100.));
#9541=CARTESIAN_POINT('Origin',(9.99999999999999,145.,-90.));
#9542=CARTESIAN_POINT('',(9.99999999999999,145.,-95.));
#9543=CARTESIAN_POINT('',(50.,145.,-95.0000000000003));
#9544=CARTESIAN_POINT('',(50.,145.,-95.0000000000003));
#9545=CARTESIAN_POINT('',(27.5,145.,-95.));
#9546=CARTESIAN_POINT('',(50.,145.,-102.5));
#9547=CARTESIAN_POINT('Origin',(27.5,165.,-95.0000000000003));
#9548=CARTESIAN_POINT('',(9.99999999999999,0.,-95.));
#9549=CARTESIAN_POINT('Origin',(50.,0.,-95.));
#9550=CARTESIAN_POINT('',(9.99999999999999,9.99999999999907,-95.));
#9551=CARTESIAN_POINT('',(9.99999999999999,0.,-95.));
#9552=CARTESIAN_POINT('',(50.,49.9999999999992,-95.));
#9553=CARTESIAN_POINT('',(768.750000000001,768.75,-95.));
#9554=CARTESIAN_POINT('',(50.,0.,-95.));
#9555=CARTESIAN_POINT('Origin',(50.,0.,-95.));
#9556=CARTESIAN_POINT('',(50.,5950.,-95.));
#9557=CARTESIAN_POINT('',(50.,0.,-95.));
#9558=CARTESIAN_POINT('',(9.99999999999999,5990.,-95.));
#9559=CARTESIAN_POINT('',(2268.75,3731.25,-95.));
#9560=CARTESIAN_POINT('',(9.99999999999999,0.,-95.));
#9561=CARTESIAN_POINT('Origin',(50.,0.,-100.));
#9562=CARTESIAN_POINT('',(50.,49.9999999999992,-100.));
#9563=CARTESIAN_POINT('',(50.,49.9999999999993,-74.9999999999998));
#9564=CARTESIAN_POINT('',(50.,0.,-100.));
#9565=CARTESIAN_POINT('Origin',(50.,0.,-100.));
#9566=CARTESIAN_POINT('',(50.,5950.,-100.));
#9567=CARTESIAN_POINT('',(50.,0.,-100.));
#9568=CARTESIAN_POINT('',(50.0000000000006,5950.,-74.9999999999995));
#9569=CARTESIAN_POINT('Origin',(9.99999999999999,0.,-90.));
#9570=CARTESIAN_POINT('',(10.,9.99999999999907,-100.));
#9571=CARTESIAN_POINT('',(10.,0.,-100.));
#9572=CARTESIAN_POINT('',(9.99200722162641E-15,0.,-90.));
#9573=CARTESIAN_POINT('Origin',(9.99999999999999,9.99999999999907,-90.));
#9574=CARTESIAN_POINT('',(9.99200722162641E-15,6000.,-90.));
#9575=CARTESIAN_POINT('',(9.99200722162641E-15,0.,-90.));
#9576=CARTESIAN_POINT('',(10.,5990.,-100.));
#9577=CARTESIAN_POINT('Origin',(9.99999999999999,5990.,-90.));
#9578=CARTESIAN_POINT('',(10.,0.,-100.));
#9579=CARTESIAN_POINT('Origin',(10.,0.,-100.));
#9580=CARTESIAN_POINT('',(758.750000000001,758.75,-100.));
#9581=CARTESIAN_POINT('Origin',(10.,0.,-100.));
#9582=CARTESIAN_POINT('',(2258.75,3741.25,-100.));
#9583=CARTESIAN_POINT('Origin',(1512.5,1512.5,-49.9999999999998));
#9584=CARTESIAN_POINT('',(1.11022302462516E-15,0.,-10.));
#9585=CARTESIAN_POINT('',(9.99200722162641E-15,0.,-90.));
#9586=CARTESIAN_POINT('',(4.99999999999998,4.99999999999903,-90.));
#9587=CARTESIAN_POINT('Origin',(10.,9.99999999999907,-90.));
#9588=CARTESIAN_POINT('',(4.99999999999999,4.99999999999904,-9.99999999999998));
#9589=CARTESIAN_POINT('',(5.,4.99999999999901,-69.9999999999997));
#9590=CARTESIAN_POINT('',(9.99999999999999,9.99999999999908,-4.99999999999998));
#9591=CARTESIAN_POINT('Origin',(9.99999999999999,9.99999999999908,-9.99999999999998));
#9592=CARTESIAN_POINT('',(50.,49.9999999999992,-4.99999999999998));
#9593=CARTESIAN_POINT('',(758.750000000001,758.75,-4.99999999999998));
#9594=CARTESIAN_POINT('',(50.,49.9999999999992,1.77635683940025E-14));
#9595=CARTESIAN_POINT('',(50.,49.9999999999993,-27.4999999999998));
#9596=CARTESIAN_POINT('',(10.,9.99999999999908,0.));
#9597=CARTESIAN_POINT('',(768.750000000001,768.75,0.));
#9598=CARTESIAN_POINT('Origin',(9.99999999999999,9.99999999999908,-9.99999999999999));
#9599=CARTESIAN_POINT('Origin',(4.99999999999998,0.,-90.));
#9600=CARTESIAN_POINT('',(4.99999999999998,5995.,-90.));
#9601=CARTESIAN_POINT('',(4.99999999999998,0.,-90.));
#9602=CARTESIAN_POINT('',(4.99999999999999,5995.,-9.99999999999998));
#9603=CARTESIAN_POINT('',(5.00000000000028,5995.,-69.9999999999991));
#9604=CARTESIAN_POINT('',(4.99999999999999,0.,-9.99999999999998));
#9605=CARTESIAN_POINT('Origin',(9.99999999999999,0.,-9.99999999999998));
#9606=CARTESIAN_POINT('',(9.99999999999999,5990.,-4.99999999999998));
#9607=CARTESIAN_POINT('Origin',(9.99999999999999,5990.,-9.99999999999998));
#9608=CARTESIAN_POINT('',(9.99999999999999,0.,-4.99999999999998));
#9609=CARTESIAN_POINT('Origin',(9.99999999999999,0.,-4.99999999999998));
#9610=CARTESIAN_POINT('',(50.,5950.,-4.99999999999998));
#9611=CARTESIAN_POINT('',(2258.75,3741.25,-4.99999999999999));
#9612=CARTESIAN_POINT('',(50.,0.,-4.99999999999998));
#9613=CARTESIAN_POINT('Origin',(50.,0.,-4.99999999999998));
#9614=CARTESIAN_POINT('',(50.,5950.,1.77635683940025E-14));
#9615=CARTESIAN_POINT('',(50.0000000000006,5950.,-27.4999999999995));
#9616=CARTESIAN_POINT('',(50.,0.,1.77635683940025E-14));
#9617=CARTESIAN_POINT('Origin',(50.,0.,0.));
#9618=CARTESIAN_POINT('',(10.,5990.,0.));
#9619=CARTESIAN_POINT('',(2268.75,3731.25,0.));
#9620=CARTESIAN_POINT('',(10.,0.,0.));
#9621=CARTESIAN_POINT('Origin',(9.99999999999999,0.,-9.99999999999999));
#9622=CARTESIAN_POINT('',(1.11022302462516E-15,6000.,-10.));
#9623=CARTESIAN_POINT('Origin',(9.99999999999999,5990.,-9.99999999999999));
#9624=CARTESIAN_POINT('',(1.11022302462516E-15,0.,-10.));
#9625=CARTESIAN_POINT('Origin',(1.11022302462516E-15,0.,-10.));
#9626=CARTESIAN_POINT('',(9.99200722162641E-15,6000.,-90.));
#9627=CARTESIAN_POINT('Origin',(10.,0.,-90.));
#9628=CARTESIAN_POINT('Origin',(10.,5990.,-90.));
#9629=CARTESIAN_POINT('Origin',(1512.5,4487.5,-49.9999999999998));
#9630=CARTESIAN_POINT('',(0.,0.,0.));
#9631=CARTESIAN_POINT('Origin',(612.5,612.5,-50.0000000000001));
#9632=CARTESIAN_POINT('',(9.99999999999979,10.,-100.));
#9633=CARTESIAN_POINT('',(49.9999999999997,50.,-100.));
#9634=CARTESIAN_POINT('',(318.75,318.75,-100.));
#9635=CARTESIAN_POINT('',(0.,-9.99200722162641E-15,-90.));
#9636=CARTESIAN_POINT('Origin',(9.99999999999978,9.99999999999999,-90.));
#9637=CARTESIAN_POINT('',(0.,-1.11022302462516E-15,-10.));
#9638=CARTESIAN_POINT('',(0.,-1.11022302462516E-15,-10.));
#9639=CARTESIAN_POINT('',(9.99999999999977,10.,0.));
#9640=CARTESIAN_POINT('Origin',(9.99999999999977,9.99999999999999,-9.99999999999999));
#9641=CARTESIAN_POINT('',(49.9999999999997,50.,0.));
#9642=CARTESIAN_POINT('',(308.75,308.75,0.));
#9643=CARTESIAN_POINT('',(49.9999999999997,50.,-5.));
#9644=CARTESIAN_POINT('',(49.9999999999998,50.,-25.0000000000001));
#9645=CARTESIAN_POINT('',(9.99999999999977,10.,-5.));
#9646=CARTESIAN_POINT('',(318.75,318.75,-5.));
#9647=CARTESIAN_POINT('',(4.99999999999973,5.,-10.));
#9648=CARTESIAN_POINT('Origin',(9.99999999999977,10.,-10.));
#9649=CARTESIAN_POINT('',(4.99999999999974,4.99999999999999,-90.));
#9650=CARTESIAN_POINT('',(4.99999999999972,5.,-30.));
#9651=CARTESIAN_POINT('',(9.99999999999978,10.,-95.));
#9652=CARTESIAN_POINT('Origin',(9.99999999999978,10.,-90.));
#9653=CARTESIAN_POINT('',(49.9999999999997,50.,-95.));
#9654=CARTESIAN_POINT('',(308.75,308.75,-95.));
#9655=CARTESIAN_POINT('',(49.9999999999998,50.,-72.5000000000001));
#9656=CARTESIAN_POINT('Origin',(0.,10.,-90.));
#9657=CARTESIAN_POINT('',(2395.,4.99999999999999,-90.));
#9658=CARTESIAN_POINT('',(2390.,10.,-95.));
#9659=CARTESIAN_POINT('Origin',(2390.,10.,-90.));
#9660=CARTESIAN_POINT('',(0.,10.,-95.));
#9661=CARTESIAN_POINT('',(0.,4.99999999999999,-90.));
#9662=CARTESIAN_POINT('Origin',(0.,10.,-95.));
#9663=CARTESIAN_POINT('',(2350.,50.,-95.));
#9664=CARTESIAN_POINT('',(1491.25,908.75,-95.));
#9665=CARTESIAN_POINT('',(0.,50.,-95.));
#9666=CARTESIAN_POINT('Origin',(0.,50.,-95.));
#9667=CARTESIAN_POINT('',(2350.,50.,-100.));
#9668=CARTESIAN_POINT('',(2350.,50.,-72.5));
#9669=CARTESIAN_POINT('',(0.,50.,-100.));
#9670=CARTESIAN_POINT('Origin',(0.,50.,-100.));
#9671=CARTESIAN_POINT('',(2390.,10.,-100.));
#9672=CARTESIAN_POINT('',(1481.25,918.75,-100.));
#9673=CARTESIAN_POINT('',(0.,10.,-100.));
#9674=CARTESIAN_POINT('Origin',(0.,-8.88178419700125E-15,-90.));
#9675=CARTESIAN_POINT('',(2400.,-1.11022302462516E-14,-90.));
#9676=CARTESIAN_POINT('',(0.,-9.99200722162641E-15,-90.));
#9677=CARTESIAN_POINT('',(2400.,-1.11022302462516E-15,-10.));
#9678=CARTESIAN_POINT('',(2400.,-1.11022302462516E-15,-10.));
#9679=CARTESIAN_POINT('',(0.,-1.11022302462516E-15,-10.));
#9680=CARTESIAN_POINT('Origin',(0.,9.99999999999999,-90.));
#9681=CARTESIAN_POINT('Origin',(2390.,9.99999999999999,-90.));
#9682=CARTESIAN_POINT('Origin',(0.,9.99999999999999,-9.99999999999999));
#9683=CARTESIAN_POINT('',(2390.,10.,0.));
#9684=CARTESIAN_POINT('Origin',(2390.,9.99999999999999,-9.99999999999999));
#9685=CARTESIAN_POINT('',(0.,10.,0.));
#9686=CARTESIAN_POINT('Origin',(0.,10.,0.));
#9687=CARTESIAN_POINT('',(2350.,50.,0.));
#9688=CARTESIAN_POINT('',(1491.25,908.75,0.));
#9689=CARTESIAN_POINT('',(0.,50.,0.));
#9690=CARTESIAN_POINT('Origin',(0.,50.,0.));
#9691=CARTESIAN_POINT('',(2350.,50.,-5.));
#9692=CARTESIAN_POINT('',(2350.,50.,-25.));
#9693=CARTESIAN_POINT('',(0.,50.,-5.));
#9694=CARTESIAN_POINT('Origin',(0.,50.,-5.));
#9695=CARTESIAN_POINT('',(2390.,10.,-5.));
#9696=CARTESIAN_POINT('',(1481.25,918.75,-5.));
#9697=CARTESIAN_POINT('',(0.,10.,-5.));
#9698=CARTESIAN_POINT('Origin',(0.,10.,-10.));
#9699=CARTESIAN_POINT('',(2395.,5.,-10.));
#9700=CARTESIAN_POINT('Origin',(2390.,10.,-10.));
#9701=CARTESIAN_POINT('',(0.,5.,-10.));
#9702=CARTESIAN_POINT('Origin',(0.,5.,-10.));
#9703=CARTESIAN_POINT('',(2395.,5.,-29.9999999999998));
#9704=CARTESIAN_POINT('Origin',(1787.5,612.5,-50.));
#9705=CARTESIAN_POINT('',(0.,0.,0.));
#9706=CARTESIAN_POINT('Origin',(25.,95.,-100.));
#9707=CARTESIAN_POINT('',(10.,95.,-100.));
#9708=CARTESIAN_POINT('',(25.,95.,-100.));
#9709=CARTESIAN_POINT('',(10.,95.,-100.));
#9710=CARTESIAN_POINT('',(25.,95.,-2300.));
#9711=CARTESIAN_POINT('',(25.,95.,-100.));
#9712=CARTESIAN_POINT('',(10.,95.,-2300.));
#9713=CARTESIAN_POINT('',(10.,95.,-2300.));
#9714=CARTESIAN_POINT('',(10.,95.,-100.));
#9715=CARTESIAN_POINT('Origin',(25.,92.,-100.));
#9716=CARTESIAN_POINT('',(25.,92.,-100.));
#9717=CARTESIAN_POINT('',(25.,95.,-100.));
#9718=CARTESIAN_POINT('',(25.,92.,-2300.));
#9719=CARTESIAN_POINT('',(25.,92.,-100.));
#9720=CARTESIAN_POINT('',(25.,95.,-2300.));
#9721=CARTESIAN_POINT('Origin',(12.,92.,-100.));
#9722=CARTESIAN_POINT('',(12.,92.,-100.));
#9723=CARTESIAN_POINT('',(25.,92.,-100.));
#9724=CARTESIAN_POINT('',(12.,92.,-2300.));
#9725=CARTESIAN_POINT('',(12.,92.,-100.));
#9726=CARTESIAN_POINT('',(25.,92.,-2300.));
#9727=CARTESIAN_POINT('Origin',(12.,88.,-100.));
#9728=CARTESIAN_POINT('',(8.,88.,-100.));
#9729=CARTESIAN_POINT('Origin',(12.,88.,-100.));
#9730=CARTESIAN_POINT('',(8.,88.,-2300.));
#9731=CARTESIAN_POINT('',(8.,88.,-100.));
#9732=CARTESIAN_POINT('Origin',(12.,88.,-2300.));
#9733=CARTESIAN_POINT('Origin',(8.,12.,-100.));
#9734=CARTESIAN_POINT('',(8.,12.,-100.));
#9735=CARTESIAN_POINT('',(8.,88.,-100.));
#9736=CARTESIAN_POINT('',(8.,12.,-2300.));
#9737=CARTESIAN_POINT('',(8.,12.,-100.));
#9738=CARTESIAN_POINT('',(8.,88.,-2300.));
#9739=CARTESIAN_POINT('Origin',(12.,12.,-100.));
#9740=CARTESIAN_POINT('',(12.,7.99999999999999,-100.));
#9741=CARTESIAN_POINT('Origin',(12.,12.,-100.));
#9742=CARTESIAN_POINT('',(12.,7.99999999999999,-2300.));
#9743=CARTESIAN_POINT('',(12.,7.99999999999999,-100.));
#9744=CARTESIAN_POINT('Origin',(12.,12.,-2300.));
#9745=CARTESIAN_POINT('Origin',(88.,7.99999999999999,-100.));
#9746=CARTESIAN_POINT('',(88.,7.99999999999999,-100.));
#9747=CARTESIAN_POINT('',(12.,7.99999999999999,-100.));
#9748=CARTESIAN_POINT('',(88.,7.99999999999999,-2300.));
#9749=CARTESIAN_POINT('',(88.,7.99999999999999,-100.));
#9750=CARTESIAN_POINT('',(12.,7.99999999999999,-2300.));
#9751=CARTESIAN_POINT('Origin',(88.,12.,-100.));
#9752=CARTESIAN_POINT('',(92.,12.,-100.));
#9753=CARTESIAN_POINT('Origin',(88.,12.,-100.));
#9754=CARTESIAN_POINT('',(92.,12.,-2300.));
#9755=CARTESIAN_POINT('',(92.,12.,-100.));
#9756=CARTESIAN_POINT('Origin',(88.,12.,-2300.));
#9757=CARTESIAN_POINT('Origin',(92.,25.,-100.));
#9758=CARTESIAN_POINT('',(92.,25.,-100.));
#9759=CARTESIAN_POINT('',(92.,25.,-100.));
#9760=CARTESIAN_POINT('',(92.,25.,-2300.));
#9761=CARTESIAN_POINT('',(92.,25.,-100.));
#9762=CARTESIAN_POINT('',(92.,25.,-2300.));
#9763=CARTESIAN_POINT('Origin',(95.,25.,-100.));
#9764=CARTESIAN_POINT('',(95.,25.,-100.));
#9765=CARTESIAN_POINT('',(95.,25.,-100.));
#9766=CARTESIAN_POINT('',(95.,25.,-2300.));
#9767=CARTESIAN_POINT('',(95.,25.,-100.));
#9768=CARTESIAN_POINT('',(95.,25.,-2300.));
#9769=CARTESIAN_POINT('Origin',(95.,10.,-100.));
#9770=CARTESIAN_POINT('',(95.,10.,-100.));
#9771=CARTESIAN_POINT('',(95.,10.,-100.));
#9772=CARTESIAN_POINT('',(95.,10.,-2300.));
#9773=CARTESIAN_POINT('',(95.,10.,-100.));
#9774=CARTESIAN_POINT('',(95.,10.,-2300.));
#9775=CARTESIAN_POINT('Origin',(90.,10.,-100.));
#9776=CARTESIAN_POINT('',(90.,5.,-100.));
#9777=CARTESIAN_POINT('Origin',(90.,10.,-100.));
#9778=CARTESIAN_POINT('',(90.,5.,-2300.));
#9779=CARTESIAN_POINT('',(90.,5.,-100.));
#9780=CARTESIAN_POINT('Origin',(90.,10.,-2300.));
#9781=CARTESIAN_POINT('Origin',(10.,5.,-100.));
#9782=CARTESIAN_POINT('',(10.,5.,-100.));
#9783=CARTESIAN_POINT('',(10.,5.,-100.));
#9784=CARTESIAN_POINT('',(10.,5.,-2300.));
#9785=CARTESIAN_POINT('',(10.,5.,-100.));
#9786=CARTESIAN_POINT('',(10.,5.,-2300.));
#9787=CARTESIAN_POINT('Origin',(9.99999999999999,9.99999999999999,-100.));
#9788=CARTESIAN_POINT('',(5.,10.,-100.));
#9789=CARTESIAN_POINT('Origin',(9.99999999999999,9.99999999999999,-100.));
#9790=CARTESIAN_POINT('',(5.,10.,-2300.));
#9791=CARTESIAN_POINT('',(5.,10.,-100.));
#9792=CARTESIAN_POINT('Origin',(9.99999999999999,9.99999999999999,-2300.));
#9793=CARTESIAN_POINT('Origin',(5.,90.,-100.));
#9794=CARTESIAN_POINT('',(4.99999999999999,90.,-100.));
#9795=CARTESIAN_POINT('',(5.,90.,-100.));
#9796=CARTESIAN_POINT('',(4.99999999999999,90.,-2300.));
#9797=CARTESIAN_POINT('',(4.99999999999999,90.,-100.));
#9798=CARTESIAN_POINT('',(5.,90.,-2300.));
#9799=CARTESIAN_POINT('Origin',(10.,90.,-100.));
#9800=CARTESIAN_POINT('Origin',(10.,90.,-100.));
#9801=CARTESIAN_POINT('Origin',(10.,90.,-2300.));
#9802=CARTESIAN_POINT('Origin',(50.,50.,-2300.));
#9803=CARTESIAN_POINT('Origin',(50.,50.,-100.));
#9804=CARTESIAN_POINT('',(0.,0.,0.));
#9805=CARTESIAN_POINT('Origin',(25.,95.,-100.));
#9806=CARTESIAN_POINT('',(10.,95.,-100.));
#9807=CARTESIAN_POINT('',(25.,95.,-100.));
#9808=CARTESIAN_POINT('',(10.,95.,-100.));
#9809=CARTESIAN_POINT('',(25.,95.,-2300.));
#9810=CARTESIAN_POINT('',(25.,95.,-100.));
#9811=CARTESIAN_POINT('',(10.,95.,-2300.));
#9812=CARTESIAN_POINT('',(10.,95.,-2300.));
#9813=CARTESIAN_POINT('',(10.,95.,-100.));
#9814=CARTESIAN_POINT('Origin',(25.,92.,-100.));
#9815=CARTESIAN_POINT('',(25.,92.,-100.));
#9816=CARTESIAN_POINT('',(25.,95.,-100.));
#9817=CARTESIAN_POINT('',(25.,92.,-2300.));
#9818=CARTESIAN_POINT('',(25.,92.,-100.));
#9819=CARTESIAN_POINT('',(25.,95.,-2300.));
#9820=CARTESIAN_POINT('Origin',(12.,92.,-100.));
#9821=CARTESIAN_POINT('',(12.,92.,-100.));
#9822=CARTESIAN_POINT('',(25.,92.,-100.));
#9823=CARTESIAN_POINT('',(12.,92.,-2300.));
#9824=CARTESIAN_POINT('',(12.,92.,-100.));
#9825=CARTESIAN_POINT('',(25.,92.,-2300.));
#9826=CARTESIAN_POINT('Origin',(12.,88.,-100.));
#9827=CARTESIAN_POINT('',(8.,88.,-100.));
#9828=CARTESIAN_POINT('Origin',(12.,88.,-100.));
#9829=CARTESIAN_POINT('',(8.,88.,-2300.));
#9830=CARTESIAN_POINT('',(8.,88.,-100.));
#9831=CARTESIAN_POINT('Origin',(12.,88.,-2300.));
#9832=CARTESIAN_POINT('Origin',(8.,12.,-100.));
#9833=CARTESIAN_POINT('',(8.,12.,-100.));
#9834=CARTESIAN_POINT('',(8.,88.,-100.));
#9835=CARTESIAN_POINT('',(8.,12.,-2300.));
#9836=CARTESIAN_POINT('',(8.,12.,-100.));
#9837=CARTESIAN_POINT('',(8.,88.,-2300.));
#9838=CARTESIAN_POINT('Origin',(12.,12.,-100.));
#9839=CARTESIAN_POINT('',(12.,7.99999999999999,-100.));
#9840=CARTESIAN_POINT('Origin',(12.,12.,-100.));
#9841=CARTESIAN_POINT('',(12.,7.99999999999999,-2300.));
#9842=CARTESIAN_POINT('',(12.,7.99999999999999,-100.));
#9843=CARTESIAN_POINT('Origin',(12.,12.,-2300.));
#9844=CARTESIAN_POINT('Origin',(88.,7.99999999999999,-100.));
#9845=CARTESIAN_POINT('',(88.,7.99999999999999,-100.));
#9846=CARTESIAN_POINT('',(12.,7.99999999999999,-100.));
#9847=CARTESIAN_POINT('',(88.,7.99999999999999,-2300.));
#9848=CARTESIAN_POINT('',(88.,7.99999999999999,-100.));
#9849=CARTESIAN_POINT('',(12.,7.99999999999999,-2300.));
#9850=CARTESIAN_POINT('Origin',(88.,12.,-100.));
#9851=CARTESIAN_POINT('',(92.,12.,-100.));
#9852=CARTESIAN_POINT('Origin',(88.,12.,-100.));
#9853=CARTESIAN_POINT('',(92.,12.,-2300.));
#9854=CARTESIAN_POINT('',(92.,12.,-100.));
#9855=CARTESIAN_POINT('Origin',(88.,12.,-2300.));
#9856=CARTESIAN_POINT('Origin',(92.,25.,-100.));
#9857=CARTESIAN_POINT('',(92.,25.,-100.));
#9858=CARTESIAN_POINT('',(92.,25.,-100.));
#9859=CARTESIAN_POINT('',(92.,25.,-2300.));
#9860=CARTESIAN_POINT('',(92.,25.,-100.));
#9861=CARTESIAN_POINT('',(92.,25.,-2300.));
#9862=CARTESIAN_POINT('Origin',(95.,25.,-100.));
#9863=CARTESIAN_POINT('',(95.,25.,-100.));
#9864=CARTESIAN_POINT('',(95.,25.,-100.));
#9865=CARTESIAN_POINT('',(95.,25.,-2300.));
#9866=CARTESIAN_POINT('',(95.,25.,-100.));
#9867=CARTESIAN_POINT('',(95.,25.,-2300.));
#9868=CARTESIAN_POINT('Origin',(95.,10.,-100.));
#9869=CARTESIAN_POINT('',(95.,10.,-100.));
#9870=CARTESIAN_POINT('',(95.,10.,-100.));
#9871=CARTESIAN_POINT('',(95.,10.,-2300.));
#9872=CARTESIAN_POINT('',(95.,10.,-100.));
#9873=CARTESIAN_POINT('',(95.,10.,-2300.));
#9874=CARTESIAN_POINT('Origin',(90.,10.,-100.));
#9875=CARTESIAN_POINT('',(90.,5.,-100.));
#9876=CARTESIAN_POINT('Origin',(90.,10.,-100.));
#9877=CARTESIAN_POINT('',(90.,5.,-2300.));
#9878=CARTESIAN_POINT('',(90.,5.,-100.));
#9879=CARTESIAN_POINT('Origin',(90.,10.,-2300.));
#9880=CARTESIAN_POINT('Origin',(10.,5.,-100.));
#9881=CARTESIAN_POINT('',(10.,5.,-100.));
#9882=CARTESIAN_POINT('',(10.,5.,-100.));
#9883=CARTESIAN_POINT('',(10.,5.,-2300.));
#9884=CARTESIAN_POINT('',(10.,5.,-100.));
#9885=CARTESIAN_POINT('',(10.,5.,-2300.));
#9886=CARTESIAN_POINT('Origin',(9.99999999999999,9.99999999999999,-100.));
#9887=CARTESIAN_POINT('',(5.,10.,-100.));
#9888=CARTESIAN_POINT('Origin',(9.99999999999999,9.99999999999999,-100.));
#9889=CARTESIAN_POINT('',(5.,10.,-2300.));
#9890=CARTESIAN_POINT('',(5.,10.,-100.));
#9891=CARTESIAN_POINT('Origin',(9.99999999999999,9.99999999999999,-2300.));
#9892=CARTESIAN_POINT('Origin',(5.,90.,-100.));
#9893=CARTESIAN_POINT('',(4.99999999999999,90.,-100.));
#9894=CARTESIAN_POINT('',(5.,90.,-100.));
#9895=CARTESIAN_POINT('',(4.99999999999999,90.,-2300.));
#9896=CARTESIAN_POINT('',(4.99999999999999,90.,-100.));
#9897=CARTESIAN_POINT('',(5.,90.,-2300.));
#9898=CARTESIAN_POINT('Origin',(10.,90.,-100.));
#9899=CARTESIAN_POINT('Origin',(10.,90.,-100.));
#9900=CARTESIAN_POINT('Origin',(10.,90.,-2300.));
#9901=CARTESIAN_POINT('Origin',(50.,50.,-2300.));
#9902=CARTESIAN_POINT('Origin',(50.,50.,-100.));
#9903=CARTESIAN_POINT('',(0.,0.,0.));
#9904=CARTESIAN_POINT('Origin',(25.,95.,100.));
#9905=CARTESIAN_POINT('',(10.,95.,100.));
#9906=CARTESIAN_POINT('',(25.,95.,100.));
#9907=CARTESIAN_POINT('',(10.,95.,100.));
#9908=CARTESIAN_POINT('',(10.,95.,2300.));
#9909=CARTESIAN_POINT('',(10.,95.,100.));
#9910=CARTESIAN_POINT('',(25.,95.,2300.));
#9911=CARTESIAN_POINT('',(10.,95.,2300.));
#9912=CARTESIAN_POINT('',(25.,95.,100.));
#9913=CARTESIAN_POINT('Origin',(25.,92.,100.));
#9914=CARTESIAN_POINT('',(25.,92.,100.));
#9915=CARTESIAN_POINT('',(25.,95.,100.));
#9916=CARTESIAN_POINT('',(25.,92.,2300.));
#9917=CARTESIAN_POINT('',(25.,95.,2300.));
#9918=CARTESIAN_POINT('',(25.,92.,100.));
#9919=CARTESIAN_POINT('Origin',(12.,92.,100.));
#9920=CARTESIAN_POINT('',(12.,92.,100.));
#9921=CARTESIAN_POINT('',(25.,92.,100.));
#9922=CARTESIAN_POINT('',(12.,92.,2300.));
#9923=CARTESIAN_POINT('',(25.,92.,2300.));
#9924=CARTESIAN_POINT('',(12.,92.,100.));
#9925=CARTESIAN_POINT('Origin',(12.,88.,100.));
#9926=CARTESIAN_POINT('',(8.,88.,100.));
#9927=CARTESIAN_POINT('Origin',(12.,88.,100.));
#9928=CARTESIAN_POINT('',(8.,88.,2300.));
#9929=CARTESIAN_POINT('Origin',(12.,88.,2300.));
#9930=CARTESIAN_POINT('',(8.,88.,100.));
#9931=CARTESIAN_POINT('Origin',(8.,12.,100.));
#9932=CARTESIAN_POINT('',(8.,12.,100.));
#9933=CARTESIAN_POINT('',(8.,88.,100.));
#9934=CARTESIAN_POINT('',(8.,12.,2300.));
#9935=CARTESIAN_POINT('',(8.,88.,2300.));
#9936=CARTESIAN_POINT('',(8.,12.,100.));
#9937=CARTESIAN_POINT('Origin',(12.,12.,100.));
#9938=CARTESIAN_POINT('',(12.,7.99999999999999,100.));
#9939=CARTESIAN_POINT('Origin',(12.,12.,100.));
#9940=CARTESIAN_POINT('',(12.,7.99999999999999,2300.));
#9941=CARTESIAN_POINT('Origin',(12.,12.,2300.));
#9942=CARTESIAN_POINT('',(12.,7.99999999999999,100.));
#9943=CARTESIAN_POINT('Origin',(88.,7.99999999999999,100.));
#9944=CARTESIAN_POINT('',(88.,7.99999999999999,100.));
#9945=CARTESIAN_POINT('',(12.,7.99999999999999,100.));
#9946=CARTESIAN_POINT('',(88.,7.99999999999999,2300.));
#9947=CARTESIAN_POINT('',(12.,7.99999999999999,2300.));
#9948=CARTESIAN_POINT('',(88.,7.99999999999999,100.));
#9949=CARTESIAN_POINT('Origin',(88.,12.,100.));
#9950=CARTESIAN_POINT('',(92.,12.,100.));
#9951=CARTESIAN_POINT('Origin',(88.,12.,100.));
#9952=CARTESIAN_POINT('',(92.,12.,2300.));
#9953=CARTESIAN_POINT('Origin',(88.,12.,2300.));
#9954=CARTESIAN_POINT('',(92.,12.,100.));
#9955=CARTESIAN_POINT('Origin',(92.,25.,100.));
#9956=CARTESIAN_POINT('',(92.,25.,100.));
#9957=CARTESIAN_POINT('',(92.,25.,100.));
#9958=CARTESIAN_POINT('',(92.,25.,2300.));
#9959=CARTESIAN_POINT('',(92.,25.,2300.));
#9960=CARTESIAN_POINT('',(92.,25.,100.));
#9961=CARTESIAN_POINT('Origin',(95.,25.,100.));
#9962=CARTESIAN_POINT('',(95.,25.,100.));
#9963=CARTESIAN_POINT('',(95.,25.,100.));
#9964=CARTESIAN_POINT('',(95.,25.,2300.));
#9965=CARTESIAN_POINT('',(95.,25.,2300.));
#9966=CARTESIAN_POINT('',(95.,25.,100.));
#9967=CARTESIAN_POINT('Origin',(95.,10.,100.));
#9968=CARTESIAN_POINT('',(95.,10.,100.));
#9969=CARTESIAN_POINT('',(95.,10.,100.));
#9970=CARTESIAN_POINT('',(95.,10.,2300.));
#9971=CARTESIAN_POINT('',(95.,10.,2300.));
#9972=CARTESIAN_POINT('',(95.,10.,100.));
#9973=CARTESIAN_POINT('Origin',(90.,10.,100.));
#9974=CARTESIAN_POINT('',(90.,5.,100.));
#9975=CARTESIAN_POINT('Origin',(90.,10.,100.));
#9976=CARTESIAN_POINT('',(90.,5.,2300.));
#9977=CARTESIAN_POINT('Origin',(90.,10.,2300.));
#9978=CARTESIAN_POINT('',(90.,5.,100.));
#9979=CARTESIAN_POINT('Origin',(10.,5.,100.));
#9980=CARTESIAN_POINT('',(10.,5.,100.));
#9981=CARTESIAN_POINT('',(10.,5.,100.));
#9982=CARTESIAN_POINT('',(10.,5.,2300.));
#9983=CARTESIAN_POINT('',(10.,5.,2300.));
#9984=CARTESIAN_POINT('',(10.,5.,100.));
#9985=CARTESIAN_POINT('Origin',(9.99999999999999,9.99999999999999,100.));
#9986=CARTESIAN_POINT('',(5.,10.,100.));
#9987=CARTESIAN_POINT('Origin',(9.99999999999999,9.99999999999999,100.));
#9988=CARTESIAN_POINT('',(5.,10.,2300.));
#9989=CARTESIAN_POINT('Origin',(9.99999999999999,9.99999999999999,2300.));
#9990=CARTESIAN_POINT('',(5.,10.,100.));
#9991=CARTESIAN_POINT('Origin',(5.,90.,100.));
#9992=CARTESIAN_POINT('',(4.99999999999999,90.,100.));
#9993=CARTESIAN_POINT('',(5.,90.,100.));
#9994=CARTESIAN_POINT('',(4.99999999999999,90.,2300.));
#9995=CARTESIAN_POINT('',(5.,90.,2300.));
#9996=CARTESIAN_POINT('',(4.99999999999999,90.,100.));
#9997=CARTESIAN_POINT('Origin',(10.,90.,100.));
#9998=CARTESIAN_POINT('Origin',(10.,90.,100.));
#9999=CARTESIAN_POINT('Origin',(10.,90.,2300.));
#10000=CARTESIAN_POINT('Origin',(50.,50.,2300.));
#10001=CARTESIAN_POINT('Origin',(50.,50.,100.));
#10002=CARTESIAN_POINT('',(0.,0.,0.));
#10003=CARTESIAN_POINT('',(0.,0.,0.));
#10004=CARTESIAN_POINT('',(0.,0.,0.));
#10005=CARTESIAN_POINT('',(0.,0.,2300.));
#10006=CARTESIAN_POINT('',(0.,0.,2300.));
#10007=CARTESIAN_POINT('',(2400.,0.,-2.66453525910038E-13));
#10008=CARTESIAN_POINT('',(2400.,0.,2300.));
#10009=CARTESIAN_POINT('',(0.,6000.,5.86197757002083E-13));
#10010=CARTESIAN_POINT('',(0.,6000.,2300.));
#10011=CARTESIAN_POINT('',(2400.,0.,-2.66453525910038E-13));
#10012=CARTESIAN_POINT('',(0.,6000.,5.86197757002083E-13));
#10013=CARTESIAN_POINT('',(2400.,6000.,3.19744231092045E-13));
#10014=CARTESIAN_POINT('',(0.,0.,0.));
#10015=CARTESIAN_POINT('',(0.,0.,0.));
#10016=CARTESIAN_POINT('Origin',(2345.,145.,105.));
#10017=CARTESIAN_POINT('',(2345.,145.,105.));
#10018=CARTESIAN_POINT('',(2345.,185.,105.));
#10019=CARTESIAN_POINT('',(2345.,165.,105.));
#10020=CARTESIAN_POINT('',(2345.,145.,95.));
#10021=CARTESIAN_POINT('',(2345.,145.,105.));
#10022=CARTESIAN_POINT('',(2345.,185.,95.));
#10023=CARTESIAN_POINT('',(2345.,185.,95.));
#10024=CARTESIAN_POINT('',(2345.,185.,55.));
#10025=CARTESIAN_POINT('Origin',(2367.5,165.,95.));
#10026=CARTESIAN_POINT('',(2390.,185.,95.));
#10027=CARTESIAN_POINT('',(2390.,145.,95.));
#10028=CARTESIAN_POINT('',(2390.,165.,95.));
#10029=CARTESIAN_POINT('',(1183.75,185.,95.));
#10030=CARTESIAN_POINT('',(1183.75,145.,95.));
#10031=CARTESIAN_POINT('Origin',(0.,145.,105.));
#10032=CARTESIAN_POINT('',(44.8896972771388,145.,105.));
#10033=CARTESIAN_POINT('',(0.,145.,105.));
#10034=CARTESIAN_POINT('',(44.8896972771388,145.,95.));
#10035=CARTESIAN_POINT('',(44.8896972771388,145.,105.));
#10036=CARTESIAN_POINT('',(0.,145.,95.));
#10037=CARTESIAN_POINT('',(11.2224243192847,145.,95.));
#10038=CARTESIAN_POINT('',(0.,145.,5.));
#10039=CARTESIAN_POINT('',(0.,145.,5.));
#10040=CARTESIAN_POINT('',(2390.,145.,5.));
#10041=CARTESIAN_POINT('',(0.,145.,5.));
#10042=CARTESIAN_POINT('',(2390.,145.,5.));
#10043=CARTESIAN_POINT('Origin',(0.,185.,105.));
#10044=CARTESIAN_POINT('',(44.8896972771388,185.,105.));
#10045=CARTESIAN_POINT('',(0.,185.,105.));
#10046=CARTESIAN_POINT('',(44.8896972771388,185.,105.));
#10047=CARTESIAN_POINT('Origin',(44.8896972771388,185.,105.));
#10048=CARTESIAN_POINT('',(44.8896972771388,185.,95.));
#10049=CARTESIAN_POINT('',(44.8896972771388,185.,55.));
#10050=CARTESIAN_POINT('',(44.8896972771388,145.,95.));
#10051=CARTESIAN_POINT('Origin',(22.4448486385694,165.,95.));
#10052=CARTESIAN_POINT('',(0.,185.,95.));
#10053=CARTESIAN_POINT('',(0.,165.,95.));
#10054=CARTESIAN_POINT('',(11.2224243192847,185.,95.));
#10055=CARTESIAN_POINT('Origin',(0.,185.,5.));
#10056=CARTESIAN_POINT('',(2390.,185.,5.));
#10057=CARTESIAN_POINT('',(2390.,185.,105.));
#10058=CARTESIAN_POINT('',(0.,185.,5.));
#10059=CARTESIAN_POINT('',(0.,185.,5.));
#10060=CARTESIAN_POINT('',(0.,185.,105.));
#10061=CARTESIAN_POINT('Origin',(0.,145.,5.));
#10062=CARTESIAN_POINT('',(0.,185.,5.));
#10063=CARTESIAN_POINT('',(2390.,185.,5.));
#10064=CARTESIAN_POINT('Origin',(2390.,165.,55.));
#10065=CARTESIAN_POINT('Origin',(0.,165.,55.));
#10066=CARTESIAN_POINT('',(0.,0.,0.));
#10067=CARTESIAN_POINT('Origin',(2345.,145.,-105.));
#10068=CARTESIAN_POINT('',(2345.,145.,-105.));
#10069=CARTESIAN_POINT('',(2345.,185.,-105.));
#10070=CARTESIAN_POINT('',(2345.,165.,-105.));
#10071=CARTESIAN_POINT('',(2345.,185.,-95.));
#10072=CARTESIAN_POINT('',(2345.,185.,-55.));
#10073=CARTESIAN_POINT('',(2345.,145.,-95.));
#10074=CARTESIAN_POINT('',(2345.,185.,-95.));
#10075=CARTESIAN_POINT('',(2345.,145.,-105.));
#10076=CARTESIAN_POINT('Origin',(2367.5,165.,-95.));
#10077=CARTESIAN_POINT('',(2390.,185.,-95.));
#10078=CARTESIAN_POINT('',(2390.,145.,-95.));
#10079=CARTESIAN_POINT('',(2390.,165.,-95.));
#10080=CARTESIAN_POINT('',(1183.75,145.,-95.));
#10081=CARTESIAN_POINT('',(1183.75,185.,-95.));
#10082=CARTESIAN_POINT('Origin',(0.,145.,-105.));
#10083=CARTESIAN_POINT('',(2390.,145.,-5.));
#10084=CARTESIAN_POINT('',(2390.,145.,-5.));
#10085=CARTESIAN_POINT('',(0.,145.,-5.));
#10086=CARTESIAN_POINT('',(0.,145.,-5.));
#10087=CARTESIAN_POINT('',(0.,145.,-95.));
#10088=CARTESIAN_POINT('',(0.,145.,-5.));
#10089=CARTESIAN_POINT('',(44.8896972771388,145.,-95.));
#10090=CARTESIAN_POINT('',(11.2224243192847,145.,-95.));
#10091=CARTESIAN_POINT('',(44.8896972771388,145.,-105.));
#10092=CARTESIAN_POINT('',(44.8896972771388,145.,-105.));
#10093=CARTESIAN_POINT('',(0.,145.,-105.));
#10094=CARTESIAN_POINT('Origin',(0.,185.,-105.));
#10095=CARTESIAN_POINT('',(44.8896972771388,185.,-105.));
#10096=CARTESIAN_POINT('',(44.8896972771388,185.,-105.));
#10097=CARTESIAN_POINT('',(0.,185.,-105.));
#10098=CARTESIAN_POINT('Origin',(44.8896972771388,185.,-105.));
#10099=CARTESIAN_POINT('',(44.8896972771388,185.,-95.));
#10100=CARTESIAN_POINT('',(44.8896972771388,145.,-95.));
#10101=CARTESIAN_POINT('',(44.8896972771388,185.,-55.));
#10102=CARTESIAN_POINT('Origin',(22.4448486385694,165.,-95.));
#10103=CARTESIAN_POINT('',(0.,185.,-95.));
#10104=CARTESIAN_POINT('',(0.,165.,-95.));
#10105=CARTESIAN_POINT('',(11.2224243192847,185.,-95.));
#10106=CARTESIAN_POINT('Origin',(0.,185.,-5.));
#10107=CARTESIAN_POINT('',(0.,185.,-5.));
#10108=CARTESIAN_POINT('',(0.,185.,-105.));
#10109=CARTESIAN_POINT('',(2390.,185.,-5.));
#10110=CARTESIAN_POINT('',(0.,185.,-5.));
#10111=CARTESIAN_POINT('',(2390.,185.,-105.));
#10112=CARTESIAN_POINT('Origin',(0.,145.,-5.));
#10113=CARTESIAN_POINT('',(0.,185.,-5.));
#10114=CARTESIAN_POINT('',(2390.,185.,-5.));
#10115=CARTESIAN_POINT('Origin',(2390.,165.,-55.));
#10116=CARTESIAN_POINT('Origin',(0.,165.,-55.));
#10117=CARTESIAN_POINT('',(0.,0.,0.));
#10118=CARTESIAN_POINT('',(0.,6000.,5.86197757002083E-13));
#10119=CARTESIAN_POINT('',(0.,0.,0.));
#10120=CARTESIAN_POINT('',(0.,0.,0.));
#10121=CARTESIAN_POINT('Origin',(150.,5965.,-105.));
#10122=CARTESIAN_POINT('',(150.,5965.,-105.));
#10123=CARTESIAN_POINT('',(50.,5965.,-105.));
#10124=CARTESIAN_POINT('',(150.,5965.,-105.));
#10125=CARTESIAN_POINT('',(150.,5965.,-130.));
#10126=CARTESIAN_POINT('',(150.,5965.,-105.));
#10127=CARTESIAN_POINT('',(50.,5965.,-130.));
#10128=CARTESIAN_POINT('',(150.,5965.,-130.));
#10129=CARTESIAN_POINT('',(50.,5965.,-105.));
#10130=CARTESIAN_POINT('Origin',(150.,35.,-105.));
#10131=CARTESIAN_POINT('',(150.,35.,-105.));
#10132=CARTESIAN_POINT('',(150.,35.,-105.));
#10133=CARTESIAN_POINT('',(150.,35.,-130.));
#10134=CARTESIAN_POINT('',(150.,35.,-105.));
#10135=CARTESIAN_POINT('',(150.,35.,-130.));
#10136=CARTESIAN_POINT('Origin',(50.,35.,-105.));
#10137=CARTESIAN_POINT('',(50.,35.,-105.));
#10138=CARTESIAN_POINT('',(50.,35.,-105.));
#10139=CARTESIAN_POINT('',(50.,35.,-130.));
#10140=CARTESIAN_POINT('',(50.,35.,-105.));
#10141=CARTESIAN_POINT('',(50.,35.,-130.));
#10142=CARTESIAN_POINT('Origin',(50.,5965.,-105.));
#10143=CARTESIAN_POINT('',(50.,5965.,-105.));
#10144=CARTESIAN_POINT('',(50.,5965.,-130.));
#10145=CARTESIAN_POINT('Origin',(100.,3000.,-130.));
#10146=CARTESIAN_POINT('Origin',(100.,3000.,-105.));
#10147=CARTESIAN_POINT('',(0.,0.,0.));
#10148=CARTESIAN_POINT('Origin',(150.,5965.,105.));
#10149=CARTESIAN_POINT('',(150.,5965.,105.));
#10150=CARTESIAN_POINT('',(50.,5965.,105.));
#10151=CARTESIAN_POINT('',(150.,5965.,105.));
#10152=CARTESIAN_POINT('',(50.,5965.,130.));
#10153=CARTESIAN_POINT('',(50.,5965.,105.));
#10154=CARTESIAN_POINT('',(150.,5965.,130.));
#10155=CARTESIAN_POINT('',(150.,5965.,130.));
#10156=CARTESIAN_POINT('',(150.,5965.,105.));
#10157=CARTESIAN_POINT('Origin',(150.,35.,105.));
#10158=CARTESIAN_POINT('',(150.,35.,105.));
#10159=CARTESIAN_POINT('',(150.,35.,105.));
#10160=CARTESIAN_POINT('',(150.,35.,130.));
#10161=CARTESIAN_POINT('',(150.,35.,130.));
#10162=CARTESIAN_POINT('',(150.,35.,105.));
#10163=CARTESIAN_POINT('Origin',(50.,35.,105.));
#10164=CARTESIAN_POINT('',(50.,35.,105.));
#10165=CARTESIAN_POINT('',(50.,35.,105.));
#10166=CARTESIAN_POINT('',(50.,35.,130.));
#10167=CARTESIAN_POINT('',(50.,35.,130.));
#10168=CARTESIAN_POINT('',(50.,35.,105.));
#10169=CARTESIAN_POINT('Origin',(50.,5965.,105.));
#10170=CARTESIAN_POINT('',(50.,5965.,105.));
#10171=CARTESIAN_POINT('',(50.,5965.,130.));
#10172=CARTESIAN_POINT('Origin',(100.,3000.,130.));
#10173=CARTESIAN_POINT('Origin',(100.,3000.,105.));
#10174=CARTESIAN_POINT('',(0.,0.,0.));
#10175=CARTESIAN_POINT('Origin',(150.,5965.,-105.));
#10176=CARTESIAN_POINT('',(150.,5965.,-105.));
#10177=CARTESIAN_POINT('',(50.,5965.,-105.));
#10178=CARTESIAN_POINT('',(150.,5965.,-105.));
#10179=CARTESIAN_POINT('',(150.,5965.,-130.));
#10180=CARTESIAN_POINT('',(150.,5965.,-105.));
#10181=CARTESIAN_POINT('',(50.,5965.,-130.));
#10182=CARTESIAN_POINT('',(150.,5965.,-130.));
#10183=CARTESIAN_POINT('',(50.,5965.,-105.));
#10184=CARTESIAN_POINT('Origin',(150.,35.,-105.));
#10185=CARTESIAN_POINT('',(150.,35.,-105.));
#10186=CARTESIAN_POINT('',(150.,35.,-105.));
#10187=CARTESIAN_POINT('',(150.,35.,-130.));
#10188=CARTESIAN_POINT('',(150.,35.,-105.));
#10189=CARTESIAN_POINT('',(150.,35.,-130.));
#10190=CARTESIAN_POINT('Origin',(50.,35.,-105.));
#10191=CARTESIAN_POINT('',(50.,35.,-105.));
#10192=CARTESIAN_POINT('',(50.,35.,-105.));
#10193=CARTESIAN_POINT('',(50.,35.,-130.));
#10194=CARTESIAN_POINT('',(50.,35.,-105.));
#10195=CARTESIAN_POINT('',(50.,35.,-130.));
#10196=CARTESIAN_POINT('Origin',(50.,5965.,-105.));
#10197=CARTESIAN_POINT('',(50.,5965.,-105.));
#10198=CARTESIAN_POINT('',(50.,5965.,-130.));
#10199=CARTESIAN_POINT('Origin',(100.,3000.,-130.));
#10200=CARTESIAN_POINT('Origin',(100.,3000.,-105.));
#10201=CARTESIAN_POINT('',(0.,0.,0.));
#10202=CARTESIAN_POINT('Origin',(150.,5965.,-105.));
#10203=CARTESIAN_POINT('',(150.,5965.,-105.));
#10204=CARTESIAN_POINT('',(50.,5965.,-105.));
#10205=CARTESIAN_POINT('',(150.,5965.,-105.));
#10206=CARTESIAN_POINT('',(150.,5965.,-130.));
#10207=CARTESIAN_POINT('',(150.,5965.,-105.));
#10208=CARTESIAN_POINT('',(50.,5965.,-130.));
#10209=CARTESIAN_POINT('',(150.,5965.,-130.));
#10210=CARTESIAN_POINT('',(50.,5965.,-105.));
#10211=CARTESIAN_POINT('Origin',(150.,35.,-105.));
#10212=CARTESIAN_POINT('',(150.,35.,-105.));
#10213=CARTESIAN_POINT('',(150.,35.,-105.));
#10214=CARTESIAN_POINT('',(150.,35.,-130.));
#10215=CARTESIAN_POINT('',(150.,35.,-105.));
#10216=CARTESIAN_POINT('',(150.,35.,-130.));
#10217=CARTESIAN_POINT('Origin',(50.,35.,-105.));
#10218=CARTESIAN_POINT('',(50.,35.,-105.));
#10219=CARTESIAN_POINT('',(50.,35.,-105.));
#10220=CARTESIAN_POINT('',(50.,35.,-130.));
#10221=CARTESIAN_POINT('',(50.,35.,-105.));
#10222=CARTESIAN_POINT('',(50.,35.,-130.));
#10223=CARTESIAN_POINT('Origin',(50.,5965.,-105.));
#10224=CARTESIAN_POINT('',(50.,5965.,-105.));
#10225=CARTESIAN_POINT('',(50.,5965.,-130.));
#10226=CARTESIAN_POINT('Origin',(100.,3000.,-130.));
#10227=CARTESIAN_POINT('Origin',(100.,3000.,-105.));
#10228=CARTESIAN_POINT('',(0.,0.,0.));
#10229=CARTESIAN_POINT('Origin',(150.,5965.,105.));
#10230=CARTESIAN_POINT('',(150.,5965.,105.));
#10231=CARTESIAN_POINT('',(50.,5965.,105.));
#10232=CARTESIAN_POINT('',(150.,5965.,105.));
#10233=CARTESIAN_POINT('',(50.,5965.,130.));
#10234=CARTESIAN_POINT('',(50.,5965.,105.));
#10235=CARTESIAN_POINT('',(150.,5965.,130.));
#10236=CARTESIAN_POINT('',(150.,5965.,130.));
#10237=CARTESIAN_POINT('',(150.,5965.,105.));
#10238=CARTESIAN_POINT('Origin',(150.,35.,105.));
#10239=CARTESIAN_POINT('',(150.,35.,105.));
#10240=CARTESIAN_POINT('',(150.,35.,105.));
#10241=CARTESIAN_POINT('',(150.,35.,130.));
#10242=CARTESIAN_POINT('',(150.,35.,130.));
#10243=CARTESIAN_POINT('',(150.,35.,105.));
#10244=CARTESIAN_POINT('Origin',(50.,35.,105.));
#10245=CARTESIAN_POINT('',(50.,35.,105.));
#10246=CARTESIAN_POINT('',(50.,35.,105.));
#10247=CARTESIAN_POINT('',(50.,35.,130.));
#10248=CARTESIAN_POINT('',(50.,35.,130.));
#10249=CARTESIAN_POINT('',(50.,35.,105.));
#10250=CARTESIAN_POINT('Origin',(50.,5965.,105.));
#10251=CARTESIAN_POINT('',(50.,5965.,105.));
#10252=CARTESIAN_POINT('',(50.,5965.,130.));
#10253=CARTESIAN_POINT('Origin',(100.,3000.,130.));
#10254=CARTESIAN_POINT('Origin',(100.,3000.,105.));
#10255=CARTESIAN_POINT('',(0.,0.,0.));
#10256=CARTESIAN_POINT('',(2400.,0.,-2.66453525910038E-13));
#10257=CARTESIAN_POINT('',(100.,0.,0.));
#10258=CARTESIAN_POINT('',(2300.,0.,-2.44249065417534E-13));
#10259=CARTESIAN_POINT('',(100.,0.,2400.));
#10260=CARTESIAN_POINT('',(2300.,0.,2400.));
#10261=CARTESIAN_POINT('',(0.,0.,0.));
#10262=CARTESIAN_POINT('',(0.,0.,0.));
#10263=CARTESIAN_POINT('Origin',(150.,5965.,-105.));
#10264=CARTESIAN_POINT('',(150.,5965.,-105.));
#10265=CARTESIAN_POINT('',(50.,5965.,-105.));
#10266=CARTESIAN_POINT('',(150.,5965.,-105.));
#10267=CARTESIAN_POINT('',(150.,5965.,-130.));
#10268=CARTESIAN_POINT('',(150.,5965.,-105.));
#10269=CARTESIAN_POINT('',(50.,5965.,-130.));
#10270=CARTESIAN_POINT('',(150.,5965.,-130.));
#10271=CARTESIAN_POINT('',(50.,5965.,-105.));
#10272=CARTESIAN_POINT('Origin',(150.,35.,-105.));
#10273=CARTESIAN_POINT('',(150.,35.,-105.));
#10274=CARTESIAN_POINT('',(150.,35.,-105.));
#10275=CARTESIAN_POINT('',(150.,35.,-130.));
#10276=CARTESIAN_POINT('',(150.,35.,-105.));
#10277=CARTESIAN_POINT('',(150.,35.,-130.));
#10278=CARTESIAN_POINT('Origin',(50.,35.,-105.));
#10279=CARTESIAN_POINT('',(50.,35.,-105.));
#10280=CARTESIAN_POINT('',(50.,35.,-105.));
#10281=CARTESIAN_POINT('',(50.,35.,-130.));
#10282=CARTESIAN_POINT('',(50.,35.,-105.));
#10283=CARTESIAN_POINT('',(50.,35.,-130.));
#10284=CARTESIAN_POINT('Origin',(50.,5965.,-105.));
#10285=CARTESIAN_POINT('',(50.,5965.,-105.));
#10286=CARTESIAN_POINT('',(50.,5965.,-130.));
#10287=CARTESIAN_POINT('Origin',(100.,3000.,-130.));
#10288=CARTESIAN_POINT('Origin',(100.,3000.,-105.));
#10289=CARTESIAN_POINT('',(0.,0.,0.));
#10290=CARTESIAN_POINT('Origin',(150.,5965.,105.));
#10291=CARTESIAN_POINT('',(150.,5965.,105.));
#10292=CARTESIAN_POINT('',(50.,5965.,105.));
#10293=CARTESIAN_POINT('',(150.,5965.,105.));
#10294=CARTESIAN_POINT('',(50.,5965.,130.));
#10295=CARTESIAN_POINT('',(50.,5965.,105.));
#10296=CARTESIAN_POINT('',(150.,5965.,130.));
#10297=CARTESIAN_POINT('',(150.,5965.,130.));
#10298=CARTESIAN_POINT('',(150.,5965.,105.));
#10299=CARTESIAN_POINT('Origin',(150.,35.,105.));
#10300=CARTESIAN_POINT('',(150.,35.,105.));
#10301=CARTESIAN_POINT('',(150.,35.,105.));
#10302=CARTESIAN_POINT('',(150.,35.,130.));
#10303=CARTESIAN_POINT('',(150.,35.,130.));
#10304=CARTESIAN_POINT('',(150.,35.,105.));
#10305=CARTESIAN_POINT('Origin',(50.,35.,105.));
#10306=CARTESIAN_POINT('',(50.,35.,105.));
#10307=CARTESIAN_POINT('',(50.,35.,105.));
#10308=CARTESIAN_POINT('',(50.,35.,130.));
#10309=CARTESIAN_POINT('',(50.,35.,130.));
#10310=CARTESIAN_POINT('',(50.,35.,105.));
#10311=CARTESIAN_POINT('Origin',(50.,5965.,105.));
#10312=CARTESIAN_POINT('',(50.,5965.,105.));
#10313=CARTESIAN_POINT('',(50.,5965.,130.));
#10314=CARTESIAN_POINT('Origin',(100.,3000.,130.));
#10315=CARTESIAN_POINT('Origin',(100.,3000.,105.));
#10316=CARTESIAN_POINT('',(0.,0.,0.));
#10317=CARTESIAN_POINT('',(2400.00000000001,0.,0.));
#10318=CARTESIAN_POINT('',(0.,0.,0.));
#10319=CARTESIAN_POINT('',(0.,0.,0.));
#10320=CARTESIAN_POINT('Origin',(2345.,145.,-105.));
#10321=CARTESIAN_POINT('',(2345.,145.,-105.));
#10322=CARTESIAN_POINT('',(2345.,185.,-105.));
#10323=CARTESIAN_POINT('',(2345.,165.,-105.));
#10324=CARTESIAN_POINT('',(2345.,185.,-95.));
#10325=CARTESIAN_POINT('',(2345.,185.,-55.));
#10326=CARTESIAN_POINT('',(2345.,145.,-95.));
#10327=CARTESIAN_POINT('',(2345.,185.,-95.));
#10328=CARTESIAN_POINT('',(2345.,145.,-105.));
#10329=CARTESIAN_POINT('Origin',(2367.5,165.,-95.));
#10330=CARTESIAN_POINT('',(2390.,185.,-95.));
#10331=CARTESIAN_POINT('',(2390.,145.,-95.));
#10332=CARTESIAN_POINT('',(2390.,165.,-95.));
#10333=CARTESIAN_POINT('',(1183.75,145.,-95.));
#10334=CARTESIAN_POINT('',(1183.75,185.,-95.));
#10335=CARTESIAN_POINT('Origin',(0.,145.,-105.));
#10336=CARTESIAN_POINT('',(2390.,145.,-5.));
#10337=CARTESIAN_POINT('',(2390.,145.,-5.));
#10338=CARTESIAN_POINT('',(0.,145.,-5.));
#10339=CARTESIAN_POINT('',(0.,145.,-5.));
#10340=CARTESIAN_POINT('',(0.,145.,-95.));
#10341=CARTESIAN_POINT('',(0.,145.,-5.));
#10342=CARTESIAN_POINT('',(44.8896972771388,145.,-95.));
#10343=CARTESIAN_POINT('',(11.2224243192847,145.,-95.));
#10344=CARTESIAN_POINT('',(44.8896972771388,145.,-105.));
#10345=CARTESIAN_POINT('',(44.8896972771388,145.,-105.));
#10346=CARTESIAN_POINT('',(0.,145.,-105.));
#10347=CARTESIAN_POINT('Origin',(0.,185.,-105.));
#10348=CARTESIAN_POINT('',(44.8896972771388,185.,-105.));
#10349=CARTESIAN_POINT('',(44.8896972771388,185.,-105.));
#10350=CARTESIAN_POINT('',(0.,185.,-105.));
#10351=CARTESIAN_POINT('Origin',(44.8896972771388,185.,-105.));
#10352=CARTESIAN_POINT('',(44.8896972771388,185.,-95.));
#10353=CARTESIAN_POINT('',(44.8896972771388,145.,-95.));
#10354=CARTESIAN_POINT('',(44.8896972771388,185.,-55.));
#10355=CARTESIAN_POINT('Origin',(22.4448486385694,165.,-95.));
#10356=CARTESIAN_POINT('',(0.,185.,-95.));
#10357=CARTESIAN_POINT('',(0.,165.,-95.));
#10358=CARTESIAN_POINT('',(11.2224243192847,185.,-95.));
#10359=CARTESIAN_POINT('Origin',(0.,185.,-5.));
#10360=CARTESIAN_POINT('',(0.,185.,-5.));
#10361=CARTESIAN_POINT('',(0.,185.,-105.));
#10362=CARTESIAN_POINT('',(2390.,185.,-5.));
#10363=CARTESIAN_POINT('',(0.,185.,-5.));
#10364=CARTESIAN_POINT('',(2390.,185.,-105.));
#10365=CARTESIAN_POINT('Origin',(0.,145.,-5.));
#10366=CARTESIAN_POINT('',(0.,185.,-5.));
#10367=CARTESIAN_POINT('',(2390.,185.,-5.));
#10368=CARTESIAN_POINT('Origin',(2390.,165.,-55.));
#10369=CARTESIAN_POINT('Origin',(0.,165.,-55.));
#10370=CARTESIAN_POINT('',(0.,0.,0.));
#10371=CARTESIAN_POINT('Origin',(2345.,145.,105.));
#10372=CARTESIAN_POINT('',(2345.,145.,105.));
#10373=CARTESIAN_POINT('',(2345.,185.,105.));
#10374=CARTESIAN_POINT('',(2345.,165.,105.));
#10375=CARTESIAN_POINT('',(2345.,145.,95.));
#10376=CARTESIAN_POINT('',(2345.,145.,105.));
#10377=CARTESIAN_POINT('',(2345.,185.,95.));
#10378=CARTESIAN_POINT('',(2345.,185.,95.));
#10379=CARTESIAN_POINT('',(2345.,185.,55.));
#10380=CARTESIAN_POINT('Origin',(2367.5,165.,95.));
#10381=CARTESIAN_POINT('',(2390.,185.,95.));
#10382=CARTESIAN_POINT('',(2390.,145.,95.));
#10383=CARTESIAN_POINT('',(2390.,165.,95.));
#10384=CARTESIAN_POINT('',(1183.75,185.,95.));
#10385=CARTESIAN_POINT('',(1183.75,145.,95.));
#10386=CARTESIAN_POINT('Origin',(0.,145.,105.));
#10387=CARTESIAN_POINT('',(44.8896972771388,145.,105.));
#10388=CARTESIAN_POINT('',(0.,145.,105.));
#10389=CARTESIAN_POINT('',(44.8896972771388,145.,95.));
#10390=CARTESIAN_POINT('',(44.8896972771388,145.,105.));
#10391=CARTESIAN_POINT('',(0.,145.,95.));
#10392=CARTESIAN_POINT('',(11.2224243192847,145.,95.));
#10393=CARTESIAN_POINT('',(0.,145.,5.));
#10394=CARTESIAN_POINT('',(0.,145.,5.));
#10395=CARTESIAN_POINT('',(2390.,145.,5.));
#10396=CARTESIAN_POINT('',(0.,145.,5.));
#10397=CARTESIAN_POINT('',(2390.,145.,5.));
#10398=CARTESIAN_POINT('Origin',(0.,185.,105.));
#10399=CARTESIAN_POINT('',(44.8896972771388,185.,105.));
#10400=CARTESIAN_POINT('',(0.,185.,105.));
#10401=CARTESIAN_POINT('',(44.8896972771388,185.,105.));
#10402=CARTESIAN_POINT('Origin',(44.8896972771388,185.,105.));
#10403=CARTESIAN_POINT('',(44.8896972771388,185.,95.));
#10404=CARTESIAN_POINT('',(44.8896972771388,185.,55.));
#10405=CARTESIAN_POINT('',(44.8896972771388,145.,95.));
#10406=CARTESIAN_POINT('Origin',(22.4448486385694,165.,95.));
#10407=CARTESIAN_POINT('',(0.,185.,95.));
#10408=CARTESIAN_POINT('',(0.,165.,95.));
#10409=CARTESIAN_POINT('',(11.2224243192847,185.,95.));
#10410=CARTESIAN_POINT('Origin',(0.,185.,5.));
#10411=CARTESIAN_POINT('',(2390.,185.,5.));
#10412=CARTESIAN_POINT('',(2390.,185.,105.));
#10413=CARTESIAN_POINT('',(0.,185.,5.));
#10414=CARTESIAN_POINT('',(0.,185.,5.));
#10415=CARTESIAN_POINT('',(0.,185.,105.));
#10416=CARTESIAN_POINT('Origin',(0.,145.,5.));
#10417=CARTESIAN_POINT('',(0.,185.,5.));
#10418=CARTESIAN_POINT('',(2390.,185.,5.));
#10419=CARTESIAN_POINT('Origin',(2390.,165.,55.));
#10420=CARTESIAN_POINT('Origin',(0.,165.,55.));
#10421=CARTESIAN_POINT('',(0.,0.,0.));
#10422=CARTESIAN_POINT('',(0.,6000.,-5.6843418860808E-13));
#10423=CARTESIAN_POINT('',(0.,0.,0.));
#10424=CARTESIAN_POINT('',(0.,0.,0.));
#10425=CARTESIAN_POINT('Origin',(2350.,135.,130.));
#10426=CARTESIAN_POINT('',(2350.,135.,130.));
#10427=CARTESIAN_POINT('',(50.,135.,130.));
#10428=CARTESIAN_POINT('',(2350.,135.,130.));
#10429=CARTESIAN_POINT('',(50.,135.,155.));
#10430=CARTESIAN_POINT('',(50.,135.,130.));
#10431=CARTESIAN_POINT('',(2350.,135.,155.));
#10432=CARTESIAN_POINT('',(2350.,135.,155.));
#10433=CARTESIAN_POINT('',(2350.,135.,130.));
#10434=CARTESIAN_POINT('Origin',(2350.,35.,130.));
#10435=CARTESIAN_POINT('',(2350.,35.,130.));
#10436=CARTESIAN_POINT('',(2350.,35.,130.));
#10437=CARTESIAN_POINT('',(2350.,35.,155.));
#10438=CARTESIAN_POINT('',(2350.,35.,155.));
#10439=CARTESIAN_POINT('',(2350.,35.,130.));
#10440=CARTESIAN_POINT('Origin',(50.,35.,130.));
#10441=CARTESIAN_POINT('',(50.,35.,130.));
#10442=CARTESIAN_POINT('',(50.,35.,130.));
#10443=CARTESIAN_POINT('',(50.,35.,155.));
#10444=CARTESIAN_POINT('',(50.,35.,155.));
#10445=CARTESIAN_POINT('',(50.,35.,130.));
#10446=CARTESIAN_POINT('Origin',(50.,135.,130.));
#10447=CARTESIAN_POINT('',(50.,135.,130.));
#10448=CARTESIAN_POINT('',(50.,135.,155.));
#10449=CARTESIAN_POINT('Origin',(1200.,85.,155.));
#10450=CARTESIAN_POINT('Origin',(1200.,85.,130.));
#10451=CARTESIAN_POINT('',(0.,0.,0.));
#10452=CARTESIAN_POINT('Origin',(190.,35.0000005215406,155.));
#10453=CARTESIAN_POINT('',(190.,35.0000005215406,155.));
#10454=CARTESIAN_POINT('',(190.,135.,155.));
#10455=CARTESIAN_POINT('',(190.,35.0000005215406,155.));
#10456=CARTESIAN_POINT('',(190.,135.,2245.));
#10457=CARTESIAN_POINT('',(190.,135.,155.));
#10458=CARTESIAN_POINT('',(190.,35.0000005215406,2245.));
#10459=CARTESIAN_POINT('',(190.,35.0000005215406,2245.));
#10460=CARTESIAN_POINT('',(190.,35.0000005215406,155.));
#10461=CARTESIAN_POINT('Origin',(175.,135.,155.));
#10462=CARTESIAN_POINT('',(150.000002235174,135.,155.));
#10463=CARTESIAN_POINT('',(175.,135.,155.));
#10464=CARTESIAN_POINT('',(150.000002235174,135.,2245.));
#10465=CARTESIAN_POINT('',(150.000002235174,135.,155.));
#10466=CARTESIAN_POINT('',(175.,135.,2245.));
#10467=CARTESIAN_POINT('Origin',(150.000002235174,35.0000005215406,155.));
#10468=CARTESIAN_POINT('',(150.000002235174,35.0000005215406,155.));
#10469=CARTESIAN_POINT('',(150.000002235174,35.0000005215406,155.));
#10470=CARTESIAN_POINT('',(150.000002235174,35.0000005215406,2245.));
#10471=CARTESIAN_POINT('',(150.000002235174,35.0000005215406,2245.));
#10472=CARTESIAN_POINT('',(150.000002235174,35.0000005215406,155.));
#10473=CARTESIAN_POINT('Origin',(150.000002235174,135.,155.));
#10474=CARTESIAN_POINT('',(150.000002235174,135.,155.));
#10475=CARTESIAN_POINT('',(150.000002235174,135.,2245.));
#10476=CARTESIAN_POINT('Origin',(162.500001117587,85.0000002607703,2245.));
#10477=CARTESIAN_POINT('Origin',(162.500001117587,85.0000002607703,155.));
#10478=CARTESIAN_POINT('',(0.,0.,0.));
#10479=CARTESIAN_POINT('Origin',(2350.,135.,-130.));
#10480=CARTESIAN_POINT('',(2350.,135.,-130.));
#10481=CARTESIAN_POINT('',(50.,135.,-130.));
#10482=CARTESIAN_POINT('',(2350.,135.,-130.));
#10483=CARTESIAN_POINT('',(2350.,135.,-155.));
#10484=CARTESIAN_POINT('',(2350.,135.,-130.));
#10485=CARTESIAN_POINT('',(50.,135.,-155.));
#10486=CARTESIAN_POINT('',(2350.,135.,-155.));
#10487=CARTESIAN_POINT('',(50.,135.,-130.));
#10488=CARTESIAN_POINT('Origin',(2350.,35.,-130.));
#10489=CARTESIAN_POINT('',(2350.,35.,-130.));
#10490=CARTESIAN_POINT('',(2350.,35.,-130.));
#10491=CARTESIAN_POINT('',(2350.,35.,-155.));
#10492=CARTESIAN_POINT('',(2350.,35.,-130.));
#10493=CARTESIAN_POINT('',(2350.,35.,-155.));
#10494=CARTESIAN_POINT('Origin',(50.,35.,-130.));
#10495=CARTESIAN_POINT('',(50.,35.,-130.));
#10496=CARTESIAN_POINT('',(50.,35.,-130.));
#10497=CARTESIAN_POINT('',(50.,35.,-155.));
#10498=CARTESIAN_POINT('',(50.,35.,-130.));
#10499=CARTESIAN_POINT('',(50.,35.,-155.));
#10500=CARTESIAN_POINT('Origin',(50.,135.,-130.));
#10501=CARTESIAN_POINT('',(50.,135.,-130.));
#10502=CARTESIAN_POINT('',(50.,135.,-155.));
#10503=CARTESIAN_POINT('Origin',(1200.,85.,-155.));
#10504=CARTESIAN_POINT('Origin',(1200.,85.,-130.));
#10505=CARTESIAN_POINT('',(0.,0.,0.));
#10506=CARTESIAN_POINT('Origin',(190.,35.0000005215406,-155.));
#10507=CARTESIAN_POINT('',(190.,35.0000005215406,-155.));
#10508=CARTESIAN_POINT('',(190.,135.,-155.));
#10509=CARTESIAN_POINT('',(190.,35.0000005215406,-155.));
#10510=CARTESIAN_POINT('',(190.,35.0000005215406,-2245.));
#10511=CARTESIAN_POINT('',(190.,35.0000005215406,-155.));
#10512=CARTESIAN_POINT('',(190.,135.,-2245.));
#10513=CARTESIAN_POINT('',(190.,35.0000005215406,-2245.));
#10514=CARTESIAN_POINT('',(190.,135.,-155.));
#10515=CARTESIAN_POINT('Origin',(175.,135.,-155.));
#10516=CARTESIAN_POINT('',(150.000002235174,135.,-155.));
#10517=CARTESIAN_POINT('',(175.,135.,-155.));
#10518=CARTESIAN_POINT('',(150.000002235174,135.,-2245.));
#10519=CARTESIAN_POINT('',(175.,135.,-2245.));
#10520=CARTESIAN_POINT('',(150.000002235174,135.,-155.));
#10521=CARTESIAN_POINT('Origin',(150.000002235174,35.0000005215406,-155.));
#10522=CARTESIAN_POINT('',(150.000002235174,35.0000005215406,-155.));
#10523=CARTESIAN_POINT('',(150.000002235174,35.0000005215406,-155.));
#10524=CARTESIAN_POINT('',(150.000002235174,35.0000005215406,-2245.));
#10525=CARTESIAN_POINT('',(150.000002235174,35.0000005215406,-155.));
#10526=CARTESIAN_POINT('',(150.000002235174,35.0000005215406,-2245.));
#10527=CARTESIAN_POINT('Origin',(150.000002235174,135.,-155.));
#10528=CARTESIAN_POINT('',(150.000002235174,135.,-155.));
#10529=CARTESIAN_POINT('',(150.000002235174,135.,-2245.));
#10530=CARTESIAN_POINT('Origin',(162.500001117587,85.0000002607703,-2245.));
#10531=CARTESIAN_POINT('Origin',(162.500001117587,85.0000002607703,-155.));
#10532=CARTESIAN_POINT('',(0.,0.,0.));
#10533=CARTESIAN_POINT('',(0.,0.,0.));
#10534=CARTESIAN_POINT('',(0.,0.,2400.));
#10535=CARTESIAN_POINT('',(2400.,0.,-2.66453525910038E-13));
#10536=CARTESIAN_POINT('',(0.,0.,0.));
#10537=CARTESIAN_POINT('',(0.,0.,0.));
#10538=CARTESIAN_POINT('Origin',(150.,135.,155.));
#10539=CARTESIAN_POINT('',(150.,175.,155.));
#10540=CARTESIAN_POINT('',(150.,135.,155.));
#10541=CARTESIAN_POINT('',(150.,175.,155.));
#10542=CARTESIAN_POINT('',(150.,175.,2245.));
#10543=CARTESIAN_POINT('',(150.,175.,155.));
#10544=CARTESIAN_POINT('',(150.,135.,2245.));
#10545=CARTESIAN_POINT('',(150.,175.,2245.));
#10546=CARTESIAN_POINT('',(150.,135.,155.));
#10547=CARTESIAN_POINT('Origin',(50.,135.,155.));
#10548=CARTESIAN_POINT('',(50.,135.,155.));
#10549=CARTESIAN_POINT('',(150.,135.,155.));
#10550=CARTESIAN_POINT('',(50.,135.,2245.));
#10551=CARTESIAN_POINT('',(150.,135.,2245.));
#10552=CARTESIAN_POINT('',(50.,135.,155.));
#10553=CARTESIAN_POINT('Origin',(50.,175.,155.));
#10554=CARTESIAN_POINT('',(50.,175.,155.));
#10555=CARTESIAN_POINT('',(50.,135.,155.));
#10556=CARTESIAN_POINT('',(50.,175.,2245.));
#10557=CARTESIAN_POINT('',(50.,135.,2245.));
#10558=CARTESIAN_POINT('',(50.,175.,155.));
#10559=CARTESIAN_POINT('Origin',(150.,175.,155.));
#10560=CARTESIAN_POINT('',(50.,175.,155.));
#10561=CARTESIAN_POINT('',(50.,175.,2245.));
#10562=CARTESIAN_POINT('Origin',(100.,155.,2245.));
#10563=CARTESIAN_POINT('Origin',(100.,155.,155.));
#10564=CARTESIAN_POINT('',(0.,0.,0.));
#10565=CARTESIAN_POINT('Origin',(100.,5865.,142.5));
#10566=CARTESIAN_POINT('',(50.,5865.,130.));
#10567=CARTESIAN_POINT('',(50.,5865.,155.));
#10568=CARTESIAN_POINT('',(50.,5865.,130.));
#10569=CARTESIAN_POINT('',(150.,5865.,155.));
#10570=CARTESIAN_POINT('',(50.,5865.,155.));
#10571=CARTESIAN_POINT('',(150.,5865.,130.));
#10572=CARTESIAN_POINT('',(150.,5865.,155.));
#10573=CARTESIAN_POINT('',(150.,5865.,130.));
#10574=CARTESIAN_POINT('Origin',(150.,135.,130.));
#10575=CARTESIAN_POINT('',(150.,135.,130.));
#10576=CARTESIAN_POINT('',(50.,135.,130.));
#10577=CARTESIAN_POINT('',(150.,135.,130.));
#10578=CARTESIAN_POINT('',(50.,135.,130.));
#10579=CARTESIAN_POINT('',(150.,135.,130.));
#10580=CARTESIAN_POINT('Origin',(150.,135.,155.));
#10581=CARTESIAN_POINT('',(150.,135.,155.));
#10582=CARTESIAN_POINT('',(150.,135.,155.));
#10583=CARTESIAN_POINT('',(150.,135.,155.));
#10584=CARTESIAN_POINT('Origin',(50.,135.,155.));
#10585=CARTESIAN_POINT('',(50.,135.,155.));
#10586=CARTESIAN_POINT('',(50.,135.,155.));
#10587=CARTESIAN_POINT('',(50.,135.,155.));
#10588=CARTESIAN_POINT('Origin',(50.,135.,130.));
#10589=CARTESIAN_POINT('',(50.,135.,130.));
#10590=CARTESIAN_POINT('Origin',(100.,135.,142.5));
#10591=CARTESIAN_POINT('',(0.,0.,0.));
#10592=CARTESIAN_POINT('Origin',(100.,5865.,-142.5));
#10593=CARTESIAN_POINT('',(50.,5865.,-130.));
#10594=CARTESIAN_POINT('',(50.,5865.,-155.));
#10595=CARTESIAN_POINT('',(50.,5865.,-130.));
#10596=CARTESIAN_POINT('',(150.,5865.,-130.));
#10597=CARTESIAN_POINT('',(150.,5865.,-130.));
#10598=CARTESIAN_POINT('',(150.,5865.,-155.));
#10599=CARTESIAN_POINT('',(150.,5865.,-155.));
#10600=CARTESIAN_POINT('',(50.,5865.,-155.));
#10601=CARTESIAN_POINT('Origin',(150.,135.,-130.));
#10602=CARTESIAN_POINT('',(150.,135.,-130.));
#10603=CARTESIAN_POINT('',(50.,135.,-130.));
#10604=CARTESIAN_POINT('',(150.,135.,-130.));
#10605=CARTESIAN_POINT('',(150.,135.,-130.));
#10606=CARTESIAN_POINT('',(50.,135.,-130.));
#10607=CARTESIAN_POINT('Origin',(150.,135.,-155.));
#10608=CARTESIAN_POINT('',(150.,135.,-155.));
#10609=CARTESIAN_POINT('',(150.,135.,-155.));
#10610=CARTESIAN_POINT('',(150.,135.,-155.));
#10611=CARTESIAN_POINT('Origin',(50.,135.,-155.));
#10612=CARTESIAN_POINT('',(50.,135.,-155.));
#10613=CARTESIAN_POINT('',(50.,135.,-155.));
#10614=CARTESIAN_POINT('',(50.,135.,-155.));
#10615=CARTESIAN_POINT('Origin',(50.,135.,-130.));
#10616=CARTESIAN_POINT('',(50.,135.,-130.));
#10617=CARTESIAN_POINT('Origin',(100.,135.,-142.5));
#10618=CARTESIAN_POINT('',(0.,0.,0.));
#10619=CARTESIAN_POINT('Origin',(150.,135.,-155.));
#10620=CARTESIAN_POINT('',(150.,175.,-155.));
#10621=CARTESIAN_POINT('',(150.,135.,-155.));
#10622=CARTESIAN_POINT('',(150.,175.,-155.));
#10623=CARTESIAN_POINT('',(150.,135.,-2245.));
#10624=CARTESIAN_POINT('',(150.,135.,-155.));
#10625=CARTESIAN_POINT('',(150.,175.,-2245.));
#10626=CARTESIAN_POINT('',(150.,175.,-2245.));
#10627=CARTESIAN_POINT('',(150.,175.,-155.));
#10628=CARTESIAN_POINT('Origin',(50.,135.,-155.));
#10629=CARTESIAN_POINT('',(50.,135.,-155.));
#10630=CARTESIAN_POINT('',(150.,135.,-155.));
#10631=CARTESIAN_POINT('',(50.,135.,-2245.));
#10632=CARTESIAN_POINT('',(50.,135.,-155.));
#10633=CARTESIAN_POINT('',(150.,135.,-2245.));
#10634=CARTESIAN_POINT('Origin',(50.,175.,-155.));
#10635=CARTESIAN_POINT('',(50.,175.,-155.));
#10636=CARTESIAN_POINT('',(50.,135.,-155.));
#10637=CARTESIAN_POINT('',(50.,175.,-2245.));
#10638=CARTESIAN_POINT('',(50.,175.,-155.));
#10639=CARTESIAN_POINT('',(50.,135.,-2245.));
#10640=CARTESIAN_POINT('Origin',(150.,175.,-155.));
#10641=CARTESIAN_POINT('',(50.,175.,-155.));
#10642=CARTESIAN_POINT('',(50.,175.,-2245.));
#10643=CARTESIAN_POINT('Origin',(100.,155.,-2245.));
#10644=CARTESIAN_POINT('Origin',(100.,155.,-155.));
#10645=CARTESIAN_POINT('',(0.,0.,0.));
#10646=CARTESIAN_POINT('',(0.,0.,0.));
#10647=CARTESIAN_POINT('',(0.,0.,2400.));
#10648=CARTESIAN_POINT('',(0.,6000.00000000003,5.6843418860808E-13));
#10649=CARTESIAN_POINT('',(0.,0.,0.));
#10650=CARTESIAN_POINT('',(0.,0.,0.));
#10651=CARTESIAN_POINT('Origin',(2250.01914052158,5865.03459316382,130.));
#10652=CARTESIAN_POINT('',(2250.01914052158,5865.03459316382,130.));
#10653=CARTESIAN_POINT('',(150.,5865.03459316382,130.));
#10654=CARTESIAN_POINT('',(2250.01914052158,5865.03459316382,130.));
#10655=CARTESIAN_POINT('',(150.,5865.03459316382,145.));
#10656=CARTESIAN_POINT('',(150.,5865.03459316382,130.));
#10657=CARTESIAN_POINT('',(2250.01914052158,5865.03459316382,145.));
#10658=CARTESIAN_POINT('',(2250.01914052158,5865.03459316382,145.));
#10659=CARTESIAN_POINT('',(2250.01914052158,5865.03459316382,130.));
#10660=CARTESIAN_POINT('Origin',(2250.01914052158,135.,130.));
#10661=CARTESIAN_POINT('',(2250.01914052158,135.,130.));
#10662=CARTESIAN_POINT('',(2250.01914052158,135.,130.));
#10663=CARTESIAN_POINT('',(2250.01914052158,135.,145.));
#10664=CARTESIAN_POINT('',(2250.01914052158,135.,145.));
#10665=CARTESIAN_POINT('',(2250.01914052158,135.,130.));
#10666=CARTESIAN_POINT('Origin',(150.,135.,130.));
#10667=CARTESIAN_POINT('',(150.,135.,130.));
#10668=CARTESIAN_POINT('',(150.,135.,130.));
#10669=CARTESIAN_POINT('',(150.,135.,145.));
#10670=CARTESIAN_POINT('',(150.,135.,145.));
#10671=CARTESIAN_POINT('',(150.,135.,130.));
#10672=CARTESIAN_POINT('Origin',(150.,5865.03459316382,130.));
#10673=CARTESIAN_POINT('',(150.,5865.03459316382,130.));
#10674=CARTESIAN_POINT('',(150.,5865.03459316382,145.));
#10675=CARTESIAN_POINT('Origin',(1200.00957026079,3000.01729658191,145.));
#10676=CARTESIAN_POINT('Origin',(1200.00957026079,3000.01729658191,130.));
#10677=CARTESIAN_POINT('',(0.,0.,0.));
#10678=CARTESIAN_POINT('Origin',(150.,5865.,2255.));
#10679=CARTESIAN_POINT('',(150.,5865.,2255.));
#10680=CARTESIAN_POINT('',(150.,135.,2255.));
#10681=CARTESIAN_POINT('',(150.,5865.,2255.));
#10682=CARTESIAN_POINT('',(153.2,135.,2255.));
#10683=CARTESIAN_POINT('',(150.,135.,2255.));
#10684=CARTESIAN_POINT('',(153.2,5865.,2255.));
#10685=CARTESIAN_POINT('',(153.2,5865.,2255.));
#10686=CARTESIAN_POINT('',(150.,5865.,2255.));
#10687=CARTESIAN_POINT('Origin',(150.,5865.,145.));
#10688=CARTESIAN_POINT('',(150.,5865.,145.));
#10689=CARTESIAN_POINT('',(150.,5865.,145.));
#10690=CARTESIAN_POINT('',(153.2,5865.,145.));
#10691=CARTESIAN_POINT('',(153.2,5865.,145.));
#10692=CARTESIAN_POINT('',(150.,5865.,145.));
#10693=CARTESIAN_POINT('Origin',(150.,135.,145.));
#10694=CARTESIAN_POINT('',(150.,135.,145.));
#10695=CARTESIAN_POINT('',(150.,135.,145.));
#10696=CARTESIAN_POINT('',(153.2,135.,145.));
#10697=CARTESIAN_POINT('',(153.2,135.,145.));
#10698=CARTESIAN_POINT('',(150.,135.,145.));
#10699=CARTESIAN_POINT('Origin',(150.,135.,2255.));
#10700=CARTESIAN_POINT('',(150.,135.,2255.));
#10701=CARTESIAN_POINT('',(153.2,135.,2255.));
#10702=CARTESIAN_POINT('Origin',(153.2,3000.,1200.));
#10703=CARTESIAN_POINT('Origin',(150.,3000.,1200.));
#10704=CARTESIAN_POINT('',(0.,0.,0.));
#10705=CARTESIAN_POINT('Origin',(153.199996575713,135.,144.999996758997));
#10706=CARTESIAN_POINT('',(153.199996575713,135.,2254.99994959682));
#10707=CARTESIAN_POINT('',(153.199996575713,135.,144.999996758997));
#10708=CARTESIAN_POINT('',(153.199996575713,135.,2254.99994959682));
#10709=CARTESIAN_POINT('',(153.199996575713,138.2,2254.99994959682));
#10710=CARTESIAN_POINT('',(153.199996575713,135.,2254.99994959682));
#10711=CARTESIAN_POINT('',(153.199996575713,138.2,144.999996758997));
#10712=CARTESIAN_POINT('',(153.199996575713,138.2,2254.99994959682));
#10713=CARTESIAN_POINT('',(153.199996575713,135.,144.999996758997));
#10714=CARTESIAN_POINT('Origin',(2246.79994978011,135.,144.999996758997));
#10715=CARTESIAN_POINT('',(2246.79994978011,135.,144.999996758997));
#10716=CARTESIAN_POINT('',(153.199996575713,135.,144.999996758997));
#10717=CARTESIAN_POINT('',(2246.79994978011,138.2,144.999996758997));
#10718=CARTESIAN_POINT('',(153.199996575713,138.2,144.999996758997));
#10719=CARTESIAN_POINT('',(2246.79994978011,135.,144.999996758997));
#10720=CARTESIAN_POINT('Origin',(2246.79994978011,135.,2254.99994959682));
#10721=CARTESIAN_POINT('',(2246.79994978011,135.,2254.99994959682));
#10722=CARTESIAN_POINT('',(2246.79994978011,135.,144.999996758997));
#10723=CARTESIAN_POINT('',(2246.79994978011,138.2,2254.99994959682));
#10724=CARTESIAN_POINT('',(2246.79994978011,138.2,144.999996758997));
#10725=CARTESIAN_POINT('',(2246.79994978011,135.,2254.99994959682));
#10726=CARTESIAN_POINT('Origin',(153.199996575713,135.,2254.99994959682));
#10727=CARTESIAN_POINT('',(2246.79994978011,135.,2254.99994959682));
#10728=CARTESIAN_POINT('',(2246.79994978011,138.2,2254.99994959682));
#10729=CARTESIAN_POINT('Origin',(1199.99997317791,138.2,1199.99997317791));
#10730=CARTESIAN_POINT('Origin',(1199.99997317791,135.,1199.99997317791));
#10731=CARTESIAN_POINT('',(0.,0.,0.));
#10732=CARTESIAN_POINT('Origin',(2250.01914052158,5865.03459316382,-130.));
#10733=CARTESIAN_POINT('',(2250.01914052158,5865.03459316382,-130.));
#10734=CARTESIAN_POINT('',(150.,5865.03459316382,-130.));
#10735=CARTESIAN_POINT('',(2250.01914052158,5865.03459316382,-130.));
#10736=CARTESIAN_POINT('',(2250.01914052158,5865.03459316382,-145.));
#10737=CARTESIAN_POINT('',(2250.01914052158,5865.03459316382,-130.));
#10738=CARTESIAN_POINT('',(150.,5865.03459316382,-145.));
#10739=CARTESIAN_POINT('',(2250.01914052158,5865.03459316382,-145.));
#10740=CARTESIAN_POINT('',(150.,5865.03459316382,-130.));
#10741=CARTESIAN_POINT('Origin',(2250.01914052158,135.,-130.));
#10742=CARTESIAN_POINT('',(2250.01914052158,135.,-130.));
#10743=CARTESIAN_POINT('',(2250.01914052158,135.,-130.));
#10744=CARTESIAN_POINT('',(2250.01914052158,135.,-145.));
#10745=CARTESIAN_POINT('',(2250.01914052158,135.,-130.));
#10746=CARTESIAN_POINT('',(2250.01914052158,135.,-145.));
#10747=CARTESIAN_POINT('Origin',(150.,135.,-130.));
#10748=CARTESIAN_POINT('',(150.,135.,-130.));
#10749=CARTESIAN_POINT('',(150.,135.,-130.));
#10750=CARTESIAN_POINT('',(150.,135.,-145.));
#10751=CARTESIAN_POINT('',(150.,135.,-130.));
#10752=CARTESIAN_POINT('',(150.,135.,-145.));
#10753=CARTESIAN_POINT('Origin',(150.,5865.03459316382,-130.));
#10754=CARTESIAN_POINT('',(150.,5865.03459316382,-130.));
#10755=CARTESIAN_POINT('',(150.,5865.03459316382,-145.));
#10756=CARTESIAN_POINT('Origin',(1200.00957026079,3000.01729658191,-145.));
#10757=CARTESIAN_POINT('Origin',(1200.00957026079,3000.01729658191,-130.));
#10758=CARTESIAN_POINT('',(0.,0.,0.));
#10759=CARTESIAN_POINT('Origin',(150.,5865.,-2255.));
#10760=CARTESIAN_POINT('',(150.,5865.,-2255.));
#10761=CARTESIAN_POINT('',(150.,135.,-2255.));
#10762=CARTESIAN_POINT('',(150.,5865.,-2255.));
#10763=CARTESIAN_POINT('',(153.2,5865.,-2255.));
#10764=CARTESIAN_POINT('',(150.,5865.,-2255.));
#10765=CARTESIAN_POINT('',(153.2,135.,-2255.));
#10766=CARTESIAN_POINT('',(153.2,5865.,-2255.));
#10767=CARTESIAN_POINT('',(150.,135.,-2255.));
#10768=CARTESIAN_POINT('Origin',(150.,5865.,-145.));
#10769=CARTESIAN_POINT('',(150.,5865.,-145.));
#10770=CARTESIAN_POINT('',(150.,5865.,-145.));
#10771=CARTESIAN_POINT('',(153.2,5865.,-145.));
#10772=CARTESIAN_POINT('',(150.,5865.,-145.));
#10773=CARTESIAN_POINT('',(153.2,5865.,-145.));
#10774=CARTESIAN_POINT('Origin',(150.,135.,-145.));
#10775=CARTESIAN_POINT('',(150.,135.,-145.));
#10776=CARTESIAN_POINT('',(150.,135.,-145.));
#10777=CARTESIAN_POINT('',(153.2,135.,-145.));
#10778=CARTESIAN_POINT('',(150.,135.,-145.));
#10779=CARTESIAN_POINT('',(153.2,135.,-145.));
#10780=CARTESIAN_POINT('Origin',(150.,135.,-2255.));
#10781=CARTESIAN_POINT('',(150.,135.,-2255.));
#10782=CARTESIAN_POINT('',(153.2,135.,-2255.));
#10783=CARTESIAN_POINT('Origin',(153.2,3000.,-1200.));
#10784=CARTESIAN_POINT('Origin',(150.,3000.,-1200.));
#10785=CARTESIAN_POINT('',(0.,0.,0.));
#10786=CARTESIAN_POINT('Origin',(153.199996575713,135.,-144.999996758997));
#10787=CARTESIAN_POINT('',(153.199996575713,135.,-2254.99994959682));
#10788=CARTESIAN_POINT('',(153.199996575713,135.,-144.999996758997));
#10789=CARTESIAN_POINT('',(153.199996575713,135.,-2254.99994959682));
#10790=CARTESIAN_POINT('',(153.199996575713,138.2,-144.999996758997));
#10791=CARTESIAN_POINT('',(153.199996575713,135.,-144.999996758997));
#10792=CARTESIAN_POINT('',(153.199996575713,138.2,-2254.99994959682));
#10793=CARTESIAN_POINT('',(153.199996575713,138.2,-2254.99994959682));
#10794=CARTESIAN_POINT('',(153.199996575713,135.,-2254.99994959682));
#10795=CARTESIAN_POINT('Origin',(2246.79994978011,135.,-144.999996758997));
#10796=CARTESIAN_POINT('',(2246.79994978011,135.,-144.999996758997));
#10797=CARTESIAN_POINT('',(153.199996575713,135.,-144.999996758997));
#10798=CARTESIAN_POINT('',(2246.79994978011,138.2,-144.999996758997));
#10799=CARTESIAN_POINT('',(2246.79994978011,135.,-144.999996758997));
#10800=CARTESIAN_POINT('',(153.199996575713,138.2,-144.999996758997));
#10801=CARTESIAN_POINT('Origin',(2246.79994978011,135.,-2254.99994959682));
#10802=CARTESIAN_POINT('',(2246.79994978011,135.,-2254.99994959682));
#10803=CARTESIAN_POINT('',(2246.79994978011,135.,-144.999996758997));
#10804=CARTESIAN_POINT('',(2246.79994978011,138.2,-2254.99994959682));
#10805=CARTESIAN_POINT('',(2246.79994978011,135.,-2254.99994959682));
#10806=CARTESIAN_POINT('',(2246.79994978011,138.2,-144.999996758997));
#10807=CARTESIAN_POINT('Origin',(153.199996575713,135.,-2254.99994959682));
#10808=CARTESIAN_POINT('',(2246.79994978011,135.,-2254.99994959682));
#10809=CARTESIAN_POINT('',(2246.79994978011,138.2,-2254.99994959682));
#10810=CARTESIAN_POINT('Origin',(1199.99997317791,138.2,-1199.99997317791));
#10811=CARTESIAN_POINT('Origin',(1199.99997317791,135.,-1199.99997317791));
#10812=CARTESIAN_POINT('',(0.,0.,0.));
#10813=CARTESIAN_POINT('',(0.,0.,0.));
#10814=CARTESIAN_POINT('',(0.,0.,0.));
#10815=CARTESIAN_POINT('',(0.,0.,2400.));
#10816=CARTESIAN_POINT('',(2400.,0.,-2.66453525910038E-13));
#10817=CARTESIAN_POINT('',(0.,6000.,5.86197757002083E-13));
#10818=CARTESIAN_POINT('',(0.,0.,0.));
#10819=CARTESIAN_POINT('',(0.,0.,0.));
#10820=CARTESIAN_POINT('Origin',(150.,135.,-155.));
#10821=CARTESIAN_POINT('',(150.,175.,-155.));
#10822=CARTESIAN_POINT('',(150.,135.,-155.));
#10823=CARTESIAN_POINT('',(150.,175.,-155.));
#10824=CARTESIAN_POINT('',(150.,135.,-2245.));
#10825=CARTESIAN_POINT('',(150.,135.,-155.));
#10826=CARTESIAN_POINT('',(150.,175.,-2245.));
#10827=CARTESIAN_POINT('',(150.,175.,-2245.));
#10828=CARTESIAN_POINT('',(150.,175.,-155.));
#10829=CARTESIAN_POINT('Origin',(50.,135.,-155.));
#10830=CARTESIAN_POINT('',(50.,135.,-155.));
#10831=CARTESIAN_POINT('',(150.,135.,-155.));
#10832=CARTESIAN_POINT('',(50.,135.,-2245.));
#10833=CARTESIAN_POINT('',(50.,135.,-155.));
#10834=CARTESIAN_POINT('',(150.,135.,-2245.));
#10835=CARTESIAN_POINT('Origin',(50.,175.,-155.));
#10836=CARTESIAN_POINT('',(50.,175.,-155.));
#10837=CARTESIAN_POINT('',(50.,135.,-155.));
#10838=CARTESIAN_POINT('',(50.,175.,-2245.));
#10839=CARTESIAN_POINT('',(50.,175.,-155.));
#10840=CARTESIAN_POINT('',(50.,135.,-2245.));
#10841=CARTESIAN_POINT('Origin',(150.,175.,-155.));
#10842=CARTESIAN_POINT('',(50.,175.,-155.));
#10843=CARTESIAN_POINT('',(50.,175.,-2245.));
#10844=CARTESIAN_POINT('Origin',(100.,155.,-2245.));
#10845=CARTESIAN_POINT('Origin',(100.,155.,-155.));
#10846=CARTESIAN_POINT('',(0.,0.,0.));
#10847=CARTESIAN_POINT('Origin',(100.,5865.,-142.5));
#10848=CARTESIAN_POINT('',(50.,5865.,-130.));
#10849=CARTESIAN_POINT('',(50.,5865.,-155.));
#10850=CARTESIAN_POINT('',(50.,5865.,-130.));
#10851=CARTESIAN_POINT('',(150.,5865.,-130.));
#10852=CARTESIAN_POINT('',(150.,5865.,-130.));
#10853=CARTESIAN_POINT('',(150.,5865.,-155.));
#10854=CARTESIAN_POINT('',(150.,5865.,-155.));
#10855=CARTESIAN_POINT('',(50.,5865.,-155.));
#10856=CARTESIAN_POINT('Origin',(150.,135.,-130.));
#10857=CARTESIAN_POINT('',(150.,135.,-130.));
#10858=CARTESIAN_POINT('',(50.,135.,-130.));
#10859=CARTESIAN_POINT('',(150.,135.,-130.));
#10860=CARTESIAN_POINT('',(150.,135.,-130.));
#10861=CARTESIAN_POINT('',(50.,135.,-130.));
#10862=CARTESIAN_POINT('Origin',(150.,135.,-155.));
#10863=CARTESIAN_POINT('',(150.,135.,-155.));
#10864=CARTESIAN_POINT('',(150.,135.,-155.));
#10865=CARTESIAN_POINT('',(150.,135.,-155.));
#10866=CARTESIAN_POINT('Origin',(50.,135.,-155.));
#10867=CARTESIAN_POINT('',(50.,135.,-155.));
#10868=CARTESIAN_POINT('',(50.,135.,-155.));
#10869=CARTESIAN_POINT('',(50.,135.,-155.));
#10870=CARTESIAN_POINT('Origin',(50.,135.,-130.));
#10871=CARTESIAN_POINT('',(50.,135.,-130.));
#10872=CARTESIAN_POINT('Origin',(100.,135.,-142.5));
#10873=CARTESIAN_POINT('',(0.,0.,0.));
#10874=CARTESIAN_POINT('Origin',(100.,5865.,142.5));
#10875=CARTESIAN_POINT('',(50.,5865.,130.));
#10876=CARTESIAN_POINT('',(50.,5865.,155.));
#10877=CARTESIAN_POINT('',(50.,5865.,130.));
#10878=CARTESIAN_POINT('',(150.,5865.,155.));
#10879=CARTESIAN_POINT('',(50.,5865.,155.));
#10880=CARTESIAN_POINT('',(150.,5865.,130.));
#10881=CARTESIAN_POINT('',(150.,5865.,155.));
#10882=CARTESIAN_POINT('',(150.,5865.,130.));
#10883=CARTESIAN_POINT('Origin',(150.,135.,130.));
#10884=CARTESIAN_POINT('',(150.,135.,130.));
#10885=CARTESIAN_POINT('',(50.,135.,130.));
#10886=CARTESIAN_POINT('',(150.,135.,130.));
#10887=CARTESIAN_POINT('',(50.,135.,130.));
#10888=CARTESIAN_POINT('',(150.,135.,130.));
#10889=CARTESIAN_POINT('Origin',(150.,135.,155.));
#10890=CARTESIAN_POINT('',(150.,135.,155.));
#10891=CARTESIAN_POINT('',(150.,135.,155.));
#10892=CARTESIAN_POINT('',(150.,135.,155.));
#10893=CARTESIAN_POINT('Origin',(50.,135.,155.));
#10894=CARTESIAN_POINT('',(50.,135.,155.));
#10895=CARTESIAN_POINT('',(50.,135.,155.));
#10896=CARTESIAN_POINT('',(50.,135.,155.));
#10897=CARTESIAN_POINT('Origin',(50.,135.,130.));
#10898=CARTESIAN_POINT('',(50.,135.,130.));
#10899=CARTESIAN_POINT('Origin',(100.,135.,142.5));
#10900=CARTESIAN_POINT('',(0.,0.,0.));
#10901=CARTESIAN_POINT('Origin',(150.,135.,155.));
#10902=CARTESIAN_POINT('',(150.,175.,155.));
#10903=CARTESIAN_POINT('',(150.,135.,155.));
#10904=CARTESIAN_POINT('',(150.,175.,155.));
#10905=CARTESIAN_POINT('',(150.,175.,2245.));
#10906=CARTESIAN_POINT('',(150.,175.,155.));
#10907=CARTESIAN_POINT('',(150.,135.,2245.));
#10908=CARTESIAN_POINT('',(150.,175.,2245.));
#10909=CARTESIAN_POINT('',(150.,135.,155.));
#10910=CARTESIAN_POINT('Origin',(50.,135.,155.));
#10911=CARTESIAN_POINT('',(50.,135.,155.));
#10912=CARTESIAN_POINT('',(150.,135.,155.));
#10913=CARTESIAN_POINT('',(50.,135.,2245.));
#10914=CARTESIAN_POINT('',(150.,135.,2245.));
#10915=CARTESIAN_POINT('',(50.,135.,155.));
#10916=CARTESIAN_POINT('Origin',(50.,175.,155.));
#10917=CARTESIAN_POINT('',(50.,175.,155.));
#10918=CARTESIAN_POINT('',(50.,135.,155.));
#10919=CARTESIAN_POINT('',(50.,175.,2245.));
#10920=CARTESIAN_POINT('',(50.,135.,2245.));
#10921=CARTESIAN_POINT('',(50.,175.,155.));
#10922=CARTESIAN_POINT('Origin',(150.,175.,155.));
#10923=CARTESIAN_POINT('',(50.,175.,155.));
#10924=CARTESIAN_POINT('',(50.,175.,2245.));
#10925=CARTESIAN_POINT('Origin',(100.,155.,2245.));
#10926=CARTESIAN_POINT('Origin',(100.,155.,155.));
#10927=CARTESIAN_POINT('',(0.,0.,0.));
#10928=CARTESIAN_POINT('',(0.,0.,0.));
#10929=CARTESIAN_POINT('',(0.,0.,-2400.));
#10930=CARTESIAN_POINT('',(0.,6000.00000000003,-5.6843418860808E-13));
#10931=CARTESIAN_POINT('',(0.,0.,0.));
#10932=CARTESIAN_POINT('',(0.,0.,0.));
#10933=CARTESIAN_POINT('Origin',(2350.,135.,-130.));
#10934=CARTESIAN_POINT('',(2350.,135.,-130.));
#10935=CARTESIAN_POINT('',(50.,135.,-130.));
#10936=CARTESIAN_POINT('',(2350.,135.,-130.));
#10937=CARTESIAN_POINT('',(2350.,135.,-155.));
#10938=CARTESIAN_POINT('',(2350.,135.,-130.));
#10939=CARTESIAN_POINT('',(50.,135.,-155.));
#10940=CARTESIAN_POINT('',(2350.,135.,-155.));
#10941=CARTESIAN_POINT('',(50.,135.,-130.));
#10942=CARTESIAN_POINT('Origin',(2350.,35.,-130.));
#10943=CARTESIAN_POINT('',(2350.,35.,-130.));
#10944=CARTESIAN_POINT('',(2350.,35.,-130.));
#10945=CARTESIAN_POINT('',(2350.,35.,-155.));
#10946=CARTESIAN_POINT('',(2350.,35.,-130.));
#10947=CARTESIAN_POINT('',(2350.,35.,-155.));
#10948=CARTESIAN_POINT('Origin',(50.,35.,-130.));
#10949=CARTESIAN_POINT('',(50.,35.,-130.));
#10950=CARTESIAN_POINT('',(50.,35.,-130.));
#10951=CARTESIAN_POINT('',(50.,35.,-155.));
#10952=CARTESIAN_POINT('',(50.,35.,-130.));
#10953=CARTESIAN_POINT('',(50.,35.,-155.));
#10954=CARTESIAN_POINT('Origin',(50.,135.,-130.));
#10955=CARTESIAN_POINT('',(50.,135.,-130.));
#10956=CARTESIAN_POINT('',(50.,135.,-155.));
#10957=CARTESIAN_POINT('Origin',(1200.,85.,-155.));
#10958=CARTESIAN_POINT('Origin',(1200.,85.,-130.));
#10959=CARTESIAN_POINT('',(0.,0.,0.));
#10960=CARTESIAN_POINT('Origin',(2350.,135.,130.));
#10961=CARTESIAN_POINT('',(2350.,135.,130.));
#10962=CARTESIAN_POINT('',(50.,135.,130.));
#10963=CARTESIAN_POINT('',(2350.,135.,130.));
#10964=CARTESIAN_POINT('',(50.,135.,155.));
#10965=CARTESIAN_POINT('',(50.,135.,130.));
#10966=CARTESIAN_POINT('',(2350.,135.,155.));
#10967=CARTESIAN_POINT('',(2350.,135.,155.));
#10968=CARTESIAN_POINT('',(2350.,135.,130.));
#10969=CARTESIAN_POINT('Origin',(2350.,35.,130.));
#10970=CARTESIAN_POINT('',(2350.,35.,130.));
#10971=CARTESIAN_POINT('',(2350.,35.,130.));
#10972=CARTESIAN_POINT('',(2350.,35.,155.));
#10973=CARTESIAN_POINT('',(2350.,35.,155.));
#10974=CARTESIAN_POINT('',(2350.,35.,130.));
#10975=CARTESIAN_POINT('Origin',(50.,35.,130.));
#10976=CARTESIAN_POINT('',(50.,35.,130.));
#10977=CARTESIAN_POINT('',(50.,35.,130.));
#10978=CARTESIAN_POINT('',(50.,35.,155.));
#10979=CARTESIAN_POINT('',(50.,35.,155.));
#10980=CARTESIAN_POINT('',(50.,35.,130.));
#10981=CARTESIAN_POINT('Origin',(50.,135.,130.));
#10982=CARTESIAN_POINT('',(50.,135.,130.));
#10983=CARTESIAN_POINT('',(50.,135.,155.));
#10984=CARTESIAN_POINT('Origin',(1200.,85.,155.));
#10985=CARTESIAN_POINT('Origin',(1200.,85.,130.));
#10986=CARTESIAN_POINT('',(0.,0.,0.));
#10987=CARTESIAN_POINT('Origin',(190.,35.0000005215406,-155.));
#10988=CARTESIAN_POINT('',(190.,35.0000005215406,-155.));
#10989=CARTESIAN_POINT('',(190.,135.,-155.));
#10990=CARTESIAN_POINT('',(190.,35.0000005215406,-155.));
#10991=CARTESIAN_POINT('',(190.,35.0000005215406,-2245.));
#10992=CARTESIAN_POINT('',(190.,35.0000005215406,-155.));
#10993=CARTESIAN_POINT('',(190.,135.,-2245.));
#10994=CARTESIAN_POINT('',(190.,35.0000005215406,-2245.));
#10995=CARTESIAN_POINT('',(190.,135.,-155.));
#10996=CARTESIAN_POINT('Origin',(175.,135.,-155.));
#10997=CARTESIAN_POINT('',(150.000002235174,135.,-155.));
#10998=CARTESIAN_POINT('',(175.,135.,-155.));
#10999=CARTESIAN_POINT('',(150.000002235174,135.,-2245.));
#11000=CARTESIAN_POINT('',(175.,135.,-2245.));
#11001=CARTESIAN_POINT('',(150.000002235174,135.,-155.));
#11002=CARTESIAN_POINT('Origin',(150.000002235174,35.0000005215406,-155.));
#11003=CARTESIAN_POINT('',(150.000002235174,35.0000005215406,-155.));
#11004=CARTESIAN_POINT('',(150.000002235174,35.0000005215406,-155.));
#11005=CARTESIAN_POINT('',(150.000002235174,35.0000005215406,-2245.));
#11006=CARTESIAN_POINT('',(150.000002235174,35.0000005215406,-155.));
#11007=CARTESIAN_POINT('',(150.000002235174,35.0000005215406,-2245.));
#11008=CARTESIAN_POINT('Origin',(150.000002235174,135.,-155.));
#11009=CARTESIAN_POINT('',(150.000002235174,135.,-155.));
#11010=CARTESIAN_POINT('',(150.000002235174,135.,-2245.));
#11011=CARTESIAN_POINT('Origin',(162.500001117587,85.0000002607703,-2245.));
#11012=CARTESIAN_POINT('Origin',(162.500001117587,85.0000002607703,-155.));
#11013=CARTESIAN_POINT('',(0.,0.,0.));
#11014=CARTESIAN_POINT('Origin',(190.,35.0000005215406,155.));
#11015=CARTESIAN_POINT('',(190.,35.0000005215406,155.));
#11016=CARTESIAN_POINT('',(190.,135.,155.));
#11017=CARTESIAN_POINT('',(190.,35.0000005215406,155.));
#11018=CARTESIAN_POINT('',(190.,135.,2245.));
#11019=CARTESIAN_POINT('',(190.,135.,155.));
#11020=CARTESIAN_POINT('',(190.,35.0000005215406,2245.));
#11021=CARTESIAN_POINT('',(190.,35.0000005215406,2245.));
#11022=CARTESIAN_POINT('',(190.,35.0000005215406,155.));
#11023=CARTESIAN_POINT('Origin',(175.,135.,155.));
#11024=CARTESIAN_POINT('',(150.000002235174,135.,155.));
#11025=CARTESIAN_POINT('',(175.,135.,155.));
#11026=CARTESIAN_POINT('',(150.000002235174,135.,2245.));
#11027=CARTESIAN_POINT('',(150.000002235174,135.,155.));
#11028=CARTESIAN_POINT('',(175.,135.,2245.));
#11029=CARTESIAN_POINT('Origin',(150.000002235174,35.0000005215406,155.));
#11030=CARTESIAN_POINT('',(150.000002235174,35.0000005215406,155.));
#11031=CARTESIAN_POINT('',(150.000002235174,35.0000005215406,155.));
#11032=CARTESIAN_POINT('',(150.000002235174,35.0000005215406,2245.));
#11033=CARTESIAN_POINT('',(150.000002235174,35.0000005215406,2245.));
#11034=CARTESIAN_POINT('',(150.000002235174,35.0000005215406,155.));
#11035=CARTESIAN_POINT('Origin',(150.000002235174,135.,155.));
#11036=CARTESIAN_POINT('',(150.000002235174,135.,155.));
#11037=CARTESIAN_POINT('',(150.000002235174,135.,2245.));
#11038=CARTESIAN_POINT('Origin',(162.500001117587,85.0000002607703,2245.));
#11039=CARTESIAN_POINT('Origin',(162.500001117587,85.0000002607703,155.));
#11040=CARTESIAN_POINT('',(0.,0.,0.));
#11041=CARTESIAN_POINT('',(0.,0.,-2400.));
#11042=CARTESIAN_POINT('',(0.,0.,0.));
#11043=CARTESIAN_POINT('',(2400.,0.,2.66453525910038E-13));
#11044=CARTESIAN_POINT('',(0.,0.,0.));
#11045=CARTESIAN_POINT('',(5.,0.,0.));
#11046=CARTESIAN_POINT('',(0.,0.,0.));
#11047=CARTESIAN_POINT('',(0.,0.,2400.));
#11048=CARTESIAN_POINT('',(5.,0.,2400.));
#11049=CARTESIAN_POINT('',(0.,0.,0.));
#11050=CARTESIAN_POINT('',(0.,0.,0.));
#11051=CARTESIAN_POINT('',(0.,0.,0.));
#11052=CARTESIAN_POINT('',(2400.,0.,0.));
#11053=CARTESIAN_POINT('',(0.,5999.99999999997,5.6843418860808E-13));
#11054=UNCERTAINTY_MEASURE_WITH_UNIT(LENGTH_MEASURE(0.01),#11160,
'DISTANCE_ACCURACY_VALUE',
'Maximum model space distance between geometric entities at asserted c
onnectivities');
#11055=UNCERTAINTY_MEASURE_WITH_UNIT(LENGTH_MEASURE(0.01),#11160,
'DISTANCE_ACCURACY_VALUE',
'Maximum model space distance between geometric entities at asserted c
onnectivities');
#11056=UNCERTAINTY_MEASURE_WITH_UNIT(LENGTH_MEASURE(0.01),#11160,
'DISTANCE_ACCURACY_VALUE',
'Maximum model space distance between geometric entities at asserted c
onnectivities');
#11057=UNCERTAINTY_MEASURE_WITH_UNIT(LENGTH_MEASURE(0.01),#11160,
'DISTANCE_ACCURACY_VALUE',
'Maximum model space distance between geometric entities at asserted c
onnectivities');
#11058=UNCERTAINTY_MEASURE_WITH_UNIT(LENGTH_MEASURE(0.01),#11160,
'DISTANCE_ACCURACY_VALUE',
'Maximum model space distance between geometric entities at asserted c
onnectivities');
#11059=UNCERTAINTY_MEASURE_WITH_UNIT(LENGTH_MEASURE(0.01),#11160,
'DISTANCE_ACCURACY_VALUE',
'Maximum model space distance between geometric entities at asserted c
onnectivities');
#11060=UNCERTAINTY_MEASURE_WITH_UNIT(LENGTH_MEASURE(0.01),#11160,
'DISTANCE_ACCURACY_VALUE',
'Maximum model space distance between geometric entities at asserted c
onnectivities');
#11061=UNCERTAINTY_MEASURE_WITH_UNIT(LENGTH_MEASURE(0.01),#11160,
'DISTANCE_ACCURACY_VALUE',
'Maximum model space distance between geometric entities at asserted c
onnectivities');
#11062=UNCERTAINTY_MEASURE_WITH_UNIT(LENGTH_MEASURE(0.01),#11160,
'DISTANCE_ACCURACY_VALUE',
'Maximum model space distance between geometric entities at asserted c
onnectivities');
#11063=UNCERTAINTY_MEASURE_WITH_UNIT(LENGTH_MEASURE(0.01),#11160,
'DISTANCE_ACCURACY_VALUE',
'Maximum model space distance between geometric entities at asserted c
onnectivities');
#11064=UNCERTAINTY_MEASURE_WITH_UNIT(LENGTH_MEASURE(0.01),#11160,
'DISTANCE_ACCURACY_VALUE',
'Maximum model space distance between geometric entities at asserted c
onnectivities');
#11065=UNCERTAINTY_MEASURE_WITH_UNIT(LENGTH_MEASURE(0.01),#11160,
'DISTANCE_ACCURACY_VALUE',
'Maximum model space distance between geometric entities at asserted c
onnectivities');
#11066=UNCERTAINTY_MEASURE_WITH_UNIT(LENGTH_MEASURE(0.01),#11160,
'DISTANCE_ACCURACY_VALUE',
'Maximum model space distance between geometric entities at asserted c
onnectivities');
#11067=UNCERTAINTY_MEASURE_WITH_UNIT(LENGTH_MEASURE(0.01),#11160,
'DISTANCE_ACCURACY_VALUE',
'Maximum model space distance between geometric entities at asserted c
onnectivities');
#11068=UNCERTAINTY_MEASURE_WITH_UNIT(LENGTH_MEASURE(0.01),#11160,
'DISTANCE_ACCURACY_VALUE',
'Maximum model space distance between geometric entities at asserted c
onnectivities');
#11069=UNCERTAINTY_MEASURE_WITH_UNIT(LENGTH_MEASURE(0.01),#11160,
'DISTANCE_ACCURACY_VALUE',
'Maximum model space distance between geometric entities at asserted c
onnectivities');
#11070=UNCERTAINTY_MEASURE_WITH_UNIT(LENGTH_MEASURE(0.01),#11160,
'DISTANCE_ACCURACY_VALUE',
'Maximum model space distance between geometric entities at asserted c
onnectivities');
#11071=UNCERTAINTY_MEASURE_WITH_UNIT(LENGTH_MEASURE(0.01),#11160,
'DISTANCE_ACCURACY_VALUE',
'Maximum model space distance between geometric entities at asserted c
onnectivities');
#11072=UNCERTAINTY_MEASURE_WITH_UNIT(LENGTH_MEASURE(0.01),#11160,
'DISTANCE_ACCURACY_VALUE',
'Maximum model space distance between geometric entities at asserted c
onnectivities');
#11073=UNCERTAINTY_MEASURE_WITH_UNIT(LENGTH_MEASURE(0.01),#11160,
'DISTANCE_ACCURACY_VALUE',
'Maximum model space distance between geometric entities at asserted c
onnectivities');
#11074=UNCERTAINTY_MEASURE_WITH_UNIT(LENGTH_MEASURE(0.01),#11160,
'DISTANCE_ACCURACY_VALUE',
'Maximum model space distance between geometric entities at asserted c
onnectivities');
#11075=UNCERTAINTY_MEASURE_WITH_UNIT(LENGTH_MEASURE(0.01),#11160,
'DISTANCE_ACCURACY_VALUE',
'Maximum model space distance between geometric entities at asserted c
onnectivities');
#11076=UNCERTAINTY_MEASURE_WITH_UNIT(LENGTH_MEASURE(0.01),#11160,
'DISTANCE_ACCURACY_VALUE',
'Maximum model space distance between geometric entities at asserted c
onnectivities');
#11077=UNCERTAINTY_MEASURE_WITH_UNIT(LENGTH_MEASURE(0.01),#11160,
'DISTANCE_ACCURACY_VALUE',
'Maximum model space distance between geometric entities at asserted c
onnectivities');
#11078=UNCERTAINTY_MEASURE_WITH_UNIT(LENGTH_MEASURE(0.01),#11160,
'DISTANCE_ACCURACY_VALUE',
'Maximum model space distance between geometric entities at asserted c
onnectivities');
#11079=UNCERTAINTY_MEASURE_WITH_UNIT(LENGTH_MEASURE(0.01),#11160,
'DISTANCE_ACCURACY_VALUE',
'Maximum model space distance between geometric entities at asserted c
onnectivities');
#11080=UNCERTAINTY_MEASURE_WITH_UNIT(LENGTH_MEASURE(0.01),#11160,
'DISTANCE_ACCURACY_VALUE',
'Maximum model space distance between geometric entities at asserted c
onnectivities');
#11081=UNCERTAINTY_MEASURE_WITH_UNIT(LENGTH_MEASURE(0.01),#11160,
'DISTANCE_ACCURACY_VALUE',
'Maximum model space distance between geometric entities at asserted c
onnectivities');
#11082=UNCERTAINTY_MEASURE_WITH_UNIT(LENGTH_MEASURE(0.01),#11160,
'DISTANCE_ACCURACY_VALUE',
'Maximum model space distance between geometric entities at asserted c
onnectivities');
#11083=UNCERTAINTY_MEASURE_WITH_UNIT(LENGTH_MEASURE(0.01),#11160,
'DISTANCE_ACCURACY_VALUE',
'Maximum model space distance between geometric entities at asserted c
onnectivities');
#11084=UNCERTAINTY_MEASURE_WITH_UNIT(LENGTH_MEASURE(0.01),#11160,
'DISTANCE_ACCURACY_VALUE',
'Maximum model space distance between geometric entities at asserted c
onnectivities');
#11085=UNCERTAINTY_MEASURE_WITH_UNIT(LENGTH_MEASURE(0.01),#11160,
'DISTANCE_ACCURACY_VALUE',
'Maximum model space distance between geometric entities at asserted c
onnectivities');
#11086=UNCERTAINTY_MEASURE_WITH_UNIT(LENGTH_MEASURE(0.01),#11160,
'DISTANCE_ACCURACY_VALUE',
'Maximum model space distance between geometric entities at asserted c
onnectivities');
#11087=UNCERTAINTY_MEASURE_WITH_UNIT(LENGTH_MEASURE(0.01),#11160,
'DISTANCE_ACCURACY_VALUE',
'Maximum model space distance between geometric entities at asserted c
onnectivities');
#11088=UNCERTAINTY_MEASURE_WITH_UNIT(LENGTH_MEASURE(0.01),#11160,
'DISTANCE_ACCURACY_VALUE',
'Maximum model space distance between geometric entities at asserted c
onnectivities');
#11089=UNCERTAINTY_MEASURE_WITH_UNIT(LENGTH_MEASURE(0.01),#11160,
'DISTANCE_ACCURACY_VALUE',
'Maximum model space distance between geometric entities at asserted c
onnectivities');
#11090=UNCERTAINTY_MEASURE_WITH_UNIT(LENGTH_MEASURE(0.01),#11160,
'DISTANCE_ACCURACY_VALUE',
'Maximum model space distance between geometric entities at asserted c
onnectivities');
#11091=UNCERTAINTY_MEASURE_WITH_UNIT(LENGTH_MEASURE(0.01),#11160,
'DISTANCE_ACCURACY_VALUE',
'Maximum model space distance between geometric entities at asserted c
onnectivities');
#11092=UNCERTAINTY_MEASURE_WITH_UNIT(LENGTH_MEASURE(0.01),#11160,
'DISTANCE_ACCURACY_VALUE',
'Maximum model space distance between geometric entities at asserted c
onnectivities');
#11093=UNCERTAINTY_MEASURE_WITH_UNIT(LENGTH_MEASURE(0.01),#11160,
'DISTANCE_ACCURACY_VALUE',
'Maximum model space distance between geometric entities at asserted c
onnectivities');
#11094=UNCERTAINTY_MEASURE_WITH_UNIT(LENGTH_MEASURE(0.01),#11160,
'DISTANCE_ACCURACY_VALUE',
'Maximum model space distance between geometric entities at asserted c
onnectivities');
#11095=UNCERTAINTY_MEASURE_WITH_UNIT(LENGTH_MEASURE(0.01),#11160,
'DISTANCE_ACCURACY_VALUE',
'Maximum model space distance between geometric entities at asserted c
onnectivities');
#11096=UNCERTAINTY_MEASURE_WITH_UNIT(LENGTH_MEASURE(0.01),#11160,
'DISTANCE_ACCURACY_VALUE',
'Maximum model space distance between geometric entities at asserted c
onnectivities');
#11097=UNCERTAINTY_MEASURE_WITH_UNIT(LENGTH_MEASURE(0.01),#11160,
'DISTANCE_ACCURACY_VALUE',
'Maximum model space distance between geometric entities at asserted c
onnectivities');
#11098=UNCERTAINTY_MEASURE_WITH_UNIT(LENGTH_MEASURE(0.01),#11160,
'DISTANCE_ACCURACY_VALUE',
'Maximum model space distance between geometric entities at asserted c
onnectivities');
#11099=UNCERTAINTY_MEASURE_WITH_UNIT(LENGTH_MEASURE(0.01),#11160,
'DISTANCE_ACCURACY_VALUE',
'Maximum model space distance between geometric entities at asserted c
onnectivities');
#11100=UNCERTAINTY_MEASURE_WITH_UNIT(LENGTH_MEASURE(0.01),#11160,
'DISTANCE_ACCURACY_VALUE',
'Maximum model space distance between geometric entities at asserted c
onnectivities');
#11101=UNCERTAINTY_MEASURE_WITH_UNIT(LENGTH_MEASURE(0.01),#11160,
'DISTANCE_ACCURACY_VALUE',
'Maximum model space distance between geometric entities at asserted c
onnectivities');
#11102=UNCERTAINTY_MEASURE_WITH_UNIT(LENGTH_MEASURE(0.01),#11160,
'DISTANCE_ACCURACY_VALUE',
'Maximum model space distance between geometric entities at asserted c
onnectivities');
#11103=UNCERTAINTY_MEASURE_WITH_UNIT(LENGTH_MEASURE(0.01),#11160,
'DISTANCE_ACCURACY_VALUE',
'Maximum model space distance between geometric entities at asserted c
onnectivities');
#11104=UNCERTAINTY_MEASURE_WITH_UNIT(LENGTH_MEASURE(0.01),#11160,
'DISTANCE_ACCURACY_VALUE',
'Maximum model space distance between geometric entities at asserted c
onnectivities');
#11105=UNCERTAINTY_MEASURE_WITH_UNIT(LENGTH_MEASURE(0.01),#11160,
'DISTANCE_ACCURACY_VALUE',
'Maximum model space distance between geometric entities at asserted c
onnectivities');
#11106=UNCERTAINTY_MEASURE_WITH_UNIT(LENGTH_MEASURE(0.01),#11160,
'DISTANCE_ACCURACY_VALUE',
'Maximum model space distance between geometric entities at asserted c
onnectivities');
#11107=(
GEOMETRIC_REPRESENTATION_CONTEXT(3)
GLOBAL_UNCERTAINTY_ASSIGNED_CONTEXT((#11054))
GLOBAL_UNIT_ASSIGNED_CONTEXT((#11160,#11162,#11163))
REPRESENTATION_CONTEXT('','3D')
);
#11108=(
GEOMETRIC_REPRESENTATION_CONTEXT(3)
GLOBAL_UNCERTAINTY_ASSIGNED_CONTEXT((#11055))
GLOBAL_UNIT_ASSIGNED_CONTEXT((#11160,#11162,#11163))
REPRESENTATION_CONTEXT('','3D')
);
#11109=(
GEOMETRIC_REPRESENTATION_CONTEXT(3)
GLOBAL_UNCERTAINTY_ASSIGNED_CONTEXT((#11056))
GLOBAL_UNIT_ASSIGNED_CONTEXT((#11160,#11162,#11163))
REPRESENTATION_CONTEXT('','3D')
);
#11110=(
GEOMETRIC_REPRESENTATION_CONTEXT(3)
GLOBAL_UNCERTAINTY_ASSIGNED_CONTEXT((#11057))
GLOBAL_UNIT_ASSIGNED_CONTEXT((#11160,#11162,#11163))
REPRESENTATION_CONTEXT('','3D')
);
#11111=(
GEOMETRIC_REPRESENTATION_CONTEXT(3)
GLOBAL_UNCERTAINTY_ASSIGNED_CONTEXT((#11058))
GLOBAL_UNIT_ASSIGNED_CONTEXT((#11160,#11162,#11163))
REPRESENTATION_CONTEXT('','3D')
);
#11112=(
GEOMETRIC_REPRESENTATION_CONTEXT(3)
GLOBAL_UNCERTAINTY_ASSIGNED_CONTEXT((#11059))
GLOBAL_UNIT_ASSIGNED_CONTEXT((#11160,#11162,#11163))
REPRESENTATION_CONTEXT('','3D')
);
#11113=(
GEOMETRIC_REPRESENTATION_CONTEXT(3)
GLOBAL_UNCERTAINTY_ASSIGNED_CONTEXT((#11060))
GLOBAL_UNIT_ASSIGNED_CONTEXT((#11160,#11162,#11163))
REPRESENTATION_CONTEXT('','3D')
);
#11114=(
GEOMETRIC_REPRESENTATION_CONTEXT(3)
GLOBAL_UNCERTAINTY_ASSIGNED_CONTEXT((#11061))
GLOBAL_UNIT_ASSIGNED_CONTEXT((#11160,#11162,#11163))
REPRESENTATION_CONTEXT('','3D')
);
#11115=(
GEOMETRIC_REPRESENTATION_CONTEXT(3)
GLOBAL_UNCERTAINTY_ASSIGNED_CONTEXT((#11062))
GLOBAL_UNIT_ASSIGNED_CONTEXT((#11160,#11162,#11163))
REPRESENTATION_CONTEXT('','3D')
);
#11116=(
GEOMETRIC_REPRESENTATION_CONTEXT(3)
GLOBAL_UNCERTAINTY_ASSIGNED_CONTEXT((#11063))
GLOBAL_UNIT_ASSIGNED_CONTEXT((#11160,#11162,#11163))
REPRESENTATION_CONTEXT('','3D')
);
#11117=(
GEOMETRIC_REPRESENTATION_CONTEXT(3)
GLOBAL_UNCERTAINTY_ASSIGNED_CONTEXT((#11064))
GLOBAL_UNIT_ASSIGNED_CONTEXT((#11160,#11162,#11163))
REPRESENTATION_CONTEXT('','3D')
);
#11118=(
GEOMETRIC_REPRESENTATION_CONTEXT(3)
GLOBAL_UNCERTAINTY_ASSIGNED_CONTEXT((#11065))
GLOBAL_UNIT_ASSIGNED_CONTEXT((#11160,#11162,#11163))
REPRESENTATION_CONTEXT('','3D')
);
#11119=(
GEOMETRIC_REPRESENTATION_CONTEXT(3)
GLOBAL_UNCERTAINTY_ASSIGNED_CONTEXT((#11066))
GLOBAL_UNIT_ASSIGNED_CONTEXT((#11160,#11162,#11163))
REPRESENTATION_CONTEXT('','3D')
);
#11120=(
GEOMETRIC_REPRESENTATION_CONTEXT(3)
GLOBAL_UNCERTAINTY_ASSIGNED_CONTEXT((#11067))
GLOBAL_UNIT_ASSIGNED_CONTEXT((#11160,#11162,#11163))
REPRESENTATION_CONTEXT('','3D')
);
#11121=(
GEOMETRIC_REPRESENTATION_CONTEXT(3)
GLOBAL_UNCERTAINTY_ASSIGNED_CONTEXT((#11068))
GLOBAL_UNIT_ASSIGNED_CONTEXT((#11160,#11162,#11163))
REPRESENTATION_CONTEXT('','3D')
);
#11122=(
GEOMETRIC_REPRESENTATION_CONTEXT(3)
GLOBAL_UNCERTAINTY_ASSIGNED_CONTEXT((#11069))
GLOBAL_UNIT_ASSIGNED_CONTEXT((#11160,#11162,#11163))
REPRESENTATION_CONTEXT('','3D')
);
#11123=(
GEOMETRIC_REPRESENTATION_CONTEXT(3)
GLOBAL_UNCERTAINTY_ASSIGNED_CONTEXT((#11070))
GLOBAL_UNIT_ASSIGNED_CONTEXT((#11160,#11162,#11163))
REPRESENTATION_CONTEXT('','3D')
);
#11124=(
GEOMETRIC_REPRESENTATION_CONTEXT(3)
GLOBAL_UNCERTAINTY_ASSIGNED_CONTEXT((#11071))
GLOBAL_UNIT_ASSIGNED_CONTEXT((#11160,#11162,#11163))
REPRESENTATION_CONTEXT('','3D')
);
#11125=(
GEOMETRIC_REPRESENTATION_CONTEXT(3)
GLOBAL_UNCERTAINTY_ASSIGNED_CONTEXT((#11072))
GLOBAL_UNIT_ASSIGNED_CONTEXT((#11160,#11162,#11163))
REPRESENTATION_CONTEXT('','3D')
);
#11126=(
GEOMETRIC_REPRESENTATION_CONTEXT(3)
GLOBAL_UNCERTAINTY_ASSIGNED_CONTEXT((#11073))
GLOBAL_UNIT_ASSIGNED_CONTEXT((#11160,#11162,#11163))
REPRESENTATION_CONTEXT('','3D')
);
#11127=(
GEOMETRIC_REPRESENTATION_CONTEXT(3)
GLOBAL_UNCERTAINTY_ASSIGNED_CONTEXT((#11074))
GLOBAL_UNIT_ASSIGNED_CONTEXT((#11160,#11162,#11163))
REPRESENTATION_CONTEXT('','3D')
);
#11128=(
GEOMETRIC_REPRESENTATION_CONTEXT(3)
GLOBAL_UNCERTAINTY_ASSIGNED_CONTEXT((#11075))
GLOBAL_UNIT_ASSIGNED_CONTEXT((#11160,#11162,#11163))
REPRESENTATION_CONTEXT('','3D')
);
#11129=(
GEOMETRIC_REPRESENTATION_CONTEXT(3)
GLOBAL_UNCERTAINTY_ASSIGNED_CONTEXT((#11076))
GLOBAL_UNIT_ASSIGNED_CONTEXT((#11160,#11162,#11163))
REPRESENTATION_CONTEXT('','3D')
);
#11130=(
GEOMETRIC_REPRESENTATION_CONTEXT(3)
GLOBAL_UNCERTAINTY_ASSIGNED_CONTEXT((#11077))
GLOBAL_UNIT_ASSIGNED_CONTEXT((#11160,#11162,#11163))
REPRESENTATION_CONTEXT('','3D')
);
#11131=(
GEOMETRIC_REPRESENTATION_CONTEXT(3)
GLOBAL_UNCERTAINTY_ASSIGNED_CONTEXT((#11078))
GLOBAL_UNIT_ASSIGNED_CONTEXT((#11160,#11162,#11163))
REPRESENTATION_CONTEXT('','3D')
);
#11132=(
GEOMETRIC_REPRESENTATION_CONTEXT(3)
GLOBAL_UNCERTAINTY_ASSIGNED_CONTEXT((#11079))
GLOBAL_UNIT_ASSIGNED_CONTEXT((#11160,#11162,#11163))
REPRESENTATION_CONTEXT('','3D')
);
#11133=(
GEOMETRIC_REPRESENTATION_CONTEXT(3)
GLOBAL_UNCERTAINTY_ASSIGNED_CONTEXT((#11080))
GLOBAL_UNIT_ASSIGNED_CONTEXT((#11160,#11162,#11163))
REPRESENTATION_CONTEXT('','3D')
);
#11134=(
GEOMETRIC_REPRESENTATION_CONTEXT(3)
GLOBAL_UNCERTAINTY_ASSIGNED_CONTEXT((#11081))
GLOBAL_UNIT_ASSIGNED_CONTEXT((#11160,#11162,#11163))
REPRESENTATION_CONTEXT('','3D')
);
#11135=(
GEOMETRIC_REPRESENTATION_CONTEXT(3)
GLOBAL_UNCERTAINTY_ASSIGNED_CONTEXT((#11082))
GLOBAL_UNIT_ASSIGNED_CONTEXT((#11160,#11162,#11163))
REPRESENTATION_CONTEXT('','3D')
);
#11136=(
GEOMETRIC_REPRESENTATION_CONTEXT(3)
GLOBAL_UNCERTAINTY_ASSIGNED_CONTEXT((#11083))
GLOBAL_UNIT_ASSIGNED_CONTEXT((#11160,#11162,#11163))
REPRESENTATION_CONTEXT('','3D')
);
#11137=(
GEOMETRIC_REPRESENTATION_CONTEXT(3)
GLOBAL_UNCERTAINTY_ASSIGNED_CONTEXT((#11084))
GLOBAL_UNIT_ASSIGNED_CONTEXT((#11160,#11162,#11163))
REPRESENTATION_CONTEXT('','3D')
);
#11138=(
GEOMETRIC_REPRESENTATION_CONTEXT(3)
GLOBAL_UNCERTAINTY_ASSIGNED_CONTEXT((#11085))
GLOBAL_UNIT_ASSIGNED_CONTEXT((#11160,#11162,#11163))
REPRESENTATION_CONTEXT('','3D')
);
#11139=(
GEOMETRIC_REPRESENTATION_CONTEXT(3)
GLOBAL_UNCERTAINTY_ASSIGNED_CONTEXT((#11086))
GLOBAL_UNIT_ASSIGNED_CONTEXT((#11160,#11162,#11163))
REPRESENTATION_CONTEXT('','3D')
);
#11140=(
GEOMETRIC_REPRESENTATION_CONTEXT(3)
GLOBAL_UNCERTAINTY_ASSIGNED_CONTEXT((#11087))
GLOBAL_UNIT_ASSIGNED_CONTEXT((#11160,#11162,#11163))
REPRESENTATION_CONTEXT('','3D')
);
#11141=(
GEOMETRIC_REPRESENTATION_CONTEXT(3)
GLOBAL_UNCERTAINTY_ASSIGNED_CONTEXT((#11088))
GLOBAL_UNIT_ASSIGNED_CONTEXT((#11160,#11162,#11163))
REPRESENTATION_CONTEXT('','3D')
);
#11142=(
GEOMETRIC_REPRESENTATION_CONTEXT(3)
GLOBAL_UNCERTAINTY_ASSIGNED_CONTEXT((#11089))
GLOBAL_UNIT_ASSIGNED_CONTEXT((#11160,#11162,#11163))
REPRESENTATION_CONTEXT('','3D')
);
#11143=(
GEOMETRIC_REPRESENTATION_CONTEXT(3)
GLOBAL_UNCERTAINTY_ASSIGNED_CONTEXT((#11090))
GLOBAL_UNIT_ASSIGNED_CONTEXT((#11160,#11162,#11163))
REPRESENTATION_CONTEXT('','3D')
);
#11144=(
GEOMETRIC_REPRESENTATION_CONTEXT(3)
GLOBAL_UNCERTAINTY_ASSIGNED_CONTEXT((#11091))
GLOBAL_UNIT_ASSIGNED_CONTEXT((#11160,#11162,#11163))
REPRESENTATION_CONTEXT('','3D')
);
#11145=(
GEOMETRIC_REPRESENTATION_CONTEXT(3)
GLOBAL_UNCERTAINTY_ASSIGNED_CONTEXT((#11092))
GLOBAL_UNIT_ASSIGNED_CONTEXT((#11160,#11162,#11163))
REPRESENTATION_CONTEXT('','3D')
);
#11146=(
GEOMETRIC_REPRESENTATION_CONTEXT(3)
GLOBAL_UNCERTAINTY_ASSIGNED_CONTEXT((#11093))
GLOBAL_UNIT_ASSIGNED_CONTEXT((#11160,#11162,#11163))
REPRESENTATION_CONTEXT('','3D')
);
#11147=(
GEOMETRIC_REPRESENTATION_CONTEXT(3)
GLOBAL_UNCERTAINTY_ASSIGNED_CONTEXT((#11094))
GLOBAL_UNIT_ASSIGNED_CONTEXT((#11160,#11162,#11163))
REPRESENTATION_CONTEXT('','3D')
);
#11148=(
GEOMETRIC_REPRESENTATION_CONTEXT(3)
GLOBAL_UNCERTAINTY_ASSIGNED_CONTEXT((#11095))
GLOBAL_UNIT_ASSIGNED_CONTEXT((#11160,#11162,#11163))
REPRESENTATION_CONTEXT('','3D')
);
#11149=(
GEOMETRIC_REPRESENTATION_CONTEXT(3)
GLOBAL_UNCERTAINTY_ASSIGNED_CONTEXT((#11096))
GLOBAL_UNIT_ASSIGNED_CONTEXT((#11160,#11162,#11163))
REPRESENTATION_CONTEXT('','3D')
);
#11150=(
GEOMETRIC_REPRESENTATION_CONTEXT(3)
GLOBAL_UNCERTAINTY_ASSIGNED_CONTEXT((#11097))
GLOBAL_UNIT_ASSIGNED_CONTEXT((#11160,#11162,#11163))
REPRESENTATION_CONTEXT('','3D')
);
#11151=(
GEOMETRIC_REPRESENTATION_CONTEXT(3)
GLOBAL_UNCERTAINTY_ASSIGNED_CONTEXT((#11098))
GLOBAL_UNIT_ASSIGNED_CONTEXT((#11160,#11162,#11163))
REPRESENTATION_CONTEXT('','3D')
);
#11152=(
GEOMETRIC_REPRESENTATION_CONTEXT(3)
GLOBAL_UNCERTAINTY_ASSIGNED_CONTEXT((#11099))
GLOBAL_UNIT_ASSIGNED_CONTEXT((#11160,#11162,#11163))
REPRESENTATION_CONTEXT('','3D')
);
#11153=(
GEOMETRIC_REPRESENTATION_CONTEXT(3)
GLOBAL_UNCERTAINTY_ASSIGNED_CONTEXT((#11100))
GLOBAL_UNIT_ASSIGNED_CONTEXT((#11160,#11162,#11163))
REPRESENTATION_CONTEXT('','3D')
);
#11154=(
GEOMETRIC_REPRESENTATION_CONTEXT(3)
GLOBAL_UNCERTAINTY_ASSIGNED_CONTEXT((#11101))
GLOBAL_UNIT_ASSIGNED_CONTEXT((#11160,#11162,#11163))
REPRESENTATION_CONTEXT('','3D')
);
#11155=(
GEOMETRIC_REPRESENTATION_CONTEXT(3)
GLOBAL_UNCERTAINTY_ASSIGNED_CONTEXT((#11102))
GLOBAL_UNIT_ASSIGNED_CONTEXT((#11160,#11162,#11163))
REPRESENTATION_CONTEXT('','3D')
);
#11156=(
GEOMETRIC_REPRESENTATION_CONTEXT(3)
GLOBAL_UNCERTAINTY_ASSIGNED_CONTEXT((#11103))
GLOBAL_UNIT_ASSIGNED_CONTEXT((#11160,#11162,#11163))
REPRESENTATION_CONTEXT('','3D')
);
#11157=(
GEOMETRIC_REPRESENTATION_CONTEXT(3)
GLOBAL_UNCERTAINTY_ASSIGNED_CONTEXT((#11104))
GLOBAL_UNIT_ASSIGNED_CONTEXT((#11160,#11162,#11163))
REPRESENTATION_CONTEXT('','3D')
);
#11158=(
GEOMETRIC_REPRESENTATION_CONTEXT(3)
GLOBAL_UNCERTAINTY_ASSIGNED_CONTEXT((#11105))
GLOBAL_UNIT_ASSIGNED_CONTEXT((#11160,#11162,#11163))
REPRESENTATION_CONTEXT('','3D')
);
#11159=(
GEOMETRIC_REPRESENTATION_CONTEXT(3)
GLOBAL_UNCERTAINTY_ASSIGNED_CONTEXT((#11106))
GLOBAL_UNIT_ASSIGNED_CONTEXT((#11160,#11162,#11163))
REPRESENTATION_CONTEXT('','3D')
);
#11160=(
LENGTH_UNIT()
NAMED_UNIT(*)
SI_UNIT(.MILLI.,.METRE.)
);
#11161=(
LENGTH_UNIT()
NAMED_UNIT(*)
SI_UNIT($,.METRE.)
);
#11162=(
NAMED_UNIT(*)
PLANE_ANGLE_UNIT()
SI_UNIT($,.RADIAN.)
);
#11163=(
NAMED_UNIT(*)
SI_UNIT($,.STERADIAN.)
SOLID_ANGLE_UNIT()
);
#11164=SHAPE_DEFINITION_REPRESENTATION(#11216,#11324);
#11165=SHAPE_DEFINITION_REPRESENTATION(#11217,#11325);
#11166=SHAPE_DEFINITION_REPRESENTATION(#11218,#11326);
#11167=SHAPE_DEFINITION_REPRESENTATION(#11219,#11327);
#11168=SHAPE_DEFINITION_REPRESENTATION(#11220,#11328);
#11169=SHAPE_DEFINITION_REPRESENTATION(#11221,#11329);
#11170=SHAPE_DEFINITION_REPRESENTATION(#11222,#11330);
#11171=SHAPE_DEFINITION_REPRESENTATION(#11223,#11331);
#11172=SHAPE_DEFINITION_REPRESENTATION(#11224,#11332);
#11173=SHAPE_DEFINITION_REPRESENTATION(#11225,#11333);
#11174=SHAPE_DEFINITION_REPRESENTATION(#11238,#11334);
#11175=SHAPE_DEFINITION_REPRESENTATION(#11239,#11335);
#11176=SHAPE_DEFINITION_REPRESENTATION(#11240,#11336);
#11177=SHAPE_DEFINITION_REPRESENTATION(#11243,#11337);
#11178=SHAPE_DEFINITION_REPRESENTATION(#11244,#11338);
#11179=SHAPE_DEFINITION_REPRESENTATION(#11245,#11339);
#11180=SHAPE_DEFINITION_REPRESENTATION(#11246,#11340);
#11181=SHAPE_DEFINITION_REPRESENTATION(#11247,#11341);
#11182=SHAPE_DEFINITION_REPRESENTATION(#11248,#11342);
#11183=SHAPE_DEFINITION_REPRESENTATION(#11255,#11343);
#11184=SHAPE_DEFINITION_REPRESENTATION(#11256,#11344);
#11185=SHAPE_DEFINITION_REPRESENTATION(#11257,#11345);
#11186=SHAPE_DEFINITION_REPRESENTATION(#11260,#11346);
#11187=SHAPE_DEFINITION_REPRESENTATION(#11261,#11347);
#11188=SHAPE_DEFINITION_REPRESENTATION(#11262,#11348);
#11189=SHAPE_DEFINITION_REPRESENTATION(#11265,#11349);
#11190=SHAPE_DEFINITION_REPRESENTATION(#11266,#11350);
#11191=SHAPE_DEFINITION_REPRESENTATION(#11267,#11351);
#11192=SHAPE_DEFINITION_REPRESENTATION(#11268,#11352);
#11193=SHAPE_DEFINITION_REPRESENTATION(#11269,#11353);
#11194=SHAPE_DEFINITION_REPRESENTATION(#11274,#11354);
#11195=SHAPE_DEFINITION_REPRESENTATION(#11275,#11355);
#11196=SHAPE_DEFINITION_REPRESENTATION(#11276,#11356);
#11197=SHAPE_DEFINITION_REPRESENTATION(#11277,#11357);
#11198=SHAPE_DEFINITION_REPRESENTATION(#11278,#11358);
#11199=SHAPE_DEFINITION_REPRESENTATION(#11283,#11359);
#11200=SHAPE_DEFINITION_REPRESENTATION(#11284,#11360);
#11201=SHAPE_DEFINITION_REPRESENTATION(#11285,#11361);
#11202=SHAPE_DEFINITION_REPRESENTATION(#11286,#11362);
#11203=SHAPE_DEFINITION_REPRESENTATION(#11287,#11363);
#11204=SHAPE_DEFINITION_REPRESENTATION(#11288,#11364);
#11205=SHAPE_DEFINITION_REPRESENTATION(#11289,#11365);
#11206=SHAPE_DEFINITION_REPRESENTATION(#11296,#11366);
#11207=SHAPE_DEFINITION_REPRESENTATION(#11297,#11367);
#11208=SHAPE_DEFINITION_REPRESENTATION(#11298,#11368);
#11209=SHAPE_DEFINITION_REPRESENTATION(#11299,#11369);
#11210=SHAPE_DEFINITION_REPRESENTATION(#11300,#11370);
#11211=SHAPE_DEFINITION_REPRESENTATION(#11305,#11371);
#11212=SHAPE_DEFINITION_REPRESENTATION(#11306,#11372);
#11213=SHAPE_DEFINITION_REPRESENTATION(#11307,#11373);
#11214=SHAPE_DEFINITION_REPRESENTATION(#11308,#11374);
#11215=SHAPE_DEFINITION_REPRESENTATION(#11309,#11375);
#11216=PRODUCT_DEFINITION_SHAPE('',$,#11377);
#11217=PRODUCT_DEFINITION_SHAPE('',$,#11378);
#11218=PRODUCT_DEFINITION_SHAPE('',$,#11379);
#11219=PRODUCT_DEFINITION_SHAPE('',$,#11380);
#11220=PRODUCT_DEFINITION_SHAPE('',$,#11381);
#11221=PRODUCT_DEFINITION_SHAPE('',$,#11382);
#11222=PRODUCT_DEFINITION_SHAPE('',$,#11383);
#11223=PRODUCT_DEFINITION_SHAPE('',$,#11384);
#11224=PRODUCT_DEFINITION_SHAPE('',$,#11385);
#11225=PRODUCT_DEFINITION_SHAPE('',$,#11386);
#11226=PRODUCT_DEFINITION_SHAPE($,$,#179);
#11227=PRODUCT_DEFINITION_SHAPE($,$,#180);
#11228=PRODUCT_DEFINITION_SHAPE($,$,#181);
#11229=PRODUCT_DEFINITION_SHAPE($,$,#182);
#11230=PRODUCT_DEFINITION_SHAPE($,$,#183);
#11231=PRODUCT_DEFINITION_SHAPE($,$,#184);
#11232=PRODUCT_DEFINITION_SHAPE($,$,#185);
#11233=PRODUCT_DEFINITION_SHAPE($,$,#186);
#11234=PRODUCT_DEFINITION_SHAPE($,$,#187);
#11235=PRODUCT_DEFINITION_SHAPE($,$,#188);
#11236=PRODUCT_DEFINITION_SHAPE($,$,#189);
#11237=PRODUCT_DEFINITION_SHAPE($,$,#190);
#11238=PRODUCT_DEFINITION_SHAPE('',$,#11387);
#11239=PRODUCT_DEFINITION_SHAPE('',$,#11388);
#11240=PRODUCT_DEFINITION_SHAPE('',$,#11389);
#11241=PRODUCT_DEFINITION_SHAPE($,$,#191);
#11242=PRODUCT_DEFINITION_SHAPE($,$,#192);
#11243=PRODUCT_DEFINITION_SHAPE('',$,#11390);
#11244=PRODUCT_DEFINITION_SHAPE('',$,#11391);
#11245=PRODUCT_DEFINITION_SHAPE('',$,#11392);
#11246=PRODUCT_DEFINITION_SHAPE('',$,#11393);
#11247=PRODUCT_DEFINITION_SHAPE('',$,#11394);
#11248=PRODUCT_DEFINITION_SHAPE('',$,#11395);
#11249=PRODUCT_DEFINITION_SHAPE($,$,#193);
#11250=PRODUCT_DEFINITION_SHAPE($,$,#194);
#11251=PRODUCT_DEFINITION_SHAPE($,$,#195);
#11252=PRODUCT_DEFINITION_SHAPE($,$,#196);
#11253=PRODUCT_DEFINITION_SHAPE($,$,#197);
#11254=PRODUCT_DEFINITION_SHAPE($,$,#198);
#11255=PRODUCT_DEFINITION_SHAPE('',$,#11396);
#11256=PRODUCT_DEFINITION_SHAPE('',$,#11397);
#11257=PRODUCT_DEFINITION_SHAPE('',$,#11398);
#11258=PRODUCT_DEFINITION_SHAPE($,$,#199);
#11259=PRODUCT_DEFINITION_SHAPE($,$,#200);
#11260=PRODUCT_DEFINITION_SHAPE('',$,#11399);
#11261=PRODUCT_DEFINITION_SHAPE('',$,#11400);
#11262=PRODUCT_DEFINITION_SHAPE('',$,#11401);
#11263=PRODUCT_DEFINITION_SHAPE($,$,#201);
#11264=PRODUCT_DEFINITION_SHAPE($,$,#202);
#11265=PRODUCT_DEFINITION_SHAPE('',$,#11402);
#11266=PRODUCT_DEFINITION_SHAPE('',$,#11403);
#11267=PRODUCT_DEFINITION_SHAPE('',$,#11404);
#11268=PRODUCT_DEFINITION_SHAPE('',$,#11405);
#11269=PRODUCT_DEFINITION_SHAPE('',$,#11406);
#11270=PRODUCT_DEFINITION_SHAPE($,$,#203);
#11271=PRODUCT_DEFINITION_SHAPE($,$,#204);
#11272=PRODUCT_DEFINITION_SHAPE($,$,#205);
#11273=PRODUCT_DEFINITION_SHAPE($,$,#206);
#11274=PRODUCT_DEFINITION_SHAPE('',$,#11407);
#11275=PRODUCT_DEFINITION_SHAPE('',$,#11408);
#11276=PRODUCT_DEFINITION_SHAPE('',$,#11409);
#11277=PRODUCT_DEFINITION_SHAPE('',$,#11410);
#11278=PRODUCT_DEFINITION_SHAPE('',$,#11411);
#11279=PRODUCT_DEFINITION_SHAPE($,$,#207);
#11280=PRODUCT_DEFINITION_SHAPE($,$,#208);
#11281=PRODUCT_DEFINITION_SHAPE($,$,#209);
#11282=PRODUCT_DEFINITION_SHAPE($,$,#210);
#11283=PRODUCT_DEFINITION_SHAPE('',$,#11412);
#11284=PRODUCT_DEFINITION_SHAPE('',$,#11413);
#11285=PRODUCT_DEFINITION_SHAPE('',$,#11414);
#11286=PRODUCT_DEFINITION_SHAPE('',$,#11415);
#11287=PRODUCT_DEFINITION_SHAPE('',$,#11416);
#11288=PRODUCT_DEFINITION_SHAPE('',$,#11417);
#11289=PRODUCT_DEFINITION_SHAPE('',$,#11418);
#11290=PRODUCT_DEFINITION_SHAPE($,$,#211);
#11291=PRODUCT_DEFINITION_SHAPE($,$,#212);
#11292=PRODUCT_DEFINITION_SHAPE($,$,#213);
#11293=PRODUCT_DEFINITION_SHAPE($,$,#214);
#11294=PRODUCT_DEFINITION_SHAPE($,$,#215);
#11295=PRODUCT_DEFINITION_SHAPE($,$,#216);
#11296=PRODUCT_DEFINITION_SHAPE('',$,#11419);
#11297=PRODUCT_DEFINITION_SHAPE('',$,#11420);
#11298=PRODUCT_DEFINITION_SHAPE('',$,#11421);
#11299=PRODUCT_DEFINITION_SHAPE('',$,#11422);
#11300=PRODUCT_DEFINITION_SHAPE('',$,#11423);
#11301=PRODUCT_DEFINITION_SHAPE($,$,#217);
#11302=PRODUCT_DEFINITION_SHAPE($,$,#218);
#11303=PRODUCT_DEFINITION_SHAPE($,$,#219);
#11304=PRODUCT_DEFINITION_SHAPE($,$,#220);
#11305=PRODUCT_DEFINITION_SHAPE('',$,#11424);
#11306=PRODUCT_DEFINITION_SHAPE('',$,#11425);
#11307=PRODUCT_DEFINITION_SHAPE('',$,#11426);
#11308=PRODUCT_DEFINITION_SHAPE('',$,#11427);
#11309=PRODUCT_DEFINITION_SHAPE('',$,#11428);
#11310=PRODUCT_DEFINITION_SHAPE($,$,#221);
#11311=PRODUCT_DEFINITION_SHAPE($,$,#222);
#11312=PRODUCT_DEFINITION_SHAPE($,$,#223);
#11313=PRODUCT_DEFINITION_SHAPE($,$,#224);
#11314=PRODUCT_DEFINITION_SHAPE($,$,#225);
#11315=PRODUCT_DEFINITION_SHAPE($,$,#226);
#11316=PRODUCT_DEFINITION_SHAPE($,$,#227);
#11317=PRODUCT_DEFINITION_SHAPE($,$,#228);
#11318=PRODUCT_DEFINITION_SHAPE($,$,#229);
#11319=PRODUCT_DEFINITION_SHAPE($,$,#230);
#11320=PRODUCT_DEFINITION_SHAPE($,$,#231);
#11321=PRODUCT_DEFINITION_SHAPE($,$,#232);
#11322=PRODUCT_DEFINITION_SHAPE($,$,#233);
#11323=PRODUCT_DEFINITION_SHAPE($,$,#234);
#11324=SHAPE_REPRESENTATION('',(#6858,#7394,#7395,#7396,#7397,#7398,#7399,
#7400,#7401,#7402,#7403),#11107);
#11325=SHAPE_REPRESENTATION('',(#6859,#7092,#7093,#7094,#7095,#7096,#7097,
#7098,#7099,#7100,#7101,#7102,#7103),#11108);
#11326=SHAPE_REPRESENTATION('',(#6860),#11109);
#11327=SHAPE_REPRESENTATION('',(#6891),#11110);
#11328=SHAPE_REPRESENTATION('',(#6914),#11111);
#11329=SHAPE_REPRESENTATION('',(#6944),#11112);
#11330=SHAPE_REPRESENTATION('',(#6976),#11113);
#11331=SHAPE_REPRESENTATION('',(#6999),#11114);
#11332=SHAPE_REPRESENTATION('',(#7030),#11115);
#11333=SHAPE_REPRESENTATION('',(#7061),#11116);
#11334=SHAPE_REPRESENTATION('',(#7104,#7127,#7128),#11117);
#11335=SHAPE_REPRESENTATION('',(#7105),#11118);
#11336=SHAPE_REPRESENTATION('',(#7116),#11119);
#11337=SHAPE_REPRESENTATION('',(#7129,#7165,#7166,#7167,#7168,#7169,#7170),
#11120);
#11338=SHAPE_REPRESENTATION('',(#7130),#11121);
#11339=SHAPE_REPRESENTATION('',(#7137),#11122);
#11340=SHAPE_REPRESENTATION('',(#7144),#11123);
#11341=SHAPE_REPRESENTATION('',(#7151),#11124);
#11342=SHAPE_REPRESENTATION('',(#7158),#11125);
#11343=SHAPE_REPRESENTATION('',(#7171,#7186,#7187),#11126);
#11344=SHAPE_REPRESENTATION('',(#7172),#11127);
#11345=SHAPE_REPRESENTATION('',(#7179),#11128);
#11346=SHAPE_REPRESENTATION('',(#7188,#7211,#7212),#11129);
#11347=SHAPE_REPRESENTATION('',(#7189),#11130);
#11348=SHAPE_REPRESENTATION('',(#7200),#11131);
#11349=SHAPE_REPRESENTATION('',(#7213,#7242,#7243,#7244,#7245),#11132);
#11350=SHAPE_REPRESENTATION('',(#7214),#11133);
#11351=SHAPE_REPRESENTATION('',(#7221),#11134);
#11352=SHAPE_REPRESENTATION('',(#7228),#11135);
#11353=SHAPE_REPRESENTATION('',(#7235),#11136);
#11354=SHAPE_REPRESENTATION('',(#7246,#7275,#7276,#7277,#7278),#11137);
#11355=SHAPE_REPRESENTATION('',(#7247),#11138);
#11356=SHAPE_REPRESENTATION('',(#7254),#11139);
#11357=SHAPE_REPRESENTATION('',(#7261),#11140);
#11358=SHAPE_REPRESENTATION('',(#7268),#11141);
#11359=SHAPE_REPRESENTATION('',(#7279,#7322,#7323,#7324,#7325,#7326,#7327),
#11142);
#11360=SHAPE_REPRESENTATION('',(#7280),#11143);
#11361=SHAPE_REPRESENTATION('',(#7287),#11144);
#11362=SHAPE_REPRESENTATION('',(#7294),#11145);
#11363=SHAPE_REPRESENTATION('',(#7301),#11146);
#11364=SHAPE_REPRESENTATION('',(#7308),#11147);
#11365=SHAPE_REPRESENTATION('',(#7315),#11148);
#11366=SHAPE_REPRESENTATION('',(#7328,#7357,#7358,#7359,#7360),#11149);
#11367=SHAPE_REPRESENTATION('',(#7329),#11150);
#11368=SHAPE_REPRESENTATION('',(#7336),#11151);
#11369=SHAPE_REPRESENTATION('',(#7343),#11152);
#11370=SHAPE_REPRESENTATION('',(#7350),#11153);
#11371=SHAPE_REPRESENTATION('',(#7361,#7390,#7391,#7392,#7393),#11154);
#11372=SHAPE_REPRESENTATION('',(#7362),#11155);
#11373=SHAPE_REPRESENTATION('',(#7369),#11156);
#11374=SHAPE_REPRESENTATION('',(#7376),#11157);
#11375=SHAPE_REPRESENTATION('',(#7383),#11158);
#11376=PRODUCT_DEFINITION_CONTEXT('part definition',#11534,'design');
#11377=PRODUCT_DEFINITION('CABIN','CABIN v4',#11429,#11376);
#11378=PRODUCT_DEFINITION('\X2\041A04300440043A04300441\X0\',
'\X2\041A04300440043A04300441\X0\',#11430,#11376);
#11379=PRODUCT_DEFINITION('\X2\04230433043E043B043E043A\X0\ 20\X2\0445\X0\9
0\X2\0445\X0\90\X2\0445\X0\20\X2\0445\X0\3',
'\X2\04230433043E043B043E043A\X0\ 20\X2\0445\X0\90\X2\0445\X0\90\X2\0445\X0\2
0\X2\0445\X0\3',#11431,#11376);
#11380=PRODUCT_DEFINITION('\X2\042804320435043B043B04350440\X0\ 2400',
'\X2\042804320435043B043B04350440\X0\ 2400',#11432,#11376);
#11381=PRODUCT_DEFINITION('\X2\042804320435043B043B04350440\X0\ 6000',
'\X2\042804320435043B043B04350440\X0\ 6000',#11433,#11376);
#11382=PRODUCT_DEFINITION('\X2\042804320435043B043B04350440\X0\ 6000(M
irror)','\X2\042804320435043B043B04350440\X0\ 6000(Mirror)',#11434,#11376);
#11383=PRODUCT_DEFINITION('\X2\042804320435043B043B04350440\X0\ 2400(M
irror)','\X2\042804320435043B043B04350440\X0\ 2400(Mirror)',#11435,#11376);
#11384=PRODUCT_DEFINITION('\X2\04230433043E043B043E043A\X0\ 20\X2\0445\X0\9
0\X2\0445\X0\90\X2\0445\X0\20\X2\0445\X0\3(Mirror)',
'\X2\04230433043E043B043E043A\X0\ 20\X2\0445\X0\90\X2\0445\X0\90\X2\0445\X0\2
0\X2\0445\X0\3(Mirror)',#11436,#11376);
#11385=PRODUCT_DEFINITION('\X2\04230433043E043B043E043A\X0\ 20\X2\0445\X0\9
0\X2\0445\X0\90\X2\0445\X0\20\X2\0445\X0\3(Mirror) (1)',
'\X2\04230433043E043B043E043A\X0\ 20\X2\0445\X0\90\X2\0445\X0\90\X2\0445\X0\2
0\X2\0445\X0\3(Mirror) (1)',#11437,#11376);
#11386=PRODUCT_DEFINITION(
'\X2\04230433043E043B043E043A\X0\ 20\X2\0445\X0\90\X2\0445\X0\90\X2\0445\X0\2
0\X2\0445\X0\3(Mirror)(Mirror)',
'\X2\04230433043E043B043E043A\X0\ 20\X2\0445\X0\90\X2\0445\X0\90\X2\0445\X0\2
0\X2\0445\X0\3(Mirror)(Mirror)',#11438,#11376);
#11387=PRODUCT_DEFINITION('\X2\041E043104400435044804350442043A0430\X0\ 
\X2\0434043D0430\X0\','\X2\041E043104400435044804350442043A0430\X0\ \X2\0434043D0430\X0\',
#11439,#11376);
#11388=PRODUCT_DEFINITION('\X2\0414043E0441043A0430\X0\ 50\X2\0445\X0\1
00\X2\0445\X0\2390','\X2\0414043E0441043A0430\X0\ 50\X2\0445\X0\100\X2\0445\X0\2
390',#11440,#11376);
#11389=PRODUCT_DEFINITION('\X2\0414043E0441043A0430\X0\ 50\X2\0445\X0\1
00\X2\0445\X0\2390(Mirror) (2)','\X2\0414043E0441043A0430\X0\ 50\X2\0445\X0\1
00\X2\0445\X0\2390(Mirror) (2)',#11441,#11376);
#11390=PRODUCT_DEFINITION('\X2\042704350440043D044B0439\X0\ \X2\043F043E043B\X0\',
'\X2\042704350440043D044B0439\X0\ \X2\043F043E043B\X0\',#11442,#11376);
#11391=PRODUCT_DEFINITION('\X2\0414043E0441043A0430\X0\ 25\X2\0445\X0\1
00\X2\0445\X0\5930(Mirror) (2)','\X2\0414043E0441043A0430\X0\ 25\X2\0445\X0\1
00\X2\0445\X0\5930(Mirror) (2)',#11443,#11376);
#11392=PRODUCT_DEFINITION('\X2\0414043E0441043A0430\X0\ 25\X2\0445\X0\1
00\X2\0445\X0\5930','\X2\0414043E0441043A0430\X0\ 25\X2\0445\X0\100\X2\0445\X0\5
930',#11444,#11376);
#11393=PRODUCT_DEFINITION('\X2\0414043E0441043A0430\X0\ 25\X2\0445\X0\1
00\X2\0445\X0\5930(Mirror) (3)','\X2\0414043E0441043A0430\X0\ 25\X2\0445\X0\1
00\X2\0445\X0\5930(Mirror) (3)',#11445,#11376);
#11394=PRODUCT_DEFINITION('\X2\0414043E0441043A0430\X0\ 25\X2\0445\X0\1
00\X2\0445\X0\5930(Mirror) (4)','\X2\0414043E0441043A0430\X0\ 25\X2\0445\X0\1
00\X2\0445\X0\5930(Mirror) (4)',#11446,#11376);
#11395=PRODUCT_DEFINITION(
'\X2\0414043E0441043A0430\X0\ 25\X2\0445\X0\100\X2\0445\X0\5930(Mirror
) (3)(Mirror)','\X2\0414043E0441043A0430\X0\ 25\X2\0445\X0\100\X2\0445\X0\5
930(Mirror) (3)(Mirror)',#11447,#11376);
#11396=PRODUCT_DEFINITION('\X2\042704350440043D044B0439\X0\ \X2\043F043E0442043E043B043E043A\X0\',
'\X2\042704350440043D044B0439\X0\ \X2\043F043E0442043E043B043E043A\X0\',
#11448,#11376);
#11397=PRODUCT_DEFINITION('\X2\0414043E0441043A0430\X0\ 25\X2\0445\X0\1
00\X2\0445\X0\5930(Mirror) (1)','\X2\0414043E0441043A0430\X0\ 25\X2\0445\X0\1
00\X2\0445\X0\5930(Mirror) (1)',#11449,#11376);
#11398=PRODUCT_DEFINITION(
'\X2\0414043E0441043A0430\X0\ 25\X2\0445\X0\100\X2\0445\X0\5930(Mirror
) (1)(Mirror)','\X2\0414043E0441043A0430\X0\ 25\X2\0445\X0\100\X2\0445\X0\5
930(Mirror) (1)(Mirror)',#11450,#11376);
#11399=PRODUCT_DEFINITION('\X2\041E043104400435044804350442043A0430\X0\ 
\X2\043F043E0442043E043B043E043A\X0\',
'\X2\041E043104400435044804350442043A0430\X0\ \X2\043F043E0442043E043B043E043A\X0\',
#11451,#11376);
#11400=PRODUCT_DEFINITION('\X2\0414043E0441043A0430\X0\ 50\X2\0445\X0\1
00\X2\0445\X0\2390(Mirror) (3)','\X2\0414043E0441043A0430\X0\ 50\X2\0445\X0\1
00\X2\0445\X0\2390(Mirror) (3)',#11452,#11376);
#11401=PRODUCT_DEFINITION(
'\X2\0414043E0441043A0430\X0\ 50\X2\0445\X0\100\X2\0445\X0\2390(Mirror
) (2)(Mirror)','\X2\0414043E0441043A0430\X0\ 50\X2\0445\X0\100\X2\0445\X0\2
390(Mirror) (2)(Mirror)',#11453,#11376);
#11402=PRODUCT_DEFINITION('\X2\0422043E04400446043504320430044F\X0\ \X2\043E0431044004350448043E0442043A0430\X0\',
'\X2\0422043E04400446043504320430044F\X0\ \X2\043E0431044004350448043E0442043A0430\X0\',
#11454,#11376);
#11403=PRODUCT_DEFINITION('\X2\0414043E0441043A0430\X0\ 25\X2\0445\X0\1
00\X2\0445\X0\2300','\X2\0414043E0441043A0430\X0\ 25\X2\0445\X0\100\X2\0445\X0\2
300',#11455,#11376);
#11404=PRODUCT_DEFINITION(
'\X2\0414043E0441043A0430\X0\ \X2\04320435044004420438043A0430043B044C043D0430044F\X0\ 
40\X2\0445\X0\100\X2\0445\X0\2090',
'\X2\0414043E0441043A0430\X0\ \X2\04320435044004420438043A0430043B044C043D0430044F\X0\ 
40\X2\0445\X0\100\X2\0445\X0\2090',#11456,#11376);
#11405=PRODUCT_DEFINITION('\X2\0414043E0441043A0430\X0\ 25\X2\0445\X0\1
00\X2\0445\X0\2300(Mirror)','\X2\0414043E0441043A0430\X0\ 25\X2\0445\X0\1
00\X2\0445\X0\2300(Mirror)',#11457,#11376);
#11406=PRODUCT_DEFINITION(
'\X2\0414043E0441043A0430\X0\ \X2\04320435044004420438043A0430043B044C043D0430044F\X0\ 
40\X2\0445\X0\100\X2\0445\X0\2090(Mirror)',
'\X2\0414043E0441043A0430\X0\ \X2\04320435044004420438043A0430043B044C043D0430044F\X0\ 
40\X2\0445\X0\100\X2\0445\X0\2090(Mirror)',#11458,#11376);
#11407=PRODUCT_DEFINITION('\X2\0411043E043A043E04320430044F\X0\ \X2\043E0431044004350448043E0442043A0430\X0\',
'\X2\0411043E043A043E04320430044F\X0\ \X2\043E0431044004350448043E0442043A0430\X0\',
#11459,#11376);
#11408=PRODUCT_DEFINITION(
'\X2\0411043E043A043E04320430044F\X0\ \X2\0432043504420440043804420438043A0430043B044C043D0430044F\X0\ 
\X2\0434043E0441043A0430\X0\',
'\X2\0411043E043A043E04320430044F\X0\ \X2\0432043504420440043804420438043A0430043B044C043D0430044F\X0\ 
\X2\0434043E0441043A0430\X0\',#11460,#11376);
#11409=PRODUCT_DEFINITION(
'\X2\0431043E043A043E04320430044F\X0\ \X2\0433043E044004380437043E043D04420430043B044C043D0430044F\X0\ 
\X2\0434043E0441043A0430\X0\',
'\X2\0431043E043A043E04320430044F\X0\ \X2\0433043E044004380437043E043D04420430043B044C043D0430044F\X0\ 
\X2\0434043E0441043A0430\X0\',#11461,#11376);
#11410=PRODUCT_DEFINITION(
'\X2\0431043E043A043E04320430044F\X0\ \X2\0433043E044004380437043E043D04420430043B044C043D0430044F\X0\ 
\X2\0434043E0441043A0430\X0\(Mirror)',
'\X2\0431043E043A043E04320430044F\X0\ \X2\0433043E044004380437043E043D04420430043B044C043D0430044F\X0\ 
\X2\0434043E0441043A0430\X0\(Mirror)',#11462,#11376);
#11411=PRODUCT_DEFINITION(
'\X2\0411043E043A043E04320430044F\X0\ \X2\0432043504420440043804420438043A0430043B044C043D0430044F\X0\ 
\X2\0434043E0441043A0430\X0\(Mirror)',
'\X2\0411043E043A043E04320430044F\X0\ \X2\0432043504420440043804420438043A0430043B044C043D0430044F\X0\ 
\X2\0434043E0441043A0430\X0\(Mirror)',#11463,#11376);
#11412=PRODUCT_DEFINITION('\X2\0417043E043D044B\X0\ \X2\043C043004420435044004380430043B043E0432\X0\',
'\X2\0417043E043D044B\X0\ \X2\043C043004420435044004380430043B043E0432\X0\',
#11464,#11376);
#11413=PRODUCT_DEFINITION('\X2\0417043E043D0430\X0\ \X2\043F043E043B0430\X0\',
'\X2\0417043E043D0430\X0\ \X2\043F043E043B0430\X0\',#11465,#11376);
#11414=PRODUCT_DEFINITION('\X2\0417043E043D0430\X0\ \X2\0431043E043A043E0432043E0439\X0\ 
\X2\044104420435043D044B\X0\ 1','\X2\0417043E043D0430\X0\ \X2\0431043E043A043E0432043E0439\X0\ 
\X2\044104420435043D044B\X0\ 1',#11466,#11376);
#11415=PRODUCT_DEFINITION('\X2\0417043E043D0430\X0\ \X2\0442043E0440044604350432043E0439\X0\ 
\X2\044104420435043D044B\X0\ 1',
'\X2\0417043E043D0430\X0\ \X2\0442043E0440044604350432043E0439\X0\ \X2\044104420435043D044B\X0\ 
1',#11467,#11376);
#11416=PRODUCT_DEFINITION('\X2\0417043E043D0430\X0\ \X2\043F043E0442043E043B043A0430\X0\',
'\X2\0417043E043D0430\X0\ \X2\043F043E0442043E043B043A0430\X0\',#11468,
#11376);
#11417=PRODUCT_DEFINITION('\X2\0417043E043D0430\X0\ \X2\0431043E043A043E0432043E0439\X0\ 
\X2\044104420435043D044B\X0\ 2','\X2\0417043E043D0430\X0\ \X2\0431043E043A043E0432043E0439\X0\ 
\X2\044104420435043D044B\X0\ 2',#11469,#11376);
#11418=PRODUCT_DEFINITION('\X2\0417043E043D0430\X0\ \X2\0442043E0440044604350432043E0439\X0\ 
\X2\044104420435043D044B\X0\ 2',
'\X2\0417043E043D0430\X0\ \X2\0442043E0440044604350432043E0439\X0\ \X2\044104420435043D044B\X0\ 
2',#11470,#11376);
#11419=PRODUCT_DEFINITION('\X2\0411043E043A043E04320430044F\X0\ \X2\043E0431044004350448043E0442043A0430\X0\(
Mirror)','\X2\0411043E043A043E04320430044F\X0\ \X2\043E0431044004350448043E0442043A0430\X0\(
Mirror)',#11471,#11376);
#11420=PRODUCT_DEFINITION(
'\X2\0411043E043A043E04320430044F\X0\ \X2\0432043504420440043804420438043A0430043B044C043D0430044F\X0\ 
\X2\0434043E0441043A0430\X0\(Mirror) (1)',
'\X2\0411043E043A043E04320430044F\X0\ \X2\0432043504420440043804420438043A0430043B044C043D0430044F\X0\ 
\X2\0434043E0441043A0430\X0\(Mirror) (1)',#11472,#11376);
#11421=PRODUCT_DEFINITION(
'\X2\0431043E043A043E04320430044F\X0\ \X2\0433043E044004380437043E043D04420430043B044C043D0430044F\X0\ 
\X2\0434043E0441043A0430\X0\(Mirror) (1)',
'\X2\0431043E043A043E04320430044F\X0\ \X2\0433043E044004380437043E043D04420430043B044C043D0430044F\X0\ 
\X2\0434043E0441043A0430\X0\(Mirror) (1)',#11473,#11376);
#11422=PRODUCT_DEFINITION(
'\X2\0431043E043A043E04320430044F\X0\ \X2\0433043E044004380437043E043D04420430043B044C043D0430044F\X0\ 
\X2\0434043E0441043A0430\X0\(Mirror)(Mirror)',
'\X2\0431043E043A043E04320430044F\X0\ \X2\0433043E044004380437043E043D04420430043B044C043D0430044F\X0\ 
\X2\0434043E0441043A0430\X0\(Mirror)(Mirror)',#11474,#11376);
#11423=PRODUCT_DEFINITION(
'\X2\0411043E043A043E04320430044F\X0\ \X2\0432043504420440043804420438043A0430043B044C043D0430044F\X0\ 
\X2\0434043E0441043A0430\X0\(Mirror)(Mirror)',
'\X2\0411043E043A043E04320430044F\X0\ \X2\0432043504420440043804420438043A0430043B044C043D0430044F\X0\ 
\X2\0434043E0441043A0430\X0\(Mirror)(Mirror)',#11475,#11376);
#11424=PRODUCT_DEFINITION(
'\X2\0422043E04400446043504320430044F\X0\ \X2\043E0431044004350448043E0442043A0430\X0\(
Mirror) (1)','\X2\0422043E04400446043504320430044F\X0\ \X2\043E0431044004350448043E0442043A0430\X0\(
Mirror) (1)',#11476,#11376);
#11425=PRODUCT_DEFINITION('\X2\0414043E0441043A0430\X0\ 25\X2\0445\X0\1
00\X2\0445\X0\2300(Mirror) (2)','\X2\0414043E0441043A0430\X0\ 25\X2\0445\X0\1
00\X2\0445\X0\2300(Mirror) (2)',#11477,#11376);
#11426=PRODUCT_DEFINITION(
'\X2\0414043E0441043A0430\X0\ 25\X2\0445\X0\100\X2\0445\X0\2300(Mirror
)(Mirror) (1)','\X2\0414043E0441043A0430\X0\ 25\X2\0445\X0\100\X2\0445\X0\2
300(Mirror)(Mirror) (1)',#11478,#11376);
#11427=PRODUCT_DEFINITION(
'\X2\0414043E0441043A0430\X0\ \X2\04320435044004420438043A0430043B044C043D0430044F\X0\ 
40\X2\0445\X0\100\X2\0445\X0\2090(Mirror) (1)',
'\X2\0414043E0441043A0430\X0\ \X2\04320435044004420438043A0430043B044C043D0430044F\X0\ 
40\X2\0445\X0\100\X2\0445\X0\2090(Mirror) (1)',#11479,#11376);
#11428=PRODUCT_DEFINITION(
'\X2\0414043E0441043A0430\X0\ \X2\04320435044004420438043A0430043B044C043D0430044F\X0\ 
40\X2\0445\X0\100\X2\0445\X0\2090(Mirror)(Mirror)',
'\X2\0414043E0441043A0430\X0\ \X2\04320435044004420438043A0430043B044C043D0430044F\X0\ 
40\X2\0445\X0\100\X2\0445\X0\2090(Mirror)(Mirror)',#11480,#11376);
#11429=PRODUCT_DEFINITION_FORMATION('',$,#11536);
#11430=PRODUCT_DEFINITION_FORMATION('',$,#11537);
#11431=PRODUCT_DEFINITION_FORMATION('',$,#11538);
#11432=PRODUCT_DEFINITION_FORMATION('',$,#11539);
#11433=PRODUCT_DEFINITION_FORMATION('',$,#11540);
#11434=PRODUCT_DEFINITION_FORMATION('',$,#11541);
#11435=PRODUCT_DEFINITION_FORMATION('',$,#11542);
#11436=PRODUCT_DEFINITION_FORMATION('',$,#11543);
#11437=PRODUCT_DEFINITION_FORMATION('',$,#11544);
#11438=PRODUCT_DEFINITION_FORMATION('',$,#11545);
#11439=PRODUCT_DEFINITION_FORMATION('',$,#11546);
#11440=PRODUCT_DEFINITION_FORMATION('',$,#11547);
#11441=PRODUCT_DEFINITION_FORMATION('',$,#11548);
#11442=PRODUCT_DEFINITION_FORMATION('',$,#11549);
#11443=PRODUCT_DEFINITION_FORMATION('',$,#11550);
#11444=PRODUCT_DEFINITION_FORMATION('',$,#11551);
#11445=PRODUCT_DEFINITION_FORMATION('',$,#11552);
#11446=PRODUCT_DEFINITION_FORMATION('',$,#11553);
#11447=PRODUCT_DEFINITION_FORMATION('',$,#11554);
#11448=PRODUCT_DEFINITION_FORMATION('',$,#11555);
#11449=PRODUCT_DEFINITION_FORMATION('',$,#11556);
#11450=PRODUCT_DEFINITION_FORMATION('',$,#11557);
#11451=PRODUCT_DEFINITION_FORMATION('',$,#11558);
#11452=PRODUCT_DEFINITION_FORMATION('',$,#11559);
#11453=PRODUCT_DEFINITION_FORMATION('',$,#11560);
#11454=PRODUCT_DEFINITION_FORMATION('',$,#11561);
#11455=PRODUCT_DEFINITION_FORMATION('',$,#11562);
#11456=PRODUCT_DEFINITION_FORMATION('',$,#11563);
#11457=PRODUCT_DEFINITION_FORMATION('',$,#11564);
#11458=PRODUCT_DEFINITION_FORMATION('',$,#11565);
#11459=PRODUCT_DEFINITION_FORMATION('',$,#11566);
#11460=PRODUCT_DEFINITION_FORMATION('',$,#11567);
#11461=PRODUCT_DEFINITION_FORMATION('',$,#11568);
#11462=PRODUCT_DEFINITION_FORMATION('',$,#11569);
#11463=PRODUCT_DEFINITION_FORMATION('',$,#11570);
#11464=PRODUCT_DEFINITION_FORMATION('',$,#11571);
#11465=PRODUCT_DEFINITION_FORMATION('',$,#11572);
#11466=PRODUCT_DEFINITION_FORMATION('',$,#11573);
#11467=PRODUCT_DEFINITION_FORMATION('',$,#11574);
#11468=PRODUCT_DEFINITION_FORMATION('',$,#11575);
#11469=PRODUCT_DEFINITION_FORMATION('',$,#11576);
#11470=PRODUCT_DEFINITION_FORMATION('',$,#11577);
#11471=PRODUCT_DEFINITION_FORMATION('',$,#11578);
#11472=PRODUCT_DEFINITION_FORMATION('',$,#11579);
#11473=PRODUCT_DEFINITION_FORMATION('',$,#11580);
#11474=PRODUCT_DEFINITION_FORMATION('',$,#11581);
#11475=PRODUCT_DEFINITION_FORMATION('',$,#11582);
#11476=PRODUCT_DEFINITION_FORMATION('',$,#11583);
#11477=PRODUCT_DEFINITION_FORMATION('',$,#11584);
#11478=PRODUCT_DEFINITION_FORMATION('',$,#11585);
#11479=PRODUCT_DEFINITION_FORMATION('',$,#11586);
#11480=PRODUCT_DEFINITION_FORMATION('',$,#11587);
#11481=PRODUCT_RELATED_PRODUCT_CATEGORY('CABIN v4','CABIN v4',(#11536));
#11482=PRODUCT_RELATED_PRODUCT_CATEGORY('\X2\041A04300440043A04300441\X0\',
'\X2\041A04300440043A04300441\X0\',(#11537));
#11483=PRODUCT_RELATED_PRODUCT_CATEGORY(
'\X2\04230433043E043B043E043A\X0\ 20\X2\0445\X0\90\X2\0445\X0\90\X2\0445\X0\2
0\X2\0445\X0\3','\X2\04230433043E043B043E043A\X0\ 20\X2\0445\X0\90\X2\0445\X0\9
0\X2\0445\X0\20\X2\0445\X0\3',(#11538));
#11484=PRODUCT_RELATED_PRODUCT_CATEGORY('\X2\042804320435043B043B04350440\X0\ 
2400','\X2\042804320435043B043B04350440\X0\ 2400',(#11539));
#11485=PRODUCT_RELATED_PRODUCT_CATEGORY('\X2\042804320435043B043B04350440\X0\ 
6000','\X2\042804320435043B043B04350440\X0\ 6000',(#11540));
#11486=PRODUCT_RELATED_PRODUCT_CATEGORY('\X2\042804320435043B043B04350440\X0\ 
6000(Mirror)','\X2\042804320435043B043B04350440\X0\ 6000(Mirror)',(#11541));
#11487=PRODUCT_RELATED_PRODUCT_CATEGORY('\X2\042804320435043B043B04350440\X0\ 
2400(Mirror)','\X2\042804320435043B043B04350440\X0\ 2400(Mirror)',(#11542));
#11488=PRODUCT_RELATED_PRODUCT_CATEGORY(
'\X2\04230433043E043B043E043A\X0\ 20\X2\0445\X0\90\X2\0445\X0\90\X2\0445\X0\2
0\X2\0445\X0\3(Mirror)','\X2\04230433043E043B043E043A\X0\ 20\X2\0445\X0\9
0\X2\0445\X0\90\X2\0445\X0\20\X2\0445\X0\3(Mirror)',(#11543));
#11489=PRODUCT_RELATED_PRODUCT_CATEGORY(
'\X2\04230433043E043B043E043A\X0\ 20\X2\0445\X0\90\X2\0445\X0\90\X2\0445\X0\2
0\X2\0445\X0\3(Mirror) (1)',
'\X2\04230433043E043B043E043A\X0\ 20\X2\0445\X0\90\X2\0445\X0\90\X2\0445\X0\2
0\X2\0445\X0\3(Mirror) (1)',(#11544));
#11490=PRODUCT_RELATED_PRODUCT_CATEGORY(
'\X2\04230433043E043B043E043A\X0\ 20\X2\0445\X0\90\X2\0445\X0\90\X2\0445\X0\2
0\X2\0445\X0\3(Mirror)(Mirror)',
'\X2\04230433043E043B043E043A\X0\ 20\X2\0445\X0\90\X2\0445\X0\90\X2\0445\X0\2
0\X2\0445\X0\3(Mirror)(Mirror)',(#11545));
#11491=PRODUCT_RELATED_PRODUCT_CATEGORY('\X2\041E043104400435044804350442043A0430\X0\ 
\X2\0434043D0430\X0\','\X2\041E043104400435044804350442043A0430\X0\ \X2\0434043D0430\X0\',
(#11546));
#11492=PRODUCT_RELATED_PRODUCT_CATEGORY('\X2\0414043E0441043A0430\X0\ 
50\X2\0445\X0\100\X2\0445\X0\2390','\X2\0414043E0441043A0430\X0\ 50\X2\0445\X0\1
00\X2\0445\X0\2390',(#11547));
#11493=PRODUCT_RELATED_PRODUCT_CATEGORY(
'\X2\0414043E0441043A0430\X0\ 50\X2\0445\X0\100\X2\0445\X0\2390(Mirror
) (2)','\X2\0414043E0441043A0430\X0\ 50\X2\0445\X0\100\X2\0445\X0\2390
(Mirror) (2)',(#11548));
#11494=PRODUCT_RELATED_PRODUCT_CATEGORY('\X2\042704350440043D044B0439\X0\ 
\X2\043F043E043B\X0\','\X2\042704350440043D044B0439\X0\ \X2\043F043E043B\X0\',
(#11549));
#11495=PRODUCT_RELATED_PRODUCT_CATEGORY(
'\X2\0414043E0441043A0430\X0\ 25\X2\0445\X0\100\X2\0445\X0\5930(Mirror
) (2)','\X2\0414043E0441043A0430\X0\ 25\X2\0445\X0\100\X2\0445\X0\5930
(Mirror) (2)',(#11550));
#11496=PRODUCT_RELATED_PRODUCT_CATEGORY('\X2\0414043E0441043A0430\X0\ 
25\X2\0445\X0\100\X2\0445\X0\5930','\X2\0414043E0441043A0430\X0\ 25\X2\0445\X0\1
00\X2\0445\X0\5930',(#11551));
#11497=PRODUCT_RELATED_PRODUCT_CATEGORY(
'\X2\0414043E0441043A0430\X0\ 25\X2\0445\X0\100\X2\0445\X0\5930(Mirror
) (3)','\X2\0414043E0441043A0430\X0\ 25\X2\0445\X0\100\X2\0445\X0\5930
(Mirror) (3)',(#11552));
#11498=PRODUCT_RELATED_PRODUCT_CATEGORY(
'\X2\0414043E0441043A0430\X0\ 25\X2\0445\X0\100\X2\0445\X0\5930(Mirror
) (4)','\X2\0414043E0441043A0430\X0\ 25\X2\0445\X0\100\X2\0445\X0\5930
(Mirror) (4)',(#11553));
#11499=PRODUCT_RELATED_PRODUCT_CATEGORY(
'\X2\0414043E0441043A0430\X0\ 25\X2\0445\X0\100\X2\0445\X0\5930(Mirror
) (3)(Mirror)','\X2\0414043E0441043A0430\X0\ 25\X2\0445\X0\100\X2\0445\X0\5
930(Mirror) (3)(Mirror)',(#11554));
#11500=PRODUCT_RELATED_PRODUCT_CATEGORY('\X2\042704350440043D044B0439\X0\ 
\X2\043F043E0442043E043B043E043A\X0\','\X2\042704350440043D044B0439\X0\ 
\X2\043F043E0442043E043B043E043A\X0\',(#11555));
#11501=PRODUCT_RELATED_PRODUCT_CATEGORY(
'\X2\0414043E0441043A0430\X0\ 25\X2\0445\X0\100\X2\0445\X0\5930(Mirror
) (1)','\X2\0414043E0441043A0430\X0\ 25\X2\0445\X0\100\X2\0445\X0\5930
(Mirror) (1)',(#11556));
#11502=PRODUCT_RELATED_PRODUCT_CATEGORY(
'\X2\0414043E0441043A0430\X0\ 25\X2\0445\X0\100\X2\0445\X0\5930(Mirror
) (1)(Mirror)','\X2\0414043E0441043A0430\X0\ 25\X2\0445\X0\100\X2\0445\X0\5
930(Mirror) (1)(Mirror)',(#11557));
#11503=PRODUCT_RELATED_PRODUCT_CATEGORY(
'\X2\041E043104400435044804350442043A0430\X0\ \X2\043F043E0442043E043B043E043A\X0\',
'\X2\041E043104400435044804350442043A0430\X0\ \X2\043F043E0442043E043B043E043A\X0\',
(#11558));
#11504=PRODUCT_RELATED_PRODUCT_CATEGORY(
'\X2\0414043E0441043A0430\X0\ 50\X2\0445\X0\100\X2\0445\X0\2390(Mirror
) (3)','\X2\0414043E0441043A0430\X0\ 50\X2\0445\X0\100\X2\0445\X0\2390
(Mirror) (3)',(#11559));
#11505=PRODUCT_RELATED_PRODUCT_CATEGORY(
'\X2\0414043E0441043A0430\X0\ 50\X2\0445\X0\100\X2\0445\X0\2390(Mirror
) (2)(Mirror)','\X2\0414043E0441043A0430\X0\ 50\X2\0445\X0\100\X2\0445\X0\2
390(Mirror) (2)(Mirror)',(#11560));
#11506=PRODUCT_RELATED_PRODUCT_CATEGORY(
'\X2\0422043E04400446043504320430044F\X0\ \X2\043E0431044004350448043E0442043A0430\X0\',
'\X2\0422043E04400446043504320430044F\X0\ \X2\043E0431044004350448043E0442043A0430\X0\',
(#11561));
#11507=PRODUCT_RELATED_PRODUCT_CATEGORY('\X2\0414043E0441043A0430\X0\ 
25\X2\0445\X0\100\X2\0445\X0\2300','\X2\0414043E0441043A0430\X0\ 25\X2\0445\X0\1
00\X2\0445\X0\2300',(#11562));
#11508=PRODUCT_RELATED_PRODUCT_CATEGORY(
'\X2\0414043E0441043A0430\X0\ \X2\04320435044004420438043A0430043B044C043D0430044F\X0\ 
40\X2\0445\X0\100\X2\0445\X0\2090',
'\X2\0414043E0441043A0430\X0\ \X2\04320435044004420438043A0430043B044C043D0430044F\X0\ 
40\X2\0445\X0\100\X2\0445\X0\2090',(#11563));
#11509=PRODUCT_RELATED_PRODUCT_CATEGORY(
'\X2\0414043E0441043A0430\X0\ 25\X2\0445\X0\100\X2\0445\X0\2300(Mirror
)','\X2\0414043E0441043A0430\X0\ 25\X2\0445\X0\100\X2\0445\X0\2300(Mir
ror)',(#11564));
#11510=PRODUCT_RELATED_PRODUCT_CATEGORY(
'\X2\0414043E0441043A0430\X0\ \X2\04320435044004420438043A0430043B044C043D0430044F\X0\ 
40\X2\0445\X0\100\X2\0445\X0\2090(Mirror)',
'\X2\0414043E0441043A0430\X0\ \X2\04320435044004420438043A0430043B044C043D0430044F\X0\ 
40\X2\0445\X0\100\X2\0445\X0\2090(Mirror)',(#11565));
#11511=PRODUCT_RELATED_PRODUCT_CATEGORY(
'\X2\0411043E043A043E04320430044F\X0\ \X2\043E0431044004350448043E0442043A0430\X0\',
'\X2\0411043E043A043E04320430044F\X0\ \X2\043E0431044004350448043E0442043A0430\X0\',
(#11566));
#11512=PRODUCT_RELATED_PRODUCT_CATEGORY(
'\X2\0411043E043A043E04320430044F\X0\ \X2\0432043504420440043804420438043A0430043B044C043D0430044F\X0\ 
\X2\0434043E0441043A0430\X0\',
'\X2\0411043E043A043E04320430044F\X0\ \X2\0432043504420440043804420438043A0430043B044C043D0430044F\X0\ 
\X2\0434043E0441043A0430\X0\',(#11567));
#11513=PRODUCT_RELATED_PRODUCT_CATEGORY(
'\X2\0431043E043A043E04320430044F\X0\ \X2\0433043E044004380437043E043D04420430043B044C043D0430044F\X0\ 
\X2\0434043E0441043A0430\X0\',
'\X2\0431043E043A043E04320430044F\X0\ \X2\0433043E044004380437043E043D04420430043B044C043D0430044F\X0\ 
\X2\0434043E0441043A0430\X0\',(#11568));
#11514=PRODUCT_RELATED_PRODUCT_CATEGORY(
'\X2\0431043E043A043E04320430044F\X0\ \X2\0433043E044004380437043E043D04420430043B044C043D0430044F\X0\ 
\X2\0434043E0441043A0430\X0\(Mirror)',
'\X2\0431043E043A043E04320430044F\X0\ \X2\0433043E044004380437043E043D04420430043B044C043D0430044F\X0\ 
\X2\0434043E0441043A0430\X0\(Mirror)',(#11569));
#11515=PRODUCT_RELATED_PRODUCT_CATEGORY(
'\X2\0411043E043A043E04320430044F\X0\ \X2\0432043504420440043804420438043A0430043B044C043D0430044F\X0\ 
\X2\0434043E0441043A0430\X0\(Mirror)',
'\X2\0411043E043A043E04320430044F\X0\ \X2\0432043504420440043804420438043A0430043B044C043D0430044F\X0\ 
\X2\0434043E0441043A0430\X0\(Mirror)',(#11570));
#11516=PRODUCT_RELATED_PRODUCT_CATEGORY('\X2\0417043E043D044B\X0\ \X2\043C043004420435044004380430043B043E0432\X0\',
'\X2\0417043E043D044B\X0\ \X2\043C043004420435044004380430043B043E0432\X0\',
(#11571));
#11517=PRODUCT_RELATED_PRODUCT_CATEGORY('\X2\0417043E043D0430\X0\ \X2\043F043E043B0430\X0\',
'\X2\0417043E043D0430\X0\ \X2\043F043E043B0430\X0\',(#11572));
#11518=PRODUCT_RELATED_PRODUCT_CATEGORY(
'\X2\0417043E043D0430\X0\ \X2\0431043E043A043E0432043E0439\X0\ \X2\044104420435043D044B\X0\ 
1','\X2\0417043E043D0430\X0\ \X2\0431043E043A043E0432043E0439\X0\ \X2\044104420435043D044B\X0\ 
1',(#11573));
#11519=PRODUCT_RELATED_PRODUCT_CATEGORY(
'\X2\0417043E043D0430\X0\ \X2\0442043E0440044604350432043E0439\X0\ \X2\044104420435043D044B\X0\ 
1','\X2\0417043E043D0430\X0\ \X2\0442043E0440044604350432043E0439\X0\ 
\X2\044104420435043D044B\X0\ 1',(#11574));
#11520=PRODUCT_RELATED_PRODUCT_CATEGORY('\X2\0417043E043D0430\X0\ \X2\043F043E0442043E043B043A0430\X0\',
'\X2\0417043E043D0430\X0\ \X2\043F043E0442043E043B043A0430\X0\',(#11575));
#11521=PRODUCT_RELATED_PRODUCT_CATEGORY(
'\X2\0417043E043D0430\X0\ \X2\0431043E043A043E0432043E0439\X0\ \X2\044104420435043D044B\X0\ 
2','\X2\0417043E043D0430\X0\ \X2\0431043E043A043E0432043E0439\X0\ \X2\044104420435043D044B\X0\ 
2',(#11576));
#11522=PRODUCT_RELATED_PRODUCT_CATEGORY(
'\X2\0417043E043D0430\X0\ \X2\0442043E0440044604350432043E0439\X0\ \X2\044104420435043D044B\X0\ 
2','\X2\0417043E043D0430\X0\ \X2\0442043E0440044604350432043E0439\X0\ 
\X2\044104420435043D044B\X0\ 2',(#11577));
#11523=PRODUCT_RELATED_PRODUCT_CATEGORY(
'\X2\0411043E043A043E04320430044F\X0\ \X2\043E0431044004350448043E0442043A0430\X0\(
Mirror)','\X2\0411043E043A043E04320430044F\X0\ \X2\043E0431044004350448043E0442043A0430\X0\(
Mirror)',(#11578));
#11524=PRODUCT_RELATED_PRODUCT_CATEGORY(
'\X2\0411043E043A043E04320430044F\X0\ \X2\0432043504420440043804420438043A0430043B044C043D0430044F\X0\ 
\X2\0434043E0441043A0430\X0\(Mirror) (1)',
'\X2\0411043E043A043E04320430044F\X0\ \X2\0432043504420440043804420438043A0430043B044C043D0430044F\X0\ 
\X2\0434043E0441043A0430\X0\(Mirror) (1)',(#11579));
#11525=PRODUCT_RELATED_PRODUCT_CATEGORY(
'\X2\0431043E043A043E04320430044F\X0\ \X2\0433043E044004380437043E043D04420430043B044C043D0430044F\X0\ 
\X2\0434043E0441043A0430\X0\(Mirror) (1)',
'\X2\0431043E043A043E04320430044F\X0\ \X2\0433043E044004380437043E043D04420430043B044C043D0430044F\X0\ 
\X2\0434043E0441043A0430\X0\(Mirror) (1)',(#11580));
#11526=PRODUCT_RELATED_PRODUCT_CATEGORY(
'\X2\0431043E043A043E04320430044F\X0\ \X2\0433043E044004380437043E043D04420430043B044C043D0430044F\X0\ 
\X2\0434043E0441043A0430\X0\(Mirror)(Mirror)',
'\X2\0431043E043A043E04320430044F\X0\ \X2\0433043E044004380437043E043D04420430043B044C043D0430044F\X0\ 
\X2\0434043E0441043A0430\X0\(Mirror)(Mirror)',(#11581));
#11527=PRODUCT_RELATED_PRODUCT_CATEGORY(
'\X2\0411043E043A043E04320430044F\X0\ \X2\0432043504420440043804420438043A0430043B044C043D0430044F\X0\ 
\X2\0434043E0441043A0430\X0\(Mirror)(Mirror)',
'\X2\0411043E043A043E04320430044F\X0\ \X2\0432043504420440043804420438043A0430043B044C043D0430044F\X0\ 
\X2\0434043E0441043A0430\X0\(Mirror)(Mirror)',(#11582));
#11528=PRODUCT_RELATED_PRODUCT_CATEGORY(
'\X2\0422043E04400446043504320430044F\X0\ \X2\043E0431044004350448043E0442043A0430\X0\(
Mirror) (1)','\X2\0422043E04400446043504320430044F\X0\ \X2\043E0431044004350448043E0442043A0430\X0\(
Mirror) (1)',(#11583));
#11529=PRODUCT_RELATED_PRODUCT_CATEGORY(
'\X2\0414043E0441043A0430\X0\ 25\X2\0445\X0\100\X2\0445\X0\2300(Mirror
) (2)','\X2\0414043E0441043A0430\X0\ 25\X2\0445\X0\100\X2\0445\X0\2300
(Mirror) (2)',(#11584));
#11530=PRODUCT_RELATED_PRODUCT_CATEGORY(
'\X2\0414043E0441043A0430\X0\ 25\X2\0445\X0\100\X2\0445\X0\2300(Mirror
)(Mirror) (1)','\X2\0414043E0441043A0430\X0\ 25\X2\0445\X0\100\X2\0445\X0\2
300(Mirror)(Mirror) (1)',(#11585));
#11531=PRODUCT_RELATED_PRODUCT_CATEGORY(
'\X2\0414043E0441043A0430\X0\ \X2\04320435044004420438043A0430043B044C043D0430044F\X0\ 
40\X2\0445\X0\100\X2\0445\X0\2090(Mirror) (1)',
'\X2\0414043E0441043A0430\X0\ \X2\04320435044004420438043A0430043B044C043D0430044F\X0\ 
40\X2\0445\X0\100\X2\0445\X0\2090(Mirror) (1)',(#11586));
#11532=PRODUCT_RELATED_PRODUCT_CATEGORY(
'\X2\0414043E0441043A0430\X0\ \X2\04320435044004420438043A0430043B044C043D0430044F\X0\ 
40\X2\0445\X0\100\X2\0445\X0\2090(Mirror)(Mirror)',
'\X2\0414043E0441043A0430\X0\ \X2\04320435044004420438043A0430043B044C043D0430044F\X0\ 
40\X2\0445\X0\100\X2\0445\X0\2090(Mirror)(Mirror)',(#11587));
#11533=APPLICATION_PROTOCOL_DEFINITION('international standard',
'automotive_design',2009,#11534);
#11534=APPLICATION_CONTEXT(
'Core Data for Automotive Mechanical Design Process');
#11535=PRODUCT_CONTEXT('part definition',#11534,'mechanical');
#11536=PRODUCT('CABIN','CABIN v4',$,(#11535));
#11537=PRODUCT('\X2\041A04300440043A04300441\X0\','\X2\041A04300440043A04300441\X0\',
$,(#11535));
#11538=PRODUCT('\X2\04230433043E043B043E043A\X0\ 20\X2\0445\X0\90\X2\0445\X0\9
0\X2\0445\X0\20\X2\0445\X0\3','\X2\04230433043E043B043E043A\X0\ 20\X2\0445\X0\9
0\X2\0445\X0\90\X2\0445\X0\20\X2\0445\X0\3',$,(#11535));
#11539=PRODUCT('\X2\042804320435043B043B04350440\X0\ 2400',
'\X2\042804320435043B043B04350440\X0\ 2400',$,(#11535));
#11540=PRODUCT('\X2\042804320435043B043B04350440\X0\ 6000',
'\X2\042804320435043B043B04350440\X0\ 6000',$,(#11535));
#11541=PRODUCT('\X2\042804320435043B043B04350440\X0\ 6000(Mirror)',
'\X2\042804320435043B043B04350440\X0\ 6000(Mirror)',$,(#11535));
#11542=PRODUCT('\X2\042804320435043B043B04350440\X0\ 2400(Mirror)',
'\X2\042804320435043B043B04350440\X0\ 2400(Mirror)',$,(#11535));
#11543=PRODUCT('\X2\04230433043E043B043E043A\X0\ 20\X2\0445\X0\90\X2\0445\X0\9
0\X2\0445\X0\20\X2\0445\X0\3(Mirror)',
'\X2\04230433043E043B043E043A\X0\ 20\X2\0445\X0\90\X2\0445\X0\90\X2\0445\X0\2
0\X2\0445\X0\3(Mirror)',$,(#11535));
#11544=PRODUCT('\X2\04230433043E043B043E043A\X0\ 20\X2\0445\X0\90\X2\0445\X0\9
0\X2\0445\X0\20\X2\0445\X0\3(Mirror) (1)',
'\X2\04230433043E043B043E043A\X0\ 20\X2\0445\X0\90\X2\0445\X0\90\X2\0445\X0\2
0\X2\0445\X0\3(Mirror) (1)',$,(#11535));
#11545=PRODUCT('\X2\04230433043E043B043E043A\X0\ 20\X2\0445\X0\90\X2\0445\X0\9
0\X2\0445\X0\20\X2\0445\X0\3(Mirror)(Mirror)',
'\X2\04230433043E043B043E043A\X0\ 20\X2\0445\X0\90\X2\0445\X0\90\X2\0445\X0\2
0\X2\0445\X0\3(Mirror)(Mirror)',$,(#11535));
#11546=PRODUCT('\X2\041E043104400435044804350442043A0430\X0\ \X2\0434043D0430\X0\',
'\X2\041E043104400435044804350442043A0430\X0\ \X2\0434043D0430\X0\',$,(#11535));
#11547=PRODUCT('\X2\0414043E0441043A0430\X0\ 50\X2\0445\X0\100\X2\0445\X0\2
390','\X2\0414043E0441043A0430\X0\ 50\X2\0445\X0\100\X2\0445\X0\2390',$,
(#11535));
#11548=PRODUCT('\X2\0414043E0441043A0430\X0\ 50\X2\0445\X0\100\X2\0445\X0\2
390(Mirror) (2)','\X2\0414043E0441043A0430\X0\ 50\X2\0445\X0\100\X2\0445\X0\2
390(Mirror) (2)',$,(#11535));
#11549=PRODUCT('\X2\042704350440043D044B0439\X0\ \X2\043F043E043B\X0\',
'\X2\042704350440043D044B0439\X0\ \X2\043F043E043B\X0\',$,(#11535));
#11550=PRODUCT('\X2\0414043E0441043A0430\X0\ 25\X2\0445\X0\100\X2\0445\X0\5
930(Mirror) (2)','\X2\0414043E0441043A0430\X0\ 25\X2\0445\X0\100\X2\0445\X0\5
930(Mirror) (2)',$,(#11535));
#11551=PRODUCT('\X2\0414043E0441043A0430\X0\ 25\X2\0445\X0\100\X2\0445\X0\5
930','\X2\0414043E0441043A0430\X0\ 25\X2\0445\X0\100\X2\0445\X0\5930',$,
(#11535));
#11552=PRODUCT('\X2\0414043E0441043A0430\X0\ 25\X2\0445\X0\100\X2\0445\X0\5
930(Mirror) (3)','\X2\0414043E0441043A0430\X0\ 25\X2\0445\X0\100\X2\0445\X0\5
930(Mirror) (3)',$,(#11535));
#11553=PRODUCT('\X2\0414043E0441043A0430\X0\ 25\X2\0445\X0\100\X2\0445\X0\5
930(Mirror) (4)','\X2\0414043E0441043A0430\X0\ 25\X2\0445\X0\100\X2\0445\X0\5
930(Mirror) (4)',$,(#11535));
#11554=PRODUCT('\X2\0414043E0441043A0430\X0\ 25\X2\0445\X0\100\X2\0445\X0\5
930(Mirror) (3)(Mirror)','\X2\0414043E0441043A0430\X0\ 25\X2\0445\X0\1
00\X2\0445\X0\5930(Mirror) (3)(Mirror)',$,(#11535));
#11555=PRODUCT('\X2\042704350440043D044B0439\X0\ \X2\043F043E0442043E043B043E043A\X0\',
'\X2\042704350440043D044B0439\X0\ \X2\043F043E0442043E043B043E043A\X0\',
$,(#11535));
#11556=PRODUCT('\X2\0414043E0441043A0430\X0\ 25\X2\0445\X0\100\X2\0445\X0\5
930(Mirror) (1)','\X2\0414043E0441043A0430\X0\ 25\X2\0445\X0\100\X2\0445\X0\5
930(Mirror) (1)',$,(#11535));
#11557=PRODUCT('\X2\0414043E0441043A0430\X0\ 25\X2\0445\X0\100\X2\0445\X0\5
930(Mirror) (1)(Mirror)','\X2\0414043E0441043A0430\X0\ 25\X2\0445\X0\1
00\X2\0445\X0\5930(Mirror) (1)(Mirror)',$,(#11535));
#11558=PRODUCT('\X2\041E043104400435044804350442043A0430\X0\ \X2\043F043E0442043E043B043E043A\X0\',
'\X2\041E043104400435044804350442043A0430\X0\ \X2\043F043E0442043E043B043E043A\X0\',
$,(#11535));
#11559=PRODUCT('\X2\0414043E0441043A0430\X0\ 50\X2\0445\X0\100\X2\0445\X0\2
390(Mirror) (3)','\X2\0414043E0441043A0430\X0\ 50\X2\0445\X0\100\X2\0445\X0\2
390(Mirror) (3)',$,(#11535));
#11560=PRODUCT('\X2\0414043E0441043A0430\X0\ 50\X2\0445\X0\100\X2\0445\X0\2
390(Mirror) (2)(Mirror)','\X2\0414043E0441043A0430\X0\ 50\X2\0445\X0\1
00\X2\0445\X0\2390(Mirror) (2)(Mirror)',$,(#11535));
#11561=PRODUCT('\X2\0422043E04400446043504320430044F\X0\ \X2\043E0431044004350448043E0442043A0430\X0\',
'\X2\0422043E04400446043504320430044F\X0\ \X2\043E0431044004350448043E0442043A0430\X0\',
$,(#11535));
#11562=PRODUCT('\X2\0414043E0441043A0430\X0\ 25\X2\0445\X0\100\X2\0445\X0\2
300','\X2\0414043E0441043A0430\X0\ 25\X2\0445\X0\100\X2\0445\X0\2300',$,
(#11535));
#11563=PRODUCT('\X2\0414043E0441043A0430\X0\ \X2\04320435044004420438043A0430043B044C043D0430044F\X0\ 
40\X2\0445\X0\100\X2\0445\X0\2090',
'\X2\0414043E0441043A0430\X0\ \X2\04320435044004420438043A0430043B044C043D0430044F\X0\ 
40\X2\0445\X0\100\X2\0445\X0\2090',$,(#11535));
#11564=PRODUCT('\X2\0414043E0441043A0430\X0\ 25\X2\0445\X0\100\X2\0445\X0\2
300(Mirror)','\X2\0414043E0441043A0430\X0\ 25\X2\0445\X0\100\X2\0445\X0\2
300(Mirror)',$,(#11535));
#11565=PRODUCT(
'\X2\0414043E0441043A0430\X0\ \X2\04320435044004420438043A0430043B044C043D0430044F\X0\ 
40\X2\0445\X0\100\X2\0445\X0\2090(Mirror)',
'\X2\0414043E0441043A0430\X0\ \X2\04320435044004420438043A0430043B044C043D0430044F\X0\ 
40\X2\0445\X0\100\X2\0445\X0\2090(Mirror)',$,(#11535));
#11566=PRODUCT('\X2\0411043E043A043E04320430044F\X0\ \X2\043E0431044004350448043E0442043A0430\X0\',
'\X2\0411043E043A043E04320430044F\X0\ \X2\043E0431044004350448043E0442043A0430\X0\',
$,(#11535));
#11567=PRODUCT('\X2\0411043E043A043E04320430044F\X0\ \X2\0432043504420440043804420438043A0430043B044C043D0430044F\X0\ 
\X2\0434043E0441043A0430\X0\',
'\X2\0411043E043A043E04320430044F\X0\ \X2\0432043504420440043804420438043A0430043B044C043D0430044F\X0\ 
\X2\0434043E0441043A0430\X0\',$,(#11535));
#11568=PRODUCT('\X2\0431043E043A043E04320430044F\X0\ \X2\0433043E044004380437043E043D04420430043B044C043D0430044F\X0\ 
\X2\0434043E0441043A0430\X0\',
'\X2\0431043E043A043E04320430044F\X0\ \X2\0433043E044004380437043E043D04420430043B044C043D0430044F\X0\ 
\X2\0434043E0441043A0430\X0\',$,(#11535));
#11569=PRODUCT(
'\X2\0431043E043A043E04320430044F\X0\ \X2\0433043E044004380437043E043D04420430043B044C043D0430044F\X0\ 
\X2\0434043E0441043A0430\X0\(Mirror)',
'\X2\0431043E043A043E04320430044F\X0\ \X2\0433043E044004380437043E043D04420430043B044C043D0430044F\X0\ 
\X2\0434043E0441043A0430\X0\(Mirror)',$,(#11535));
#11570=PRODUCT(
'\X2\0411043E043A043E04320430044F\X0\ \X2\0432043504420440043804420438043A0430043B044C043D0430044F\X0\ 
\X2\0434043E0441043A0430\X0\(Mirror)',
'\X2\0411043E043A043E04320430044F\X0\ \X2\0432043504420440043804420438043A0430043B044C043D0430044F\X0\ 
\X2\0434043E0441043A0430\X0\(Mirror)',$,(#11535));
#11571=PRODUCT('\X2\0417043E043D044B\X0\ \X2\043C043004420435044004380430043B043E0432\X0\',
'\X2\0417043E043D044B\X0\ \X2\043C043004420435044004380430043B043E0432\X0\',
$,(#11535));
#11572=PRODUCT('\X2\0417043E043D0430\X0\ \X2\043F043E043B0430\X0\',
'\X2\0417043E043D0430\X0\ \X2\043F043E043B0430\X0\',$,(#11535));
#11573=PRODUCT('\X2\0417043E043D0430\X0\ \X2\0431043E043A043E0432043E0439\X0\ 
\X2\044104420435043D044B\X0\ 1','\X2\0417043E043D0430\X0\ \X2\0431043E043A043E0432043E0439\X0\ 
\X2\044104420435043D044B\X0\ 1',$,(#11535));
#11574=PRODUCT('\X2\0417043E043D0430\X0\ \X2\0442043E0440044604350432043E0439\X0\ 
\X2\044104420435043D044B\X0\ 1',
'\X2\0417043E043D0430\X0\ \X2\0442043E0440044604350432043E0439\X0\ \X2\044104420435043D044B\X0\ 
1',$,(#11535));
#11575=PRODUCT('\X2\0417043E043D0430\X0\ \X2\043F043E0442043E043B043A0430\X0\',
'\X2\0417043E043D0430\X0\ \X2\043F043E0442043E043B043A0430\X0\',$,(#11535));
#11576=PRODUCT('\X2\0417043E043D0430\X0\ \X2\0431043E043A043E0432043E0439\X0\ 
\X2\044104420435043D044B\X0\ 2','\X2\0417043E043D0430\X0\ \X2\0431043E043A043E0432043E0439\X0\ 
\X2\044104420435043D044B\X0\ 2',$,(#11535));
#11577=PRODUCT('\X2\0417043E043D0430\X0\ \X2\0442043E0440044604350432043E0439\X0\ 
\X2\044104420435043D044B\X0\ 2',
'\X2\0417043E043D0430\X0\ \X2\0442043E0440044604350432043E0439\X0\ \X2\044104420435043D044B\X0\ 
2',$,(#11535));
#11578=PRODUCT('\X2\0411043E043A043E04320430044F\X0\ \X2\043E0431044004350448043E0442043A0430\X0\(
Mirror)','\X2\0411043E043A043E04320430044F\X0\ \X2\043E0431044004350448043E0442043A0430\X0\(
Mirror)',$,(#11535));
#11579=PRODUCT(
'\X2\0411043E043A043E04320430044F\X0\ \X2\0432043504420440043804420438043A0430043B044C043D0430044F\X0\ 
\X2\0434043E0441043A0430\X0\(Mirror) (1)',
'\X2\0411043E043A043E04320430044F\X0\ \X2\0432043504420440043804420438043A0430043B044C043D0430044F\X0\ 
\X2\0434043E0441043A0430\X0\(Mirror) (1)',$,(#11535));
#11580=PRODUCT(
'\X2\0431043E043A043E04320430044F\X0\ \X2\0433043E044004380437043E043D04420430043B044C043D0430044F\X0\ 
\X2\0434043E0441043A0430\X0\(Mirror) (1)',
'\X2\0431043E043A043E04320430044F\X0\ \X2\0433043E044004380437043E043D04420430043B044C043D0430044F\X0\ 
\X2\0434043E0441043A0430\X0\(Mirror) (1)',$,(#11535));
#11581=PRODUCT(
'\X2\0431043E043A043E04320430044F\X0\ \X2\0433043E044004380437043E043D04420430043B044C043D0430044F\X0\ 
\X2\0434043E0441043A0430\X0\(Mirror)(Mirror)',
'\X2\0431043E043A043E04320430044F\X0\ \X2\0433043E044004380437043E043D04420430043B044C043D0430044F\X0\ 
\X2\0434043E0441043A0430\X0\(Mirror)(Mirror)',$,(#11535));
#11582=PRODUCT(
'\X2\0411043E043A043E04320430044F\X0\ \X2\0432043504420440043804420438043A0430043B044C043D0430044F\X0\ 
\X2\0434043E0441043A0430\X0\(Mirror)(Mirror)',
'\X2\0411043E043A043E04320430044F\X0\ \X2\0432043504420440043804420438043A0430043B044C043D0430044F\X0\ 
\X2\0434043E0441043A0430\X0\(Mirror)(Mirror)',$,(#11535));
#11583=PRODUCT('\X2\0422043E04400446043504320430044F\X0\ \X2\043E0431044004350448043E0442043A0430\X0\(
Mirror) (1)','\X2\0422043E04400446043504320430044F\X0\ \X2\043E0431044004350448043E0442043A0430\X0\(
Mirror) (1)',$,(#11535));
#11584=PRODUCT('\X2\0414043E0441043A0430\X0\ 25\X2\0445\X0\100\X2\0445\X0\2
300(Mirror) (2)','\X2\0414043E0441043A0430\X0\ 25\X2\0445\X0\100\X2\0445\X0\2
300(Mirror) (2)',$,(#11535));
#11585=PRODUCT('\X2\0414043E0441043A0430\X0\ 25\X2\0445\X0\100\X2\0445\X0\2
300(Mirror)(Mirror) (1)','\X2\0414043E0441043A0430\X0\ 25\X2\0445\X0\1
00\X2\0445\X0\2300(Mirror)(Mirror) (1)',$,(#11535));
#11586=PRODUCT(
'\X2\0414043E0441043A0430\X0\ \X2\04320435044004420438043A0430043B044C043D0430044F\X0\ 
40\X2\0445\X0\100\X2\0445\X0\2090(Mirror) (1)',
'\X2\0414043E0441043A0430\X0\ \X2\04320435044004420438043A0430043B044C043D0430044F\X0\ 
40\X2\0445\X0\100\X2\0445\X0\2090(Mirror) (1)',$,(#11535));
#11587=PRODUCT(
'\X2\0414043E0441043A0430\X0\ \X2\04320435044004420438043A0430043B044C043D0430044F\X0\ 
40\X2\0445\X0\100\X2\0445\X0\2090(Mirror)(Mirror)',
'\X2\0414043E0441043A0430\X0\ \X2\04320435044004420438043A0430043B044C043D0430044F\X0\ 
40\X2\0445\X0\100\X2\0445\X0\2090(Mirror)(Mirror)',$,(#11535));
#11588=PRESENTATION_STYLE_ASSIGNMENT((#11590));
#11589=PRESENTATION_STYLE_ASSIGNMENT((#11591));
#11590=SURFACE_STYLE_USAGE(.BOTH.,#11592);
#11591=SURFACE_STYLE_USAGE(.BOTH.,#11593);
#11592=SURFACE_SIDE_STYLE('',(#11594));
#11593=SURFACE_SIDE_STYLE('',(#11595));
#11594=SURFACE_STYLE_FILL_AREA(#11596);
#11595=SURFACE_STYLE_FILL_AREA(#11597);
#11596=FILL_AREA_STYLE('Steel - Satin',(#11598));
#11597=FILL_AREA_STYLE('Pine',(#11599));
#11598=FILL_AREA_STYLE_COLOUR('Steel - Satin',#11600);
#11599=FILL_AREA_STYLE_COLOUR('Pine',#11601);
#11600=COLOUR_RGB('Steel - Satin',0.,0.333333333333333,1.);
#11601=COLOUR_RGB('Pine',0.,0.,0.);
ENDSEC;
END-ISO-10303-21;
